题目编号,题目链接,所属模块,子模块,题目类型,练习时间,用户答案,正确答案,是否正确,题目来源,题目年份,考试类型,难度,试卷名称,来源分类,题库类型,采集时间
14047193,https://www.fenbi.com/spa/tiku/#/xingce/report/3782892283,资料分析,,单选题,2026-01-16 22:00:25,A,A,正确,模考,,公务员,4,2025上半年省考第四季行测模考大赛（通用卷）,模考,行测,2026-08-08 23:53:16
14047198,https://www.fenbi.com/spa/tiku/#/xingce/report/3782892283,资料分析,,单选题,2026-01-16 22:00:25,B,C,错误,模考,,公务员,7,2025上半年省考第四季行测模考大赛（通用卷）,模考,行测,2026-08-08 23:53:16
14047062,https://www.fenbi.com/spa/tiku/#/xingce/report/3782892283,资料分析,,单选题,2026-01-16 22:00:25,A,A,正确,模考,,公务员,4,2025上半年省考第四季行测模考大赛（通用卷）,模考,行测,2026-08-08 23:53:16
14047069,https://www.fenbi.com/spa/tiku/#/xingce/report/3782892283,资料分析,,单选题,2026-01-16 22:00:25,B,C,错误,模考,,公务员,7,2025上半年省考第四季行测模考大赛（通用卷）,模考,行测,2026-08-08 23:53:16
14047074,https://www.fenbi.com/spa/tiku/#/xingce/report/3782892283,资料分析,,单选题,2026-01-16 22:00:25,C,C,正确,模考,,公务员,4,2025上半年省考第四季行测模考大赛（通用卷）,模考,行测,2026-08-08 23:53:16
14047082,https://www.fenbi.com/spa/tiku/#/xingce/report/3782892283,资料分析,,单选题,2026-01-16 22:00:25,0,0,正确,模考,,公务员,6,2025上半年省考第四季行测模考大赛（通用卷）,模考,行测,2026-08-08 23:53:16
14047086,https://www.fenbi.com/spa/tiku/#/xingce/report/3782892283,资料分析,,单选题,2026-01-16 22:00:25,A,A,正确,模考,,公务员,6,2025上半年省考第四季行测模考大赛（通用卷）,模考,行测,2026-08-08 23:53:16
14047101,https://www.fenbi.com/spa/tiku/#/xingce/report/3782892283,资料分析,,单选题,2026-01-16 22:00:25,B,B,正确,模考,,公务员,4,2025上半年省考第四季行测模考大赛（通用卷）,模考,行测,2026-08-08 23:53:16
14047105,https://www.fenbi.com/spa/tiku/#/xingce/report/3782892283,资料分析,,单选题,2026-01-16 22:00:25,B,0,错误,模考,,公务员,3,2025上半年省考第四季行测模考大赛（通用卷）,模考,行测,2026-08-08 23:53:16
14047109,https://www.fenbi.com/spa/tiku/#/xingce/report/3782892283,资料分析,,单选题,2026-01-16 22:00:25,C,C,正确,模考,,公务员,4,2025上半年省考第四季行测模考大赛（通用卷）,模考,行测,2026-08-08 23:53:16
14047113,https://www.fenbi.com/spa/tiku/#/xingce/report/3782892283,资料分析,,单选题,2026-01-16 22:00:25,A,A,正确,模考,,公务员,4,2025上半年省考第四季行测模考大赛（通用卷）,模考,行测,2026-08-08 23:53:16
14047115,https://www.fenbi.com/spa/tiku/#/xingce/report/3782892283,资料分析,,单选题,2026-01-16 22:00:25,C,B,错误,模考,,公务员,6,2025上半年省考第四季行测模考大赛（通用卷）,模考,行测,2026-08-08 23:53:16
14047133,https://www.fenbi.com/spa/tiku/#/xingce/report/3782892283,资料分析,,单选题,2026-01-16 22:00:25,0,0,正确,模考,,公务员,3,2025上半年省考第四季行测模考大赛（通用卷）,模考,行测,2026-08-08 23:53:16
14047139,https://www.fenbi.com/spa/tiku/#/xingce/report/3782892283,资料分析,,单选题,2026-01-16 22:00:25,B,B,正确,模考,,公务员,6,2025上半年省考第四季行测模考大赛（通用卷）,模考,行测,2026-08-08 23:53:16
14047144,https://www.fenbi.com/spa/tiku/#/xingce/report/3782892283,资料分析,,单选题,2026-01-16 22:00:25,0,0,正确,模考,,公务员,4,2025上半年省考第四季行测模考大赛（通用卷）,模考,行测,2026-08-08 23:53:16
14047147,https://www.fenbi.com/spa/tiku/#/xingce/report/3782892283,资料分析,,单选题,2026-01-16 22:00:25,0,0,正确,模考,,公务员,6,2025上半年省考第四季行测模考大赛（通用卷）,模考,行测,2026-08-08 23:53:16
14047151,https://www.fenbi.com/spa/tiku/#/xingce/report/3782892283,资料分析,,单选题,2026-01-16 22:00:25,B,A,错误,模考,,公务员,6,2025上半年省考第四季行测模考大赛（通用卷）,模考,行测,2026-08-08 23:53:16
14047177,https://www.fenbi.com/spa/tiku/#/xingce/report/3782892283,资料分析,,单选题,2026-01-16 22:00:25,C,C,正确,模考,,公务员,4,2025上半年省考第四季行测模考大赛（通用卷）,模考,行测,2026-08-08 23:53:16
14047181,https://www.fenbi.com/spa/tiku/#/xingce/report/3782892283,资料分析,,单选题,2026-01-16 22:00:25,B,B,正确,模考,,公务员,4,2025上半年省考第四季行测模考大赛（通用卷）,模考,行测,2026-08-08 23:53:16
14047188,https://www.fenbi.com/spa/tiku/#/xingce/report/3782892283,资料分析,,单选题,2026-01-16 22:00:25,C,C,正确,模考,,公务员,4,2025上半年省考第四季行测模考大赛（通用卷）,模考,行测,2026-08-08 23:53:16
19526238,https://www.fenbi.com/spa/tiku/#/xingce/report/3716701803,政治理论,,单选题,2025-12-04 16:47:31,C,C,正确,国考,2026,公务员,4,2026年国家公务员录用考试《行测》题（副省级网友回忆版）,国考,行测,2026-08-08 23:53:16
19526244,https://www.fenbi.com/spa/tiku/#/xingce/report/3716701803,政治理论,,单选题,2025-12-04 16:47:31,C,B,错误,国考,2026,公务员,5,2026年国家公务员录用考试《行测》题（副省级网友回忆版）,国考,行测,2026-08-08 23:53:16
19526249,https://www.fenbi.com/spa/tiku/#/xingce/report/3716701803,政治理论,,单选题,2025-12-04 16:47:31,A,A,正确,国考,2026,公务员,5,2026年国家公务员录用考试《行测》题（副省级网友回忆版）,国考,行测,2026-08-08 23:53:16
19526254,https://www.fenbi.com/spa/tiku/#/xingce/report/3716701803,政治理论,,单选题,2025-12-04 16:47:31,C,0,错误,国考,2026,公务员,4,2026年国家公务员录用考试《行测》题（副省级网友回忆版）,国考,行测,2026-08-08 23:53:16
19526306,https://www.fenbi.com/spa/tiku/#/xingce/report/3716701803,政治理论,,单选题,2025-12-04 16:47:31,C,C,正确,国考,2026,公务员,5,2026年国家公务员录用考试《行测》题（副省级网友回忆版）,国考,行测,2026-08-08 23:53:16
19526283,https://www.fenbi.com/spa/tiku/#/xingce/report/3716701803,政治理论,,单选题,2025-12-04 16:47:31,C,0,错误,国考,2026,公务员,4,2026年国家公务员录用考试《行测》题（副省级网友回忆版）,国考,行测,2026-08-08 23:53:16
19526299,https://www.fenbi.com/spa/tiku/#/xingce/report/3716701803,政治理论,,单选题,2025-12-04 16:47:31,B,B,正确,国考,2026,公务员,3,2026年国家公务员录用考试《行测》题（副省级网友回忆版）,国考,行测,2026-08-08 23:53:16
19526284,https://www.fenbi.com/spa/tiku/#/xingce/report/3716701803,政治理论,,单选题,2025-12-04 16:47:31,C,C,正确,国考,2026,公务员,3,2026年国家公务员录用考试《行测》题（副省级网友回忆版）,国考,行测,2026-08-08 23:53:16
19526256,https://www.fenbi.com/spa/tiku/#/xingce/report/3716701803,政治理论,,单选题,2025-12-04 16:47:31,C,0,错误,国考,2026,公务员,5,2026年国家公务员录用考试《行测》题（副省级网友回忆版）,国考,行测,2026-08-08 23:53:16
19526288,https://www.fenbi.com/spa/tiku/#/xingce/report/3716701803,政治理论,,单选题,2025-12-04 16:47:31,A,A,正确,国考,2026,公务员,5,2026年国家公务员录用考试《行测》题（副省级网友回忆版）,国考,行测,2026-08-08 23:53:16
19526342,https://www.fenbi.com/spa/tiku/#/xingce/report/3716701803,政治理论,,单选题,2025-12-04 16:47:31,B,B,正确,国考,2026,公务员,4,2026年国家公务员录用考试《行测》题（副省级网友回忆版）,国考,行测,2026-08-08 23:53:16
19526346,https://www.fenbi.com/spa/tiku/#/xingce/report/3716701803,政治理论,,单选题,2025-12-04 16:47:31,C,C,正确,国考,2026,公务员,5,2026年国家公务员录用考试《行测》题（副省级网友回忆版）,国考,行测,2026-08-08 23:53:16
19526269,https://www.fenbi.com/spa/tiku/#/xingce/report/3716701803,政治理论,,单选题,2025-12-04 16:47:31,C,A,错误,国考,2026,公务员,4,2026年国家公务员录用考试《行测》题（副省级网友回忆版）,国考,行测,2026-08-08 23:53:16
19526276,https://www.fenbi.com/spa/tiku/#/xingce/report/3716701803,政治理论,,单选题,2025-12-04 16:47:31,B,B,正确,国考,2026,公务员,4,2026年国家公务员录用考试《行测》题（副省级网友回忆版）,国考,行测,2026-08-08 23:53:16
19526252,https://www.fenbi.com/spa/tiku/#/xingce/report/3716701803,政治理论,,单选题,2025-12-04 16:47:31,0,0,正确,国考,2026,公务员,5,2026年国家公务员录用考试《行测》题（副省级网友回忆版）,国考,行测,2026-08-08 23:53:16
19526257,https://www.fenbi.com/spa/tiku/#/xingce/report/3716701803,政治理论,,单选题,2025-12-04 16:47:31,C,C,正确,国考,2026,公务员,4,2026年国家公务员录用考试《行测》题（副省级网友回忆版）,国考,行测,2026-08-08 23:53:16
19526337,https://www.fenbi.com/spa/tiku/#/xingce/report/3716701803,政治理论,,单选题,2025-12-04 16:47:31,C,0,错误,国考,2026,公务员,5,2026年国家公务员录用考试《行测》题（副省级网友回忆版）,国考,行测,2026-08-08 23:53:16
19526341,https://www.fenbi.com/spa/tiku/#/xingce/report/3716701803,政治理论,,单选题,2025-12-04 16:47:31,B,B,正确,国考,2026,公务员,3,2026年国家公务员录用考试《行测》题（副省级网友回忆版）,国考,行测,2026-08-08 23:53:16
19526282,https://www.fenbi.com/spa/tiku/#/xingce/report/3716701803,政治理论,,单选题,2025-12-04 16:47:31,A,A,正确,国考,2026,公务员,4,2026年国家公务员录用考试《行测》题（副省级网友回忆版）,国考,行测,2026-08-08 23:53:16
19526232,https://www.fenbi.com/spa/tiku/#/xingce/report/3716701803,政治理论,,单选题,2025-12-04 16:47:31,A,A,正确,国考,2026,公务员,4,2026年国家公务员录用考试《行测》题（副省级网友回忆版）,国考,行测,2026-08-08 23:53:16
19526414,https://www.fenbi.com/spa/tiku/#/xingce/report/3716701803,常识判断,,单选题,2025-12-04 16:47:31,B,0,错误,国考,2026,公务员,4,2026年国家公务员录用考试《行测》题（副省级网友回忆版）,国考,行测,2026-08-08 23:53:16
19526353,https://www.fenbi.com/spa/tiku/#/xingce/report/3716701803,常识判断,,单选题,2025-12-04 16:47:31,B,C,错误,国考,2026,公务员,4,2026年国家公务员录用考试《行测》题（副省级网友回忆版）,国考,行测,2026-08-08 23:53:16
19526378,https://www.fenbi.com/spa/tiku/#/xingce/report/3716701803,常识判断,,单选题,2025-12-04 16:47:31,B,B,正确,国考,2026,公务员,5,2026年国家公务员录用考试《行测》题（副省级网友回忆版）,国考,行测,2026-08-08 23:53:16
19526415,https://www.fenbi.com/spa/tiku/#/xingce/report/3716701803,常识判断,,单选题,2025-12-04 16:47:31,B,C,错误,国考,2026,公务员,4,2026年国家公务员录用考试《行测》题（副省级网友回忆版）,国考,行测,2026-08-08 23:53:16
19526339,https://www.fenbi.com/spa/tiku/#/xingce/report/3716701803,常识判断,,单选题,2025-12-04 16:47:31,B,0,错误,国考,2026,公务员,4,2026年国家公务员录用考试《行测》题（副省级网友回忆版）,国考,行测,2026-08-08 23:53:16
19526354,https://www.fenbi.com/spa/tiku/#/xingce/report/3716701803,常识判断,,单选题,2025-12-04 16:47:31,B,0,错误,国考,2026,公务员,5,2026年国家公务员录用考试《行测》题（副省级网友回忆版）,国考,行测,2026-08-08 23:53:16
19526416,https://www.fenbi.com/spa/tiku/#/xingce/report/3716701803,常识判断,,单选题,2025-12-04 16:47:31,B,0,错误,国考,2026,公务员,5,2026年国家公务员录用考试《行测》题（副省级网友回忆版）,国考,行测,2026-08-08 23:53:16
19526335,https://www.fenbi.com/spa/tiku/#/xingce/report/3716701803,常识判断,,单选题,2025-12-04 16:47:31,B,B,正确,国考,2026,公务员,4,2026年国家公务员录用考试《行测》题（副省级网友回忆版）,国考,行测,2026-08-08 23:53:16
19526270,https://www.fenbi.com/spa/tiku/#/xingce/report/3716701803,常识判断,,单选题,2025-12-04 16:47:31,B,C,错误,国考,2026,公务员,5,2026年国家公务员录用考试《行测》题（副省级网友回忆版）,国考,行测,2026-08-08 23:53:16
19526394,https://www.fenbi.com/spa/tiku/#/xingce/report/3716701803,常识判断,,单选题,2025-12-04 16:47:31,B,A,错误,国考,2026,公务员,4,2026年国家公务员录用考试《行测》题（副省级网友回忆版）,国考,行测,2026-08-08 23:53:16
19526345,https://www.fenbi.com/spa/tiku/#/xingce/report/3716701803,常识判断,,单选题,2025-12-04 16:47:31,B,0,错误,国考,2026,公务员,4,2026年国家公务员录用考试《行测》题（副省级网友回忆版）,国考,行测,2026-08-08 23:53:16
19526417,https://www.fenbi.com/spa/tiku/#/xingce/report/3716701803,常识判断,,单选题,2025-12-04 16:47:31,B,B,正确,国考,2026,公务员,4,2026年国家公务员录用考试《行测》题（副省级网友回忆版）,国考,行测,2026-08-08 23:53:16
19526377,https://www.fenbi.com/spa/tiku/#/xingce/report/3716701803,常识判断,,单选题,2025-12-04 16:47:31,B,A,错误,国考,2026,公务员,5,2026年国家公务员录用考试《行测》题（副省级网友回忆版）,国考,行测,2026-08-08 23:53:16
19526372,https://www.fenbi.com/spa/tiku/#/xingce/report/3716701803,常识判断,,单选题,2025-12-04 16:47:31,B,B,正确,国考,2026,公务员,5,2026年国家公务员录用考试《行测》题（副省级网友回忆版）,国考,行测,2026-08-08 23:53:16
19526235,https://www.fenbi.com/spa/tiku/#/xingce/report/3716701803,常识判断,,单选题,2025-12-04 16:47:31,B,A,错误,国考,2026,公务员,4,2026年国家公务员录用考试《行测》题（副省级网友回忆版）,国考,行测,2026-08-08 23:53:16
19526373,https://www.fenbi.com/spa/tiku/#/xingce/report/3716701803,言语理解与表达,,单选题,2025-12-04 16:47:31,A,0,错误,国考,2026,公务员,4,2026年国家公务员录用考试《行测》题（副省级网友回忆版）,国考,行测,2026-08-08 23:53:16
19526234,https://www.fenbi.com/spa/tiku/#/xingce/report/3716701803,言语理解与表达,,单选题,2025-12-04 16:47:31,A,A,正确,国考,2026,公务员,4,2026年国家公务员录用考试《行测》题（副省级网友回忆版）,国考,行测,2026-08-08 23:53:16
19526439,https://www.fenbi.com/spa/tiku/#/xingce/report/3716701803,言语理解与表达,,单选题,2025-12-04 16:47:31,B,B,正确,国考,2026,公务员,4,2026年国家公务员录用考试《行测》题（副省级网友回忆版）,国考,行测,2026-08-08 23:53:16
19526241,https://www.fenbi.com/spa/tiku/#/xingce/report/3716701803,言语理解与表达,,单选题,2025-12-04 16:47:31,C,C,正确,国考,2026,公务员,4,2026年国家公务员录用考试《行测》题（副省级网友回忆版）,国考,行测,2026-08-08 23:53:16
19526429,https://www.fenbi.com/spa/tiku/#/xingce/report/3716701803,言语理解与表达,,单选题,2025-12-04 16:47:31,C,C,正确,国考,2026,公务员,5,2026年国家公务员录用考试《行测》题（副省级网友回忆版）,国考,行测,2026-08-08 23:53:16
19526314,https://www.fenbi.com/spa/tiku/#/xingce/report/3716701803,言语理解与表达,,单选题,2025-12-04 16:47:31,0,0,正确,国考,2026,公务员,4,2026年国家公务员录用考试《行测》题（副省级网友回忆版）,国考,行测,2026-08-08 23:53:16
19526384,https://www.fenbi.com/spa/tiku/#/xingce/report/3716701803,言语理解与表达,,单选题,2025-12-04 16:47:31,C,A,错误,国考,2026,公务员,4,2026年国家公务员录用考试《行测》题（副省级网友回忆版）,国考,行测,2026-08-08 23:53:16
19526287,https://www.fenbi.com/spa/tiku/#/xingce/report/3716701803,言语理解与表达,,单选题,2025-12-04 16:47:31,B,B,正确,国考,2026,公务员,4,2026年国家公务员录用考试《行测》题（副省级网友回忆版）,国考,行测,2026-08-08 23:53:16
19526293,https://www.fenbi.com/spa/tiku/#/xingce/report/3716701803,言语理解与表达,,单选题,2025-12-04 16:47:31,0,0,正确,国考,2026,公务员,4,2026年国家公务员录用考试《行测》题（副省级网友回忆版）,国考,行测,2026-08-08 23:53:16
19526381,https://www.fenbi.com/spa/tiku/#/xingce/report/3716701803,言语理解与表达,,单选题,2025-12-04 16:47:31,B,C,错误,国考,2026,公务员,4,2026年国家公务员录用考试《行测》题（副省级网友回忆版）,国考,行测,2026-08-08 23:53:16
19526302,https://www.fenbi.com/spa/tiku/#/xingce/report/3716701803,言语理解与表达,,单选题,2025-12-04 16:47:31,B,B,正确,国考,2026,公务员,5,2026年国家公务员录用考试《行测》题（副省级网友回忆版）,国考,行测,2026-08-08 23:53:16
19526388,https://www.fenbi.com/spa/tiku/#/xingce/report/3716701803,言语理解与表达,,单选题,2025-12-04 16:47:31,C,A,错误,国考,2026,公务员,4,2026年国家公务员录用考试《行测》题（副省级网友回忆版）,国考,行测,2026-08-08 23:53:16
19526447,https://www.fenbi.com/spa/tiku/#/xingce/report/3716701803,言语理解与表达,,单选题,2025-12-04 16:47:31,0,0,正确,国考,2026,公务员,4,2026年国家公务员录用考试《行测》题（副省级网友回忆版）,国考,行测,2026-08-08 23:53:16
19526380,https://www.fenbi.com/spa/tiku/#/xingce/report/3716701803,言语理解与表达,,单选题,2025-12-04 16:47:31,B,B,正确,国考,2026,公务员,5,2026年国家公务员录用考试《行测》题（副省级网友回忆版）,国考,行测,2026-08-08 23:53:16
19526385,https://www.fenbi.com/spa/tiku/#/xingce/report/3716701803,言语理解与表达,,单选题,2025-12-04 16:47:31,A,A,正确,国考,2026,公务员,4,2026年国家公务员录用考试《行测》题（副省级网友回忆版）,国考,行测,2026-08-08 23:53:16
19526401,https://www.fenbi.com/spa/tiku/#/xingce/report/3716701803,言语理解与表达,,单选题,2025-12-04 16:47:31,A,0,错误,国考,2026,公务员,5,2026年国家公务员录用考试《行测》题（副省级网友回忆版）,国考,行测,2026-08-08 23:53:16
19526308,https://www.fenbi.com/spa/tiku/#/xingce/report/3716701803,言语理解与表达,,单选题,2025-12-04 16:47:31,C,C,正确,国考,2026,公务员,4,2026年国家公务员录用考试《行测》题（副省级网友回忆版）,国考,行测,2026-08-08 23:53:16
19526399,https://www.fenbi.com/spa/tiku/#/xingce/report/3716701803,言语理解与表达,,单选题,2025-12-04 16:47:31,0,0,正确,国考,2026,公务员,4,2026年国家公务员录用考试《行测》题（副省级网友回忆版）,国考,行测,2026-08-08 23:53:16
19526313,https://www.fenbi.com/spa/tiku/#/xingce/report/3716701803,言语理解与表达,,单选题,2025-12-04 16:47:31,A,A,正确,国考,2026,公务员,5,2026年国家公务员录用考试《行测》题（副省级网友回忆版）,国考,行测,2026-08-08 23:53:16
19526310,https://www.fenbi.com/spa/tiku/#/xingce/report/3716701803,言语理解与表达,,单选题,2025-12-04 16:47:31,B,B,正确,国考,2026,公务员,5,2026年国家公务员录用考试《行测》题（副省级网友回忆版）,国考,行测,2026-08-08 23:53:16
19526404,https://www.fenbi.com/spa/tiku/#/xingce/report/3716701803,言语理解与表达,,单选题,2025-12-04 16:47:31,C,C,正确,国考,2026,公务员,4,2026年国家公务员录用考试《行测》题（副省级网友回忆版）,国考,行测,2026-08-08 23:53:16
19526405,https://www.fenbi.com/spa/tiku/#/xingce/report/3716701803,言语理解与表达,,单选题,2025-12-04 16:47:31,A,A,正确,国考,2026,公务员,4,2026年国家公务员录用考试《行测》题（副省级网友回忆版）,国考,行测,2026-08-08 23:53:16
19526406,https://www.fenbi.com/spa/tiku/#/xingce/report/3716701803,言语理解与表达,,单选题,2025-12-04 16:47:31,C,C,正确,国考,2026,公务员,4,2026年国家公务员录用考试《行测》题（副省级网友回忆版）,国考,行测,2026-08-08 23:53:16
19526407,https://www.fenbi.com/spa/tiku/#/xingce/report/3716701803,言语理解与表达,,单选题,2025-12-04 16:47:31,A,A,正确,国考,2026,公务员,4,2026年国家公务员录用考试《行测》题（副省级网友回忆版）,国考,行测,2026-08-08 23:53:16
19526408,https://www.fenbi.com/spa/tiku/#/xingce/report/3716701803,言语理解与表达,,单选题,2025-12-04 16:47:31,0,0,正确,国考,2026,公务员,4,2026年国家公务员录用考试《行测》题（副省级网友回忆版）,国考,行测,2026-08-08 23:53:16
19526409,https://www.fenbi.com/spa/tiku/#/xingce/report/3716701803,言语理解与表达,,单选题,2025-12-04 16:47:31,0,0,正确,国考,2026,公务员,4,2026年国家公务员录用考试《行测》题（副省级网友回忆版）,国考,行测,2026-08-08 23:53:16
19526410,https://www.fenbi.com/spa/tiku/#/xingce/report/3716701803,言语理解与表达,,单选题,2025-12-04 16:47:31,B,A,错误,国考,2026,公务员,5,2026年国家公务员录用考试《行测》题（副省级网友回忆版）,国考,行测,2026-08-08 23:53:16
19526411,https://www.fenbi.com/spa/tiku/#/xingce/report/3716701803,言语理解与表达,,单选题,2025-12-04 16:47:31,B,B,正确,国考,2026,公务员,4,2026年国家公务员录用考试《行测》题（副省级网友回忆版）,国考,行测,2026-08-08 23:53:16
19526412,https://www.fenbi.com/spa/tiku/#/xingce/report/3716701803,言语理解与表达,,单选题,2025-12-04 16:47:31,B,B,正确,国考,2026,公务员,5,2026年国家公务员录用考试《行测》题（副省级网友回忆版）,国考,行测,2026-08-08 23:53:16
19526413,https://www.fenbi.com/spa/tiku/#/xingce/report/3716701803,言语理解与表达,,单选题,2025-12-04 16:47:31,C,C,正确,国考,2026,公务员,3,2026年国家公务员录用考试《行测》题（副省级网友回忆版）,国考,行测,2026-08-08 23:53:16
19526419,https://www.fenbi.com/spa/tiku/#/xingce/report/3716701803,数量关系,,单选题,2025-12-04 16:47:31,0,0,正确,国考,2026,公务员,3,2026年国家公务员录用考试《行测》题（副省级网友回忆版）,国考,行测,2026-08-08 23:53:16
19526420,https://www.fenbi.com/spa/tiku/#/xingce/report/3716701803,数量关系,,单选题,2025-12-04 16:47:31,A,A,正确,国考,2026,公务员,4,2026年国家公务员录用考试《行测》题（副省级网友回忆版）,国考,行测,2026-08-08 23:53:16
19526421,https://www.fenbi.com/spa/tiku/#/xingce/report/3716701803,数量关系,,单选题,2025-12-04 16:47:31,A,C,错误,国考,2026,公务员,4,2026年国家公务员录用考试《行测》题（副省级网友回忆版）,国考,行测,2026-08-08 23:53:16
19526357,https://www.fenbi.com/spa/tiku/#/xingce/report/3716701803,数量关系,,单选题,2025-12-04 16:47:31,B,B,正确,国考,2026,公务员,4,2026年国家公务员录用考试《行测》题（副省级网友回忆版）,国考,行测,2026-08-08 23:53:16
19526424,https://www.fenbi.com/spa/tiku/#/xingce/report/3716701803,数量关系,,单选题,2025-12-04 16:47:31,A,B,错误,国考,2026,公务员,4,2026年国家公务员录用考试《行测》题（副省级网友回忆版）,国考,行测,2026-08-08 23:53:16
19526422,https://www.fenbi.com/spa/tiku/#/xingce/report/3716701803,数量关系,,单选题,2025-12-04 16:47:31,A,A,正确,国考,2026,公务员,4,2026年国家公务员录用考试《行测》题（副省级网友回忆版）,国考,行测,2026-08-08 23:53:16
19526423,https://www.fenbi.com/spa/tiku/#/xingce/report/3716701803,数量关系,,单选题,2025-12-04 16:47:31,A,B,错误,国考,2026,公务员,4,2026年国家公务员录用考试《行测》题（副省级网友回忆版）,国考,行测,2026-08-08 23:53:16
19526319,https://www.fenbi.com/spa/tiku/#/xingce/report/3716701803,数量关系,,单选题,2025-12-04 16:47:31,A,C,错误,国考,2026,公务员,6,2026年国家公务员录用考试《行测》题（副省级网友回忆版）,国考,行测,2026-08-08 23:53:16
19526325,https://www.fenbi.com/spa/tiku/#/xingce/report/3716701803,数量关系,,单选题,2025-12-04 16:47:31,A,0,错误,国考,2026,公务员,5,2026年国家公务员录用考试《行测》题（副省级网友回忆版）,国考,行测,2026-08-08 23:53:16
19526340,https://www.fenbi.com/spa/tiku/#/xingce/report/3716701803,数量关系,,单选题,2025-12-04 16:47:31,A,A,正确,国考,2026,公务员,4,2026年国家公务员录用考试《行测》题（副省级网友回忆版）,国考,行测,2026-08-08 23:53:16
19526360,https://www.fenbi.com/spa/tiku/#/xingce/report/3716701803,数量关系,,单选题,2025-12-04 16:47:31,A,0,错误,国考,2026,公务员,3,2026年国家公务员录用考试《行测》题（副省级网友回忆版）,国考,行测,2026-08-08 23:53:16
19526316,https://www.fenbi.com/spa/tiku/#/xingce/report/3716701803,数量关系,,单选题,2025-12-04 16:47:31,A,C,错误,国考,2026,公务员,5,2026年国家公务员录用考试《行测》题（副省级网友回忆版）,国考,行测,2026-08-08 23:53:16
19526328,https://www.fenbi.com/spa/tiku/#/xingce/report/3716701803,数量关系,,单选题,2025-12-04 16:47:31,A,B,错误,国考,2026,公务员,4,2026年国家公务员录用考试《行测》题（副省级网友回忆版）,国考,行测,2026-08-08 23:53:16
19526425,https://www.fenbi.com/spa/tiku/#/xingce/report/3716701803,数量关系,,单选题,2025-12-04 16:47:31,A,B,错误,国考,2026,公务员,4,2026年国家公务员录用考试《行测》题（副省级网友回忆版）,国考,行测,2026-08-08 23:53:16
19526426,https://www.fenbi.com/spa/tiku/#/xingce/report/3716701803,数量关系,,单选题,2025-12-04 16:47:31,A,B,错误,国考,2026,公务员,4,2026年国家公务员录用考试《行测》题（副省级网友回忆版）,国考,行测,2026-08-08 23:53:16
19526294,https://www.fenbi.com/spa/tiku/#/xingce/report/3716701803,判断推理,,单选题,2025-12-04 16:47:31,B,0,错误,国考,2026,公务员,5,2026年国家公务员录用考试《行测》题（副省级网友回忆版）,国考,行测,2026-08-08 23:53:16
19526400,https://www.fenbi.com/spa/tiku/#/xingce/report/3716701803,判断推理,,单选题,2025-12-04 16:47:31,B,C,错误,国考,2026,公务员,5,2026年国家公务员录用考试《行测》题（副省级网友回忆版）,国考,行测,2026-08-08 23:53:16
19526427,https://www.fenbi.com/spa/tiku/#/xingce/report/3716701803,判断推理,,单选题,2025-12-04 16:47:31,C,C,正确,国考,2026,公务员,5,2026年国家公务员录用考试《行测》题（副省级网友回忆版）,国考,行测,2026-08-08 23:53:16
19526396,https://www.fenbi.com/spa/tiku/#/xingce/report/3716701803,判断推理,,单选题,2025-12-04 16:47:31,B,B,正确,国考,2026,公务员,5,2026年国家公务员录用考试《行测》题（副省级网友回忆版）,国考,行测,2026-08-08 23:53:16
19526311,https://www.fenbi.com/spa/tiku/#/xingce/report/3716701803,判断推理,,单选题,2025-12-04 16:47:31,A,A,正确,国考,2026,公务员,5,2026年国家公务员录用考试《行测》题（副省级网友回忆版）,国考,行测,2026-08-08 23:53:16
19526397,https://www.fenbi.com/spa/tiku/#/xingce/report/3716701803,判断推理,,单选题,2025-12-04 16:47:31,A,A,正确,国考,2026,公务员,5,2026年国家公务员录用考试《行测》题（副省级网友回忆版）,国考,行测,2026-08-08 23:53:16
19526329,https://www.fenbi.com/spa/tiku/#/xingce/report/3716701803,判断推理,,单选题,2025-12-04 16:47:31,C,C,正确,国考,2026,公务员,5,2026年国家公务员录用考试《行测》题（副省级网友回忆版）,国考,行测,2026-08-08 23:53:16
19526428,https://www.fenbi.com/spa/tiku/#/xingce/report/3716701803,判断推理,,单选题,2025-12-04 16:47:31,A,A,正确,国考,2026,公务员,5,2026年国家公务员录用考试《行测》题（副省级网友回忆版）,国考,行测,2026-08-08 23:53:16
19526253,https://www.fenbi.com/spa/tiku/#/xingce/report/3716701803,判断推理,,单选题,2025-12-04 16:47:31,B,A,错误,国考,2026,公务员,5,2026年国家公务员录用考试《行测》题（副省级网友回忆版）,国考,行测,2026-08-08 23:53:16
19526391,https://www.fenbi.com/spa/tiku/#/xingce/report/3716701803,判断推理,,单选题,2025-12-04 16:47:31,B,B,正确,国考,2026,公务员,5,2026年国家公务员录用考试《行测》题（副省级网友回忆版）,国考,行测,2026-08-08 23:53:16
19526243,https://www.fenbi.com/spa/tiku/#/xingce/report/3716701803,判断推理,,单选题,2025-12-04 16:47:31,A,A,正确,国考,2026,公务员,5,2026年国家公务员录用考试《行测》题（副省级网友回忆版）,国考,行测,2026-08-08 23:53:16
19526274,https://www.fenbi.com/spa/tiku/#/xingce/report/3716701803,判断推理,,单选题,2025-12-04 16:47:31,A,C,错误,国考,2026,公务员,5,2026年国家公务员录用考试《行测》题（副省级网友回忆版）,国考,行测,2026-08-08 23:53:16
19526261,https://www.fenbi.com/spa/tiku/#/xingce/report/3716701803,判断推理,,单选题,2025-12-04 16:47:31,B,B,正确,国考,2026,公务员,5,2026年国家公务员录用考试《行测》题（副省级网友回忆版）,国考,行测,2026-08-08 23:53:16
19526392,https://www.fenbi.com/spa/tiku/#/xingce/report/3716701803,判断推理,,单选题,2025-12-04 16:47:31,C,0,错误,国考,2026,公务员,5,2026年国家公务员录用考试《行测》题（副省级网友回忆版）,国考,行测,2026-08-08 23:53:16
19526298,https://www.fenbi.com/spa/tiku/#/xingce/report/3716701803,判断推理,,单选题,2025-12-04 16:47:31,A,A,正确,国考,2026,公务员,5,2026年国家公务员录用考试《行测》题（副省级网友回忆版）,国考,行测,2026-08-08 23:53:16
19526430,https://www.fenbi.com/spa/tiku/#/xingce/report/3716701803,判断推理,,单选题,2025-12-04 16:47:31,B,C,错误,国考,2026,公务员,5,2026年国家公务员录用考试《行测》题（副省级网友回忆版）,国考,行测,2026-08-08 23:53:16
19526309,https://www.fenbi.com/spa/tiku/#/xingce/report/3716701803,判断推理,,单选题,2025-12-04 16:47:31,A,A,正确,国考,2026,公务员,5,2026年国家公务员录用考试《行测》题（副省级网友回忆版）,国考,行测,2026-08-08 23:53:16
19526398,https://www.fenbi.com/spa/tiku/#/xingce/report/3716701803,判断推理,,单选题,2025-12-04 16:47:31,B,A,错误,国考,2026,公务员,5,2026年国家公务员录用考试《行测》题（副省级网友回忆版）,国考,行测,2026-08-08 23:53:16
19526356,https://www.fenbi.com/spa/tiku/#/xingce/report/3716701803,判断推理,,单选题,2025-12-04 16:47:31,B,B,正确,国考,2026,公务员,5,2026年国家公务员录用考试《行测》题（副省级网友回忆版）,国考,行测,2026-08-08 23:53:16
19526431,https://www.fenbi.com/spa/tiku/#/xingce/report/3716701803,判断推理,,单选题,2025-12-04 16:47:31,0,0,正确,国考,2026,公务员,5,2026年国家公务员录用考试《行测》题（副省级网友回忆版）,国考,行测,2026-08-08 23:53:16
19526432,https://www.fenbi.com/spa/tiku/#/xingce/report/3716701803,判断推理,,单选题,2025-12-04 16:47:31,A,C,错误,国考,2026,公务员,5,2026年国家公务员录用考试《行测》题（副省级网友回忆版）,国考,行测,2026-08-08 23:53:16
19526290,https://www.fenbi.com/spa/tiku/#/xingce/report/3716701803,判断推理,,单选题,2025-12-04 16:47:31,B,B,正确,国考,2026,公务员,5,2026年国家公务员录用考试《行测》题（副省级网友回忆版）,国考,行测,2026-08-08 23:53:16
19526433,https://www.fenbi.com/spa/tiku/#/xingce/report/3716701803,判断推理,,单选题,2025-12-04 16:47:31,0,A,错误,国考,2026,公务员,5,2026年国家公务员录用考试《行测》题（副省级网友回忆版）,国考,行测,2026-08-08 23:53:16
19526255,https://www.fenbi.com/spa/tiku/#/xingce/report/3716701803,判断推理,,单选题,2025-12-04 16:47:31,C,C,正确,国考,2026,公务员,5,2026年国家公务员录用考试《行测》题（副省级网友回忆版）,国考,行测,2026-08-08 23:53:16
19526268,https://www.fenbi.com/spa/tiku/#/xingce/report/3716701803,判断推理,,单选题,2025-12-04 16:47:31,C,A,错误,国考,2026,公务员,5,2026年国家公务员录用考试《行测》题（副省级网友回忆版）,国考,行测,2026-08-08 23:53:16
19526435,https://www.fenbi.com/spa/tiku/#/xingce/report/3716701803,判断推理,,单选题,2025-12-04 16:47:31,C,C,正确,国考,2026,公务员,5,2026年国家公务员录用考试《行测》题（副省级网友回忆版）,国考,行测,2026-08-08 23:53:16
19526390,https://www.fenbi.com/spa/tiku/#/xingce/report/3716701803,判断推理,,单选题,2025-12-04 16:47:31,B,B,正确,国考,2026,公务员,5,2026年国家公务员录用考试《行测》题（副省级网友回忆版）,国考,行测,2026-08-08 23:53:16
19526434,https://www.fenbi.com/spa/tiku/#/xingce/report/3716701803,判断推理,,单选题,2025-12-04 16:47:31,A,A,正确,国考,2026,公务员,5,2026年国家公务员录用考试《行测》题（副省级网友回忆版）,国考,行测,2026-08-08 23:53:16
19526437,https://www.fenbi.com/spa/tiku/#/xingce/report/3716701803,判断推理,,单选题,2025-12-04 16:47:31,B,B,正确,国考,2026,公务员,5,2026年国家公务员录用考试《行测》题（副省级网友回忆版）,国考,行测,2026-08-08 23:53:16
19526436,https://www.fenbi.com/spa/tiku/#/xingce/report/3716701803,判断推理,,单选题,2025-12-04 16:47:31,A,0,错误,国考,2026,公务员,5,2026年国家公务员录用考试《行测》题（副省级网友回忆版）,国考,行测,2026-08-08 23:53:16
19526453,https://www.fenbi.com/spa/tiku/#/xingce/report/3716701803,判断推理,,单选题,2025-12-04 16:47:31,A,A,正确,国考,2026,公务员,5,2026年国家公务员录用考试《行测》题（副省级网友回忆版）,国考,行测,2026-08-08 23:53:16
19526438,https://www.fenbi.com/spa/tiku/#/xingce/report/3716701803,判断推理,,单选题,2025-12-04 16:47:31,0,0,正确,国考,2026,公务员,5,2026年国家公务员录用考试《行测》题（副省级网友回忆版）,国考,行测,2026-08-08 23:53:16
19526441,https://www.fenbi.com/spa/tiku/#/xingce/report/3716701803,判断推理,,单选题,2025-12-04 16:47:31,0,B,错误,国考,2026,公务员,5,2026年国家公务员录用考试《行测》题（副省级网友回忆版）,国考,行测,2026-08-08 23:53:16
19526266,https://www.fenbi.com/spa/tiku/#/xingce/report/3716701803,判断推理,,单选题,2025-12-04 16:47:31,B,B,正确,国考,2026,公务员,5,2026年国家公务员录用考试《行测》题（副省级网友回忆版）,国考,行测,2026-08-08 23:53:16
19526440,https://www.fenbi.com/spa/tiku/#/xingce/report/3716701803,判断推理,,单选题,2025-12-04 16:47:31,B,B,正确,国考,2026,公务员,5,2026年国家公务员录用考试《行测》题（副省级网友回忆版）,国考,行测,2026-08-08 23:53:16
19526442,https://www.fenbi.com/spa/tiku/#/xingce/report/3716701803,资料分析,,单选题,2025-12-04 16:47:31,A,A,正确,国考,2026,公务员,3,2026年国家公务员录用考试《行测》题（副省级网友回忆版）,国考,行测,2026-08-08 23:53:16
19526443,https://www.fenbi.com/spa/tiku/#/xingce/report/3716701803,资料分析,,单选题,2025-12-04 16:47:31,A,C,错误,国考,2026,公务员,5,2026年国家公务员录用考试《行测》题（副省级网友回忆版）,国考,行测,2026-08-08 23:53:16
19526444,https://www.fenbi.com/spa/tiku/#/xingce/report/3716701803,资料分析,,单选题,2025-12-04 16:47:31,0,0,正确,国考,2026,公务员,4,2026年国家公务员录用考试《行测》题（副省级网友回忆版）,国考,行测,2026-08-08 23:53:16
19526445,https://www.fenbi.com/spa/tiku/#/xingce/report/3716701803,资料分析,,单选题,2025-12-04 16:47:31,A,A,正确,国考,2026,公务员,4,2026年国家公务员录用考试《行测》题（副省级网友回忆版）,国考,行测,2026-08-08 23:53:16
19526446,https://www.fenbi.com/spa/tiku/#/xingce/report/3716701803,资料分析,,单选题,2025-12-04 16:47:31,B,B,正确,国考,2026,公务员,4,2026年国家公务员录用考试《行测》题（副省级网友回忆版）,国考,行测,2026-08-08 23:53:16
19526448,https://www.fenbi.com/spa/tiku/#/xingce/report/3716701803,资料分析,,单选题,2025-12-04 16:47:31,B,A,错误,国考,2026,公务员,4,2026年国家公务员录用考试《行测》题（副省级网友回忆版）,国考,行测,2026-08-08 23:53:16
19526449,https://www.fenbi.com/spa/tiku/#/xingce/report/3716701803,资料分析,,单选题,2025-12-04 16:47:31,B,B,正确,国考,2026,公务员,4,2026年国家公务员录用考试《行测》题（副省级网友回忆版）,国考,行测,2026-08-08 23:53:16
19526450,https://www.fenbi.com/spa/tiku/#/xingce/report/3716701803,资料分析,,单选题,2025-12-04 16:47:31,C,C,正确,国考,2026,公务员,4,2026年国家公务员录用考试《行测》题（副省级网友回忆版）,国考,行测,2026-08-08 23:53:16
19526451,https://www.fenbi.com/spa/tiku/#/xingce/report/3716701803,资料分析,,单选题,2025-12-04 16:47:31,B,C,错误,国考,2026,公务员,4,2026年国家公务员录用考试《行测》题（副省级网友回忆版）,国考,行测,2026-08-08 23:53:16
19526452,https://www.fenbi.com/spa/tiku/#/xingce/report/3716701803,资料分析,,单选题,2025-12-04 16:47:31,B,B,正确,国考,2026,公务员,4,2026年国家公务员录用考试《行测》题（副省级网友回忆版）,国考,行测,2026-08-08 23:53:16
19526365,https://www.fenbi.com/spa/tiku/#/xingce/report/3716701803,资料分析,,单选题,2025-12-04 16:47:31,C,0,错误,国考,2026,公务员,4,2026年国家公务员录用考试《行测》题（副省级网友回忆版）,国考,行测,2026-08-08 23:53:16
19526367,https://www.fenbi.com/spa/tiku/#/xingce/report/3716701803,资料分析,,单选题,2025-12-04 16:47:31,0,C,错误,国考,2026,公务员,4,2026年国家公务员录用考试《行测》题（副省级网友回忆版）,国考,行测,2026-08-08 23:53:16
19526369,https://www.fenbi.com/spa/tiku/#/xingce/report/3716701803,资料分析,,单选题,2025-12-04 16:47:31,A,A,正确,国考,2026,公务员,4,2026年国家公务员录用考试《行测》题（副省级网友回忆版）,国考,行测,2026-08-08 23:53:16
19526371,https://www.fenbi.com/spa/tiku/#/xingce/report/3716701803,资料分析,,单选题,2025-12-04 16:47:31,0,B,错误,国考,2026,公务员,4,2026年国家公务员录用考试《行测》题（副省级网友回忆版）,国考,行测,2026-08-08 23:53:16
19526375,https://www.fenbi.com/spa/tiku/#/xingce/report/3716701803,资料分析,,单选题,2025-12-04 16:47:31,C,C,正确,国考,2026,公务员,5,2026年国家公务员录用考试《行测》题（副省级网友回忆版）,国考,行测,2026-08-08 23:53:16
19526363,https://www.fenbi.com/spa/tiku/#/xingce/report/3716701803,资料分析,,单选题,2025-12-04 16:47:31,A,A,正确,国考,2026,公务员,3,2026年国家公务员录用考试《行测》题（副省级网友回忆版）,国考,行测,2026-08-08 23:53:16
19526366,https://www.fenbi.com/spa/tiku/#/xingce/report/3716701803,资料分析,,单选题,2025-12-04 16:47:31,B,B,正确,国考,2026,公务员,5,2026年国家公务员录用考试《行测》题（副省级网友回忆版）,国考,行测,2026-08-08 23:53:16
19526368,https://www.fenbi.com/spa/tiku/#/xingce/report/3716701803,资料分析,,单选题,2025-12-04 16:47:31,A,A,正确,国考,2026,公务员,4,2026年国家公务员录用考试《行测》题（副省级网友回忆版）,国考,行测,2026-08-08 23:53:16
19526370,https://www.fenbi.com/spa/tiku/#/xingce/report/3716701803,资料分析,,单选题,2025-12-04 16:47:31,A,A,正确,国考,2026,公务员,4,2026年国家公务员录用考试《行测》题（副省级网友回忆版）,国考,行测,2026-08-08 23:53:16
19526374,https://www.fenbi.com/spa/tiku/#/xingce/report/3716701803,资料分析,,单选题,2025-12-04 16:47:31,C,C,正确,国考,2026,公务员,5,2026年国家公务员录用考试《行测》题（副省级网友回忆版）,国考,行测,2026-08-08 23:53:16
13770577,https://www.fenbi.com/spa/tiku/#/xingce/report/3715644674,资料分析,,单选题,2025-12-04 10:57:58,A,C,错误,模考,,公务员,6,2025下半年省考第三十七季行测模考大赛（江苏A卷）,模考,行测,2026-08-08 23:53:16
13770578,https://www.fenbi.com/spa/tiku/#/xingce/report/3715644674,资料分析,,单选题,2025-12-04 10:57:58,C,A,错误,模考,,公务员,5,2025下半年省考第三十七季行测模考大赛（江苏A卷）,模考,行测,2026-08-08 23:53:16
16370523,https://www.fenbi.com/spa/tiku/#/xingce/report/3715644674,资料分析,,单选题,2025-12-04 10:57:58,B,B,正确,模考,,公务员,4,2025下半年省考第三十七季行测模考大赛（江苏A卷）,模考,行测,2026-08-08 23:53:16
16370524,https://www.fenbi.com/spa/tiku/#/xingce/report/3715644674,资料分析,,单选题,2025-12-04 10:57:58,C,C,正确,模考,,公务员,3,2025下半年省考第三十七季行测模考大赛（江苏A卷）,模考,行测,2026-08-08 23:53:16
16370525,https://www.fenbi.com/spa/tiku/#/xingce/report/3715644674,资料分析,,单选题,2025-12-04 10:57:58,C,C,正确,模考,,公务员,4,2025下半年省考第三十七季行测模考大赛（江苏A卷）,模考,行测,2026-08-08 23:53:16
16370527,https://www.fenbi.com/spa/tiku/#/xingce/report/3715644674,资料分析,,单选题,2025-12-04 10:57:58,A,A,正确,模考,,公务员,4,2025下半年省考第三十七季行测模考大赛（江苏A卷）,模考,行测,2026-08-08 23:53:16
16370528,https://www.fenbi.com/spa/tiku/#/xingce/report/3715644674,资料分析,,单选题,2025-12-04 10:57:58,A,A,正确,模考,,公务员,4,2025下半年省考第三十七季行测模考大赛（江苏A卷）,模考,行测,2026-08-08 23:53:16
13770564,https://www.fenbi.com/spa/tiku/#/xingce/report/3715644674,资料分析,,单选题,2025-12-04 10:57:58,A,A,正确,模考,,公务员,3,2025下半年省考第三十七季行测模考大赛（江苏A卷）,模考,行测,2026-08-08 23:53:16
13770565,https://www.fenbi.com/spa/tiku/#/xingce/report/3715644674,资料分析,,单选题,2025-12-04 10:57:58,B,B,正确,模考,,公务员,4,2025下半年省考第三十七季行测模考大赛（江苏A卷）,模考,行测,2026-08-08 23:53:16
13770566,https://www.fenbi.com/spa/tiku/#/xingce/report/3715644674,资料分析,,单选题,2025-12-04 10:57:58,C,C,正确,模考,,公务员,3,2025下半年省考第三十七季行测模考大赛（江苏A卷）,模考,行测,2026-08-08 23:53:16
13770567,https://www.fenbi.com/spa/tiku/#/xingce/report/3715644674,资料分析,,单选题,2025-12-04 10:57:58,0,0,正确,模考,,公务员,3,2025下半年省考第三十七季行测模考大赛（江苏A卷）,模考,行测,2026-08-08 23:53:16
13770568,https://www.fenbi.com/spa/tiku/#/xingce/report/3715644674,资料分析,,单选题,2025-12-04 10:57:58,B,B,正确,模考,,公务员,4,2025下半年省考第三十七季行测模考大赛（江苏A卷）,模考,行测,2026-08-08 23:53:16
13770569,https://www.fenbi.com/spa/tiku/#/xingce/report/3715644674,资料分析,,单选题,2025-12-04 10:57:58,C,C,正确,模考,,公务员,5,2025下半年省考第三十七季行测模考大赛（江苏A卷）,模考,行测,2026-08-08 23:53:16
13770570,https://www.fenbi.com/spa/tiku/#/xingce/report/3715644674,资料分析,,单选题,2025-12-04 10:57:58,B,B,正确,模考,,公务员,3,2025下半年省考第三十七季行测模考大赛（江苏A卷）,模考,行测,2026-08-08 23:53:16
13770571,https://www.fenbi.com/spa/tiku/#/xingce/report/3715644674,资料分析,,单选题,2025-12-04 10:57:58,0,A,错误,模考,,公务员,4,2025下半年省考第三十七季行测模考大赛（江苏A卷）,模考,行测,2026-08-08 23:53:16
13770572,https://www.fenbi.com/spa/tiku/#/xingce/report/3715644674,资料分析,,单选题,2025-12-04 10:57:58,0,0,正确,模考,,公务员,3,2025下半年省考第三十七季行测模考大赛（江苏A卷）,模考,行测,2026-08-08 23:53:16
13770573,https://www.fenbi.com/spa/tiku/#/xingce/report/3715644674,资料分析,,单选题,2025-12-04 10:57:58,C,C,正确,模考,,公务员,5,2025下半年省考第三十七季行测模考大赛（江苏A卷）,模考,行测,2026-08-08 23:53:16
13770574,https://www.fenbi.com/spa/tiku/#/xingce/report/3715644674,资料分析,,单选题,2025-12-04 10:57:58,C,A,错误,模考,,公务员,5,2025下半年省考第三十七季行测模考大赛（江苏A卷）,模考,行测,2026-08-08 23:53:16
13770575,https://www.fenbi.com/spa/tiku/#/xingce/report/3715644674,资料分析,,单选题,2025-12-04 10:57:58,0,0,正确,模考,,公务员,4,2025下半年省考第三十七季行测模考大赛（江苏A卷）,模考,行测,2026-08-08 23:53:16
13770576,https://www.fenbi.com/spa/tiku/#/xingce/report/3715644674,资料分析,,单选题,2025-12-04 10:57:58,C,C,正确,模考,,公务员,4,2025下半年省考第三十七季行测模考大赛（江苏A卷）,模考,行测,2026-08-08 23:53:16
13628288,https://www.fenbi.com/spa/tiku/#/xingce/report/3706851992,常识判断,,单选题,2025-12-01 12:07:26,B,C,错误,江苏省考,2024,公务员,4,2024年江苏省公务员录用考试《行测》题（A类）（网友回忆版）,江苏省考,行测,2026-08-08 23:53:16
17900950,https://www.fenbi.com/spa/tiku/#/xingce/report/3706851992,常识判断,,单选题,2025-12-01 12:07:26,B,0,错误,江苏省考,2024,公务员,4,2024年江苏省公务员录用考试《行测》题（A类）（网友回忆版）,江苏省考,行测,2026-08-08 23:53:16
17900947,https://www.fenbi.com/spa/tiku/#/xingce/report/3706851992,常识判断,,单选题,2025-12-01 12:07:26,A,C,错误,江苏省考,2024,公务员,5,2024年江苏省公务员录用考试《行测》题（A类）（网友回忆版）,江苏省考,行测,2026-08-08 23:53:16
13628287,https://www.fenbi.com/spa/tiku/#/xingce/report/3706851992,常识判断,,单选题,2025-12-01 12:07:26,B,B,正确,江苏省考,2024,公务员,4,2024年江苏省公务员录用考试《行测》题（A类）（网友回忆版）,江苏省考,行测,2026-08-08 23:53:16
13628291,https://www.fenbi.com/spa/tiku/#/xingce/report/3706851992,常识判断,,单选题,2025-12-01 12:07:26,B,0,错误,江苏省考,2024,公务员,4,2024年江苏省公务员录用考试《行测》题（A类）（网友回忆版）,江苏省考,行测,2026-08-08 23:53:16
17900952,https://www.fenbi.com/spa/tiku/#/xingce/report/3706851992,常识判断,,单选题,2025-12-01 12:07:26,0,0,正确,江苏省考,2024,公务员,5,2024年江苏省公务员录用考试《行测》题（A类）（网友回忆版）,江苏省考,行测,2026-08-08 23:53:16
13628307,https://www.fenbi.com/spa/tiku/#/xingce/report/3706851992,常识判断,,单选题,2025-12-01 12:07:26,C,C,正确,江苏省考,2024,公务员,5,2024年江苏省公务员录用考试《行测》题（A类）（网友回忆版）,江苏省考,行测,2026-08-08 23:53:16
13628318,https://www.fenbi.com/spa/tiku/#/xingce/report/3706851992,常识判断,,单选题,2025-12-01 12:07:26,0,0,正确,江苏省考,2024,公务员,4,2024年江苏省公务员录用考试《行测》题（A类）（网友回忆版）,江苏省考,行测,2026-08-08 23:53:16
17900949,https://www.fenbi.com/spa/tiku/#/xingce/report/3706851992,常识判断,,单选题,2025-12-01 12:07:26,B,B,正确,江苏省考,2024,公务员,5,2024年江苏省公务员录用考试《行测》题（A类）（网友回忆版）,江苏省考,行测,2026-08-08 23:53:16
17900959,https://www.fenbi.com/spa/tiku/#/xingce/report/3706851992,常识判断,,单选题,2025-12-01 12:07:26,B,B,正确,江苏省考,2024,公务员,4,2024年江苏省公务员录用考试《行测》题（A类）（网友回忆版）,江苏省考,行测,2026-08-08 23:53:16
17900958,https://www.fenbi.com/spa/tiku/#/xingce/report/3706851992,常识判断,,单选题,2025-12-01 12:07:26,C,A,错误,江苏省考,2024,公务员,5,2024年江苏省公务员录用考试《行测》题（A类）（网友回忆版）,江苏省考,行测,2026-08-08 23:53:16
17900960,https://www.fenbi.com/spa/tiku/#/xingce/report/3706851992,常识判断,,单选题,2025-12-01 12:07:26,0,C,错误,江苏省考,2024,公务员,5,2024年江苏省公务员录用考试《行测》题（A类）（网友回忆版）,江苏省考,行测,2026-08-08 23:53:16
17900956,https://www.fenbi.com/spa/tiku/#/xingce/report/3706851992,常识判断,,单选题,2025-12-01 12:07:26,0,0,正确,江苏省考,2024,公务员,5,2024年江苏省公务员录用考试《行测》题（A类）（网友回忆版）,江苏省考,行测,2026-08-08 23:53:16
17900957,https://www.fenbi.com/spa/tiku/#/xingce/report/3706851992,常识判断,,单选题,2025-12-01 12:07:26,B,B,正确,江苏省考,2024,公务员,5,2024年江苏省公务员录用考试《行测》题（A类）（网友回忆版）,江苏省考,行测,2026-08-08 23:53:16
17900964,https://www.fenbi.com/spa/tiku/#/xingce/report/3706851992,常识判断,,单选题,2025-12-01 12:07:26,A,0,错误,江苏省考,2024,公务员,5,2024年江苏省公务员录用考试《行测》题（A类）（网友回忆版）,江苏省考,行测,2026-08-08 23:53:16
5919286,https://www.fenbi.com/spa/tiku/#/xingce/report/3706851992,言语理解与表达,,单选题,2025-12-01 12:07:26,C,C,正确,江苏省考,2024,公务员,4,2024年江苏省公务员录用考试《行测》题（A类）（网友回忆版）,江苏省考,行测,2026-08-08 23:53:16
17900902,https://www.fenbi.com/spa/tiku/#/xingce/report/3706851992,言语理解与表达,,单选题,2025-12-01 12:07:26,B,B,正确,江苏省考,2024,公务员,4,2024年江苏省公务员录用考试《行测》题（A类）（网友回忆版）,江苏省考,行测,2026-08-08 23:53:16
17900912,https://www.fenbi.com/spa/tiku/#/xingce/report/3706851992,言语理解与表达,,单选题,2025-12-01 12:07:26,0,A,错误,江苏省考,2024,公务员,5,2024年江苏省公务员录用考试《行测》题（A类）（网友回忆版）,江苏省考,行测,2026-08-08 23:53:16
17900923,https://www.fenbi.com/spa/tiku/#/xingce/report/3706851992,言语理解与表达,,单选题,2025-12-01 12:07:26,B,B,正确,江苏省考,2024,公务员,5,2024年江苏省公务员录用考试《行测》题（A类）（网友回忆版）,江苏省考,行测,2026-08-08 23:53:16
17900951,https://www.fenbi.com/spa/tiku/#/xingce/report/3706851992,言语理解与表达,,单选题,2025-12-01 12:07:26,C,A,错误,江苏省考,2024,公务员,4,2024年江苏省公务员录用考试《行测》题（A类）（网友回忆版）,江苏省考,行测,2026-08-08 23:53:16
17900726,https://www.fenbi.com/spa/tiku/#/xingce/report/3706851992,言语理解与表达,,单选题,2025-12-01 12:07:26,B,B,正确,江苏省考,2024,公务员,4,2024年江苏省公务员录用考试《行测》题（A类）（网友回忆版）,江苏省考,行测,2026-08-08 23:53:16
17900924,https://www.fenbi.com/spa/tiku/#/xingce/report/3706851992,言语理解与表达,,单选题,2025-12-01 12:07:26,0,0,正确,江苏省考,2024,公务员,4,2024年江苏省公务员录用考试《行测》题（A类）（网友回忆版）,江苏省考,行测,2026-08-08 23:53:16
17900918,https://www.fenbi.com/spa/tiku/#/xingce/report/3706851992,言语理解与表达,,单选题,2025-12-01 12:07:26,A,C,错误,江苏省考,2024,公务员,5,2024年江苏省公务员录用考试《行测》题（A类）（网友回忆版）,江苏省考,行测,2026-08-08 23:53:16
17900935,https://www.fenbi.com/spa/tiku/#/xingce/report/3706851992,言语理解与表达,,单选题,2025-12-01 12:07:26,A,A,正确,江苏省考,2024,公务员,4,2024年江苏省公务员录用考试《行测》题（A类）（网友回忆版）,江苏省考,行测,2026-08-08 23:53:16
10204658,https://www.fenbi.com/spa/tiku/#/xingce/report/3706851992,言语理解与表达,,单选题,2025-12-01 12:07:26,C,C,正确,江苏省考,2024,公务员,5,2024年江苏省公务员录用考试《行测》题（A类）（网友回忆版）,江苏省考,行测,2026-08-08 23:53:16
17900722,https://www.fenbi.com/spa/tiku/#/xingce/report/3706851992,言语理解与表达,,单选题,2025-12-01 12:07:26,C,C,正确,江苏省考,2024,公务员,4,2024年江苏省公务员录用考试《行测》题（A类）（网友回忆版）,江苏省考,行测,2026-08-08 23:53:16
5919289,https://www.fenbi.com/spa/tiku/#/xingce/report/3706851992,言语理解与表达,,单选题,2025-12-01 12:07:26,B,B,正确,江苏省考,2024,公务员,5,2024年江苏省公务员录用考试《行测》题（A类）（网友回忆版）,江苏省考,行测,2026-08-08 23:53:16
17900922,https://www.fenbi.com/spa/tiku/#/xingce/report/3706851992,言语理解与表达,,单选题,2025-12-01 12:07:26,0,0,正确,江苏省考,2024,公务员,4,2024年江苏省公务员录用考试《行测》题（A类）（网友回忆版）,江苏省考,行测,2026-08-08 23:53:16
5919292,https://www.fenbi.com/spa/tiku/#/xingce/report/3706851992,言语理解与表达,,单选题,2025-12-01 12:07:26,C,0,错误,江苏省考,2024,公务员,4,2024年江苏省公务员录用考试《行测》题（A类）（网友回忆版）,江苏省考,行测,2026-08-08 23:53:16
13628170,https://www.fenbi.com/spa/tiku/#/xingce/report/3706851992,言语理解与表达,,单选题,2025-12-01 12:07:26,A,A,正确,江苏省考,2024,公务员,5,2024年江苏省公务员录用考试《行测》题（A类）（网友回忆版）,江苏省考,行测,2026-08-08 23:53:16
17900928,https://www.fenbi.com/spa/tiku/#/xingce/report/3706851992,言语理解与表达,,单选题,2025-12-01 12:07:26,B,0,错误,江苏省考,2024,公务员,4,2024年江苏省公务员录用考试《行测》题（A类）（网友回忆版）,江苏省考,行测,2026-08-08 23:53:16
17900933,https://www.fenbi.com/spa/tiku/#/xingce/report/3706851992,言语理解与表达,,单选题,2025-12-01 12:07:26,0,C,错误,江苏省考,2024,公务员,4,2024年江苏省公务员录用考试《行测》题（A类）（网友回忆版）,江苏省考,行测,2026-08-08 23:53:16
5919300,https://www.fenbi.com/spa/tiku/#/xingce/report/3706851992,言语理解与表达,,单选题,2025-12-01 12:07:26,B,B,正确,江苏省考,2024,公务员,4,2024年江苏省公务员录用考试《行测》题（A类）（网友回忆版）,江苏省考,行测,2026-08-08 23:53:16
5919324,https://www.fenbi.com/spa/tiku/#/xingce/report/3706851992,言语理解与表达,,单选题,2025-12-01 12:07:26,A,A,正确,江苏省考,2024,公务员,5,2024年江苏省公务员录用考试《行测》题（A类）（网友回忆版）,江苏省考,行测,2026-08-08 23:53:16
5919311,https://www.fenbi.com/spa/tiku/#/xingce/report/3706851992,言语理解与表达,,单选题,2025-12-01 12:07:26,0,0,正确,江苏省考,2024,公务员,4,2024年江苏省公务员录用考试《行测》题（A类）（网友回忆版）,江苏省考,行测,2026-08-08 23:53:16
5919341,https://www.fenbi.com/spa/tiku/#/xingce/report/3706851992,言语理解与表达,,单选题,2025-12-01 12:07:26,A,A,正确,江苏省考,2024,公务员,4,2024年江苏省公务员录用考试《行测》题（A类）（网友回忆版）,江苏省考,行测,2026-08-08 23:53:16
13628175,https://www.fenbi.com/spa/tiku/#/xingce/report/3706851992,言语理解与表达,,单选题,2025-12-01 12:07:26,B,B,正确,江苏省考,2024,公务员,5,2024年江苏省公务员录用考试《行测》题（A类）（网友回忆版）,江苏省考,行测,2026-08-08 23:53:16
13628187,https://www.fenbi.com/spa/tiku/#/xingce/report/3706851992,言语理解与表达,,单选题,2025-12-01 12:07:26,A,B,错误,江苏省考,2024,公务员,5,2024年江苏省公务员录用考试《行测》题（A类）（网友回忆版）,江苏省考,行测,2026-08-08 23:53:16
17900963,https://www.fenbi.com/spa/tiku/#/xingce/report/3706851992,言语理解与表达,,单选题,2025-12-01 12:07:26,C,C,正确,江苏省考,2024,公务员,4,2024年江苏省公务员录用考试《行测》题（A类）（网友回忆版）,江苏省考,行测,2026-08-08 23:53:16
13628191,https://www.fenbi.com/spa/tiku/#/xingce/report/3706851992,言语理解与表达,,单选题,2025-12-01 12:07:26,0,0,正确,江苏省考,2024,公务员,5,2024年江苏省公务员录用考试《行测》题（A类）（网友回忆版）,江苏省考,行测,2026-08-08 23:53:16
13628198,https://www.fenbi.com/spa/tiku/#/xingce/report/3706851992,言语理解与表达,,单选题,2025-12-01 12:07:26,A,A,正确,江苏省考,2024,公务员,4,2024年江苏省公务员录用考试《行测》题（A类）（网友回忆版）,江苏省考,行测,2026-08-08 23:53:16
13628200,https://www.fenbi.com/spa/tiku/#/xingce/report/3706851992,言语理解与表达,,单选题,2025-12-01 12:07:26,0,0,正确,江苏省考,2024,公务员,4,2024年江苏省公务员录用考试《行测》题（A类）（网友回忆版）,江苏省考,行测,2026-08-08 23:53:16
13628202,https://www.fenbi.com/spa/tiku/#/xingce/report/3706851992,言语理解与表达,,单选题,2025-12-01 12:07:26,B,B,正确,江苏省考,2024,公务员,4,2024年江苏省公务员录用考试《行测》题（A类）（网友回忆版）,江苏省考,行测,2026-08-08 23:53:16
13628205,https://www.fenbi.com/spa/tiku/#/xingce/report/3706851992,言语理解与表达,,单选题,2025-12-01 12:07:26,C,C,正确,江苏省考,2024,公务员,4,2024年江苏省公务员录用考试《行测》题（A类）（网友回忆版）,江苏省考,行测,2026-08-08 23:53:16
13628207,https://www.fenbi.com/spa/tiku/#/xingce/report/3706851992,言语理解与表达,,单选题,2025-12-01 12:07:26,A,A,正确,江苏省考,2024,公务员,6,2024年江苏省公务员录用考试《行测》题（A类）（网友回忆版）,江苏省考,行测,2026-08-08 23:53:16
5919074,https://www.fenbi.com/spa/tiku/#/xingce/report/3706851992,数量关系,,单选题,2025-12-01 12:07:26,C,C,正确,江苏省考,2024,公务员,4,2024年江苏省公务员录用考试《行测》题（A类）（网友回忆版）,江苏省考,行测,2026-08-08 23:53:16
5919075,https://www.fenbi.com/spa/tiku/#/xingce/report/3706851992,数量关系,,单选题,2025-12-01 12:07:26,A,A,正确,江苏省考,2024,公务员,4,2024年江苏省公务员录用考试《行测》题（A类）（网友回忆版）,江苏省考,行测,2026-08-08 23:53:16
5919077,https://www.fenbi.com/spa/tiku/#/xingce/report/3706851992,数量关系,,单选题,2025-12-01 12:07:26,0,0,正确,江苏省考,2024,公务员,4,2024年江苏省公务员录用考试《行测》题（A类）（网友回忆版）,江苏省考,行测,2026-08-08 23:53:16
5919079,https://www.fenbi.com/spa/tiku/#/xingce/report/3706851992,数量关系,,单选题,2025-12-01 12:07:26,C,B,错误,江苏省考,2024,公务员,5,2024年江苏省公务员录用考试《行测》题（A类）（网友回忆版）,江苏省考,行测,2026-08-08 23:53:16
5919082,https://www.fenbi.com/spa/tiku/#/xingce/report/3706851992,数量关系,,单选题,2025-12-01 12:07:26,B,B,正确,江苏省考,2024,公务员,4,2024年江苏省公务员录用考试《行测》题（A类）（网友回忆版）,江苏省考,行测,2026-08-08 23:53:16
5919083,https://www.fenbi.com/spa/tiku/#/xingce/report/3706851992,数量关系,,单选题,2025-12-01 12:07:26,C,C,正确,江苏省考,2024,公务员,3,2024年江苏省公务员录用考试《行测》题（A类）（网友回忆版）,江苏省考,行测,2026-08-08 23:53:16
5919084,https://www.fenbi.com/spa/tiku/#/xingce/report/3706851992,数量关系,,单选题,2025-12-01 12:07:26,A,A,正确,江苏省考,2024,公务员,4,2024年江苏省公务员录用考试《行测》题（A类）（网友回忆版）,江苏省考,行测,2026-08-08 23:53:16
5919085,https://www.fenbi.com/spa/tiku/#/xingce/report/3706851992,数量关系,,单选题,2025-12-01 12:07:26,C,C,正确,江苏省考,2024,公务员,4,2024年江苏省公务员录用考试《行测》题（A类）（网友回忆版）,江苏省考,行测,2026-08-08 23:53:16
15121118,https://www.fenbi.com/spa/tiku/#/xingce/report/3706851992,数量关系,,单选题,2025-12-01 12:07:26,A,0,错误,江苏省考,2024,公务员,4,2024年江苏省公务员录用考试《行测》题（A类）（网友回忆版）,江苏省考,行测,2026-08-08 23:53:16
5919088,https://www.fenbi.com/spa/tiku/#/xingce/report/3706851992,数量关系,,单选题,2025-12-01 12:07:26,B,B,正确,江苏省考,2024,公务员,4,2024年江苏省公务员录用考试《行测》题（A类）（网友回忆版）,江苏省考,行测,2026-08-08 23:53:16
5919089,https://www.fenbi.com/spa/tiku/#/xingce/report/3706851992,数量关系,,单选题,2025-12-01 12:07:26,A,A,正确,江苏省考,2024,公务员,4,2024年江苏省公务员录用考试《行测》题（A类）（网友回忆版）,江苏省考,行测,2026-08-08 23:53:16
5919090,https://www.fenbi.com/spa/tiku/#/xingce/report/3706851992,数量关系,,单选题,2025-12-01 12:07:26,B,B,正确,江苏省考,2024,公务员,3,2024年江苏省公务员录用考试《行测》题（A类）（网友回忆版）,江苏省考,行测,2026-08-08 23:53:16
5919092,https://www.fenbi.com/spa/tiku/#/xingce/report/3706851992,数量关系,,单选题,2025-12-01 12:07:26,A,A,正确,江苏省考,2024,公务员,4,2024年江苏省公务员录用考试《行测》题（A类）（网友回忆版）,江苏省考,行测,2026-08-08 23:53:16
5919095,https://www.fenbi.com/spa/tiku/#/xingce/report/3706851992,数量关系,,单选题,2025-12-01 12:07:26,C,C,正确,江苏省考,2024,公务员,4,2024年江苏省公务员录用考试《行测》题（A类）（网友回忆版）,江苏省考,行测,2026-08-08 23:53:16
5919097,https://www.fenbi.com/spa/tiku/#/xingce/report/3706851992,数量关系,,单选题,2025-12-01 12:07:26,B,B,正确,江苏省考,2024,公务员,4,2024年江苏省公务员录用考试《行测》题（A类）（网友回忆版）,江苏省考,行测,2026-08-08 23:53:16
5919099,https://www.fenbi.com/spa/tiku/#/xingce/report/3706851992,数量关系,,单选题,2025-12-01 12:07:26,A,0,错误,江苏省考,2024,公务员,4,2024年江苏省公务员录用考试《行测》题（A类）（网友回忆版）,江苏省考,行测,2026-08-08 23:53:16
5919100,https://www.fenbi.com/spa/tiku/#/xingce/report/3706851992,数量关系,,单选题,2025-12-01 12:07:26,B,B,正确,江苏省考,2024,公务员,5,2024年江苏省公务员录用考试《行测》题（A类）（网友回忆版）,江苏省考,行测,2026-08-08 23:53:16
5919101,https://www.fenbi.com/spa/tiku/#/xingce/report/3706851992,数量关系,,单选题,2025-12-01 12:07:26,0,0,正确,江苏省考,2024,公务员,5,2024年江苏省公务员录用考试《行测》题（A类）（网友回忆版）,江苏省考,行测,2026-08-08 23:53:16
5919108,https://www.fenbi.com/spa/tiku/#/xingce/report/3706851992,数量关系,,单选题,2025-12-01 12:07:26,B,B,正确,江苏省考,2024,公务员,4,2024年江苏省公务员录用考试《行测》题（A类）（网友回忆版）,江苏省考,行测,2026-08-08 23:53:16
5919119,https://www.fenbi.com/spa/tiku/#/xingce/report/3706851992,数量关系,,单选题,2025-12-01 12:07:26,0,0,正确,江苏省考,2024,公务员,4,2024年江苏省公务员录用考试《行测》题（A类）（网友回忆版）,江苏省考,行测,2026-08-08 23:53:16
5919637,https://www.fenbi.com/spa/tiku/#/xingce/report/3706851992,判断推理,,单选题,2025-12-01 12:07:26,C,C,正确,江苏省考,2024,公务员,5,2024年江苏省公务员录用考试《行测》题（A类）（网友回忆版）,江苏省考,行测,2026-08-08 23:53:16
5919659,https://www.fenbi.com/spa/tiku/#/xingce/report/3706851992,判断推理,,单选题,2025-12-01 12:07:26,B,B,正确,江苏省考,2024,公务员,5,2024年江苏省公务员录用考试《行测》题（A类）（网友回忆版）,江苏省考,行测,2026-08-08 23:53:16
5919643,https://www.fenbi.com/spa/tiku/#/xingce/report/3706851992,判断推理,,单选题,2025-12-01 12:07:26,C,C,正确,江苏省考,2024,公务员,5,2024年江苏省公务员录用考试《行测》题（A类）（网友回忆版）,江苏省考,行测,2026-08-08 23:53:16
12334408,https://www.fenbi.com/spa/tiku/#/xingce/report/3706851992,判断推理,,单选题,2025-12-01 12:07:26,B,B,正确,江苏省考,2024,公务员,5,2024年江苏省公务员录用考试《行测》题（A类）（网友回忆版）,江苏省考,行测,2026-08-08 23:53:16
5919658,https://www.fenbi.com/spa/tiku/#/xingce/report/3706851992,判断推理,,单选题,2025-12-01 12:07:26,C,A,错误,江苏省考,2024,公务员,5,2024年江苏省公务员录用考试《行测》题（A类）（网友回忆版）,江苏省考,行测,2026-08-08 23:53:16
17900967,https://www.fenbi.com/spa/tiku/#/xingce/report/3706851992,判断推理,,单选题,2025-12-01 12:07:26,B,0,错误,江苏省考,2024,公务员,5,2024年江苏省公务员录用考试《行测》题（A类）（网友回忆版）,江苏省考,行测,2026-08-08 23:53:16
17900968,https://www.fenbi.com/spa/tiku/#/xingce/report/3706851992,判断推理,,单选题,2025-12-01 12:07:26,A,A,正确,江苏省考,2024,公务员,5,2024年江苏省公务员录用考试《行测》题（A类）（网友回忆版）,江苏省考,行测,2026-08-08 23:53:16
17900969,https://www.fenbi.com/spa/tiku/#/xingce/report/3706851992,判断推理,,单选题,2025-12-01 12:07:26,C,C,正确,江苏省考,2024,公务员,5,2024年江苏省公务员录用考试《行测》题（A类）（网友回忆版）,江苏省考,行测,2026-08-08 23:53:16
5919649,https://www.fenbi.com/spa/tiku/#/xingce/report/3706851992,判断推理,,单选题,2025-12-01 12:07:26,0,0,正确,江苏省考,2024,公务员,5,2024年江苏省公务员录用考试《行测》题（A类）（网友回忆版）,江苏省考,行测,2026-08-08 23:53:16
5919655,https://www.fenbi.com/spa/tiku/#/xingce/report/3706851992,判断推理,,单选题,2025-12-01 12:07:26,B,0,错误,江苏省考,2024,公务员,5,2024年江苏省公务员录用考试《行测》题（A类）（网友回忆版）,江苏省考,行测,2026-08-08 23:53:16
10204675,https://www.fenbi.com/spa/tiku/#/xingce/report/3706851992,判断推理,,单选题,2025-12-01 12:07:26,0,0,正确,江苏省考,2024,公务员,5,2024年江苏省公务员录用考试《行测》题（A类）（网友回忆版）,江苏省考,行测,2026-08-08 23:53:16
17900833,https://www.fenbi.com/spa/tiku/#/xingce/report/3706851992,判断推理,,单选题,2025-12-01 12:07:26,0,C,错误,江苏省考,2024,公务员,5,2024年江苏省公务员录用考试《行测》题（A类）（网友回忆版）,江苏省考,行测,2026-08-08 23:53:16
16095253,https://www.fenbi.com/spa/tiku/#/xingce/report/3706851992,判断推理,,单选题,2025-12-01 12:07:26,A,A,正确,江苏省考,2024,公务员,5,2024年江苏省公务员录用考试《行测》题（A类）（网友回忆版）,江苏省考,行测,2026-08-08 23:53:16
12334416,https://www.fenbi.com/spa/tiku/#/xingce/report/3706851992,判断推理,,单选题,2025-12-01 12:07:26,A,A,正确,江苏省考,2024,公务员,5,2024年江苏省公务员录用考试《行测》题（A类）（网友回忆版）,江苏省考,行测,2026-08-08 23:53:16
10975255,https://www.fenbi.com/spa/tiku/#/xingce/report/3706851992,判断推理,,单选题,2025-12-01 12:07:26,0,0,正确,江苏省考,2024,公务员,5,2024年江苏省公务员录用考试《行测》题（A类）（网友回忆版）,江苏省考,行测,2026-08-08 23:53:16
17900966,https://www.fenbi.com/spa/tiku/#/xingce/report/3706851992,判断推理,,单选题,2025-12-01 12:07:26,A,A,正确,江苏省考,2024,公务员,5,2024年江苏省公务员录用考试《行测》题（A类）（网友回忆版）,江苏省考,行测,2026-08-08 23:53:16
17900982,https://www.fenbi.com/spa/tiku/#/xingce/report/3706851992,判断推理,,单选题,2025-12-01 12:07:26,0,0,正确,江苏省考,2024,公务员,5,2024年江苏省公务员录用考试《行测》题（A类）（网友回忆版）,江苏省考,行测,2026-08-08 23:53:16
10975247,https://www.fenbi.com/spa/tiku/#/xingce/report/3706851992,判断推理,,单选题,2025-12-01 12:07:26,A,A,正确,江苏省考,2024,公务员,5,2024年江苏省公务员录用考试《行测》题（A类）（网友回忆版）,江苏省考,行测,2026-08-08 23:53:16
16095258,https://www.fenbi.com/spa/tiku/#/xingce/report/3706851992,判断推理,,单选题,2025-12-01 12:07:26,A,A,正确,江苏省考,2024,公务员,5,2024年江苏省公务员录用考试《行测》题（A类）（网友回忆版）,江苏省考,行测,2026-08-08 23:53:16
17900987,https://www.fenbi.com/spa/tiku/#/xingce/report/3706851992,判断推理,,单选题,2025-12-01 12:07:26,C,C,正确,江苏省考,2024,公务员,5,2024年江苏省公务员录用考试《行测》题（A类）（网友回忆版）,江苏省考,行测,2026-08-08 23:53:16
10975248,https://www.fenbi.com/spa/tiku/#/xingce/report/3706851992,判断推理,,单选题,2025-12-01 12:07:26,A,A,正确,江苏省考,2024,公务员,5,2024年江苏省公务员录用考试《行测》题（A类）（网友回忆版）,江苏省考,行测,2026-08-08 23:53:16
10975249,https://www.fenbi.com/spa/tiku/#/xingce/report/3706851992,判断推理,,单选题,2025-12-01 12:07:26,0,0,正确,江苏省考,2024,公务员,5,2024年江苏省公务员录用考试《行测》题（A类）（网友回忆版）,江苏省考,行测,2026-08-08 23:53:16
10975257,https://www.fenbi.com/spa/tiku/#/xingce/report/3706851992,判断推理,,单选题,2025-12-01 12:07:26,B,B,正确,江苏省考,2024,公务员,5,2024年江苏省公务员录用考试《行测》题（A类）（网友回忆版）,江苏省考,行测,2026-08-08 23:53:16
16095252,https://www.fenbi.com/spa/tiku/#/xingce/report/3706851992,判断推理,,单选题,2025-12-01 12:07:26,C,C,正确,江苏省考,2024,公务员,5,2024年江苏省公务员录用考试《行测》题（A类）（网友回忆版）,江苏省考,行测,2026-08-08 23:53:16
17900755,https://www.fenbi.com/spa/tiku/#/xingce/report/3706851992,判断推理,,单选题,2025-12-01 12:07:26,0,0,正确,江苏省考,2024,公务员,5,2024年江苏省公务员录用考试《行测》题（A类）（网友回忆版）,江苏省考,行测,2026-08-08 23:53:16
12304865,https://www.fenbi.com/spa/tiku/#/xingce/report/3706851992,判断推理,,单选题,2025-12-01 12:07:26,B,A,错误,江苏省考,2024,公务员,5,2024年江苏省公务员录用考试《行测》题（A类）（网友回忆版）,江苏省考,行测,2026-08-08 23:53:16
10975246,https://www.fenbi.com/spa/tiku/#/xingce/report/3706851992,判断推理,,单选题,2025-12-01 12:07:26,B,B,正确,江苏省考,2024,公务员,5,2024年江苏省公务员录用考试《行测》题（A类）（网友回忆版）,江苏省考,行测,2026-08-08 23:53:16
2579002,https://www.fenbi.com/spa/tiku/#/xingce/report/3706851992,判断推理,,单选题,2025-12-01 12:07:26,0,C,错误,江苏省考,2024,公务员,5,2024年江苏省公务员录用考试《行测》题（A类）（网友回忆版）,江苏省考,行测,2026-08-08 23:53:16
2172762,https://www.fenbi.com/spa/tiku/#/xingce/report/3706851992,判断推理,,单选题,2025-12-01 12:07:26,0,0,正确,江苏省考,2024,公务员,5,2024年江苏省公务员录用考试《行测》题（A类）（网友回忆版）,江苏省考,行测,2026-08-08 23:53:16
17900831,https://www.fenbi.com/spa/tiku/#/xingce/report/3706851992,判断推理,,单选题,2025-12-01 12:07:26,C,A,错误,江苏省考,2024,公务员,5,2024年江苏省公务员录用考试《行测》题（A类）（网友回忆版）,江苏省考,行测,2026-08-08 23:53:16
2172764,https://www.fenbi.com/spa/tiku/#/xingce/report/3706851992,判断推理,,单选题,2025-12-01 12:07:26,0,0,正确,江苏省考,2024,公务员,5,2024年江苏省公务员录用考试《行测》题（A类）（网友回忆版）,江苏省考,行测,2026-08-08 23:53:16
16095257,https://www.fenbi.com/spa/tiku/#/xingce/report/3706851992,判断推理,,单选题,2025-12-01 12:07:26,B,B,正确,江苏省考,2024,公务员,5,2024年江苏省公务员录用考试《行测》题（A类）（网友回忆版）,江苏省考,行测,2026-08-08 23:53:16
16095260,https://www.fenbi.com/spa/tiku/#/xingce/report/3706851992,判断推理,,单选题,2025-12-01 12:07:26,A,C,错误,江苏省考,2024,公务员,5,2024年江苏省公务员录用考试《行测》题（A类）（网友回忆版）,江苏省考,行测,2026-08-08 23:53:16
16095272,https://www.fenbi.com/spa/tiku/#/xingce/report/3706851992,判断推理,,单选题,2025-12-01 12:07:26,B,0,错误,江苏省考,2024,公务员,5,2024年江苏省公务员录用考试《行测》题（A类）（网友回忆版）,江苏省考,行测,2026-08-08 23:53:16
12304873,https://www.fenbi.com/spa/tiku/#/xingce/report/3706851992,判断推理,,单选题,2025-12-01 12:07:26,A,A,正确,江苏省考,2024,公务员,5,2024年江苏省公务员录用考试《行测》题（A类）（网友回忆版）,江苏省考,行测,2026-08-08 23:53:16
10975252,https://www.fenbi.com/spa/tiku/#/xingce/report/3706851992,判断推理,,单选题,2025-12-01 12:07:26,C,C,正确,江苏省考,2024,公务员,5,2024年江苏省公务员录用考试《行测》题（A类）（网友回忆版）,江苏省考,行测,2026-08-08 23:53:16
16095269,https://www.fenbi.com/spa/tiku/#/xingce/report/3706851992,判断推理,,单选题,2025-12-01 12:07:26,B,C,错误,江苏省考,2024,公务员,5,2024年江苏省公务员录用考试《行测》题（A类）（网友回忆版）,江苏省考,行测,2026-08-08 23:53:16
12304874,https://www.fenbi.com/spa/tiku/#/xingce/report/3706851992,判断推理,,单选题,2025-12-01 12:07:26,B,B,正确,江苏省考,2024,公务员,5,2024年江苏省公务员录用考试《行测》题（A类）（网友回忆版）,江苏省考,行测,2026-08-08 23:53:16
16095254,https://www.fenbi.com/spa/tiku/#/xingce/report/3706851992,判断推理,,单选题,2025-12-01 12:07:26,B,B,正确,江苏省考,2024,公务员,5,2024年江苏省公务员录用考试《行测》题（A类）（网友回忆版）,江苏省考,行测,2026-08-08 23:53:16
16095256,https://www.fenbi.com/spa/tiku/#/xingce/report/3706851992,判断推理,,单选题,2025-12-01 12:07:26,0,0,正确,江苏省考,2024,公务员,5,2024年江苏省公务员录用考试《行测》题（A类）（网友回忆版）,江苏省考,行测,2026-08-08 23:53:16
16095268,https://www.fenbi.com/spa/tiku/#/xingce/report/3706851992,判断推理,,单选题,2025-12-01 12:07:26,B,C,错误,江苏省考,2024,公务员,5,2024年江苏省公务员录用考试《行测》题（A类）（网友回忆版）,江苏省考,行测,2026-08-08 23:53:16
10975250,https://www.fenbi.com/spa/tiku/#/xingce/report/3706851992,判断推理,,单选题,2025-12-01 12:07:26,B,B,正确,江苏省考,2024,公务员,5,2024年江苏省公务员录用考试《行测》题（A类）（网友回忆版）,江苏省考,行测,2026-08-08 23:53:16
10975251,https://www.fenbi.com/spa/tiku/#/xingce/report/3706851992,判断推理,,单选题,2025-12-01 12:07:26,B,B,正确,江苏省考,2024,公务员,5,2024年江苏省公务员录用考试《行测》题（A类）（网友回忆版）,江苏省考,行测,2026-08-08 23:53:16
10975253,https://www.fenbi.com/spa/tiku/#/xingce/report/3706851992,判断推理,,单选题,2025-12-01 12:07:26,C,C,正确,江苏省考,2024,公务员,5,2024年江苏省公务员录用考试《行测》题（A类）（网友回忆版）,江苏省考,行测,2026-08-08 23:53:16
2172765,https://www.fenbi.com/spa/tiku/#/xingce/report/3706851992,判断推理,,单选题,2025-12-01 12:07:26,0,0,正确,江苏省考,2024,公务员,5,2024年江苏省公务员录用考试《行测》题（A类）（网友回忆版）,江苏省考,行测,2026-08-08 23:53:16
2172766,https://www.fenbi.com/spa/tiku/#/xingce/report/3706851992,判断推理,,单选题,2025-12-01 12:07:26,0,0,正确,江苏省考,2024,公务员,5,2024年江苏省公务员录用考试《行测》题（A类）（网友回忆版）,江苏省考,行测,2026-08-08 23:53:16
10975254,https://www.fenbi.com/spa/tiku/#/xingce/report/3706851992,判断推理,,单选题,2025-12-01 12:07:26,A,0,错误,江苏省考,2024,公务员,5,2024年江苏省公务员录用考试《行测》题（A类）（网友回忆版）,江苏省考,行测,2026-08-08 23:53:16
10975256,https://www.fenbi.com/spa/tiku/#/xingce/report/3706851992,判断推理,,单选题,2025-12-01 12:07:26,0,B,错误,江苏省考,2024,公务员,5,2024年江苏省公务员录用考试《行测》题（A类）（网友回忆版）,江苏省考,行测,2026-08-08 23:53:16
16095273,https://www.fenbi.com/spa/tiku/#/xingce/report/3706851992,判断推理,,单选题,2025-12-01 12:07:26,0,A,错误,江苏省考,2024,公务员,5,2024年江苏省公务员录用考试《行测》题（A类）（网友回忆版）,江苏省考,行测,2026-08-08 23:53:16
16095297,https://www.fenbi.com/spa/tiku/#/xingce/report/3706851992,判断推理,,单选题,2025-12-01 12:07:26,A,A,正确,江苏省考,2024,公务员,5,2024年江苏省公务员录用考试《行测》题（A类）（网友回忆版）,江苏省考,行测,2026-08-08 23:53:16
5919124,https://www.fenbi.com/spa/tiku/#/xingce/report/3706851992,资料分析,,单选题,2025-12-01 12:07:26,0,0,正确,江苏省考,2024,公务员,4,2024年江苏省公务员录用考试《行测》题（A类）（网友回忆版）,江苏省考,行测,2026-08-08 23:53:16
5919125,https://www.fenbi.com/spa/tiku/#/xingce/report/3706851992,资料分析,,单选题,2025-12-01 12:07:26,B,B,正确,江苏省考,2024,公务员,4,2024年江苏省公务员录用考试《行测》题（A类）（网友回忆版）,江苏省考,行测,2026-08-08 23:53:16
5919126,https://www.fenbi.com/spa/tiku/#/xingce/report/3706851992,资料分析,,单选题,2025-12-01 12:07:26,A,A,正确,江苏省考,2024,公务员,4,2024年江苏省公务员录用考试《行测》题（A类）（网友回忆版）,江苏省考,行测,2026-08-08 23:53:16
5919129,https://www.fenbi.com/spa/tiku/#/xingce/report/3706851992,资料分析,,单选题,2025-12-01 12:07:26,C,C,正确,江苏省考,2024,公务员,3,2024年江苏省公务员录用考试《行测》题（A类）（网友回忆版）,江苏省考,行测,2026-08-08 23:53:16
5919131,https://www.fenbi.com/spa/tiku/#/xingce/report/3706851992,资料分析,,单选题,2025-12-01 12:07:26,0,A,错误,江苏省考,2024,公务员,5,2024年江苏省公务员录用考试《行测》题（A类）（网友回忆版）,江苏省考,行测,2026-08-08 23:53:16
17900761,https://www.fenbi.com/spa/tiku/#/xingce/report/3706851992,资料分析,,单选题,2025-12-01 12:07:26,A,A,正确,江苏省考,2024,公务员,4,2024年江苏省公务员录用考试《行测》题（A类）（网友回忆版）,江苏省考,行测,2026-08-08 23:53:16
17900762,https://www.fenbi.com/spa/tiku/#/xingce/report/3706851992,资料分析,,单选题,2025-12-01 12:07:26,B,B,正确,江苏省考,2024,公务员,3,2024年江苏省公务员录用考试《行测》题（A类）（网友回忆版）,江苏省考,行测,2026-08-08 23:53:16
17900763,https://www.fenbi.com/spa/tiku/#/xingce/report/3706851992,资料分析,,单选题,2025-12-01 12:07:26,0,0,正确,江苏省考,2024,公务员,4,2024年江苏省公务员录用考试《行测》题（A类）（网友回忆版）,江苏省考,行测,2026-08-08 23:53:16
17900764,https://www.fenbi.com/spa/tiku/#/xingce/report/3706851992,资料分析,,单选题,2025-12-01 12:07:26,B,B,正确,江苏省考,2024,公务员,4,2024年江苏省公务员录用考试《行测》题（A类）（网友回忆版）,江苏省考,行测,2026-08-08 23:53:16
17900765,https://www.fenbi.com/spa/tiku/#/xingce/report/3706851992,资料分析,,单选题,2025-12-01 12:07:26,A,A,正确,江苏省考,2024,公务员,5,2024年江苏省公务员录用考试《行测》题（A类）（网友回忆版）,江苏省考,行测,2026-08-08 23:53:16
15121225,https://www.fenbi.com/spa/tiku/#/xingce/report/3706851992,资料分析,,单选题,2025-12-01 12:07:26,A,A,正确,江苏省考,2024,公务员,4,2024年江苏省公务员录用考试《行测》题（A类）（网友回忆版）,江苏省考,行测,2026-08-08 23:53:16
15121239,https://www.fenbi.com/spa/tiku/#/xingce/report/3706851992,资料分析,,单选题,2025-12-01 12:07:26,B,B,正确,江苏省考,2024,公务员,3,2024年江苏省公务员录用考试《行测》题（A类）（网友回忆版）,江苏省考,行测,2026-08-08 23:53:16
15121249,https://www.fenbi.com/spa/tiku/#/xingce/report/3706851992,资料分析,,单选题,2025-12-01 12:07:26,A,C,错误,江苏省考,2024,公务员,4,2024年江苏省公务员录用考试《行测》题（A类）（网友回忆版）,江苏省考,行测,2026-08-08 23:53:16
15121370,https://www.fenbi.com/spa/tiku/#/xingce/report/3706851992,资料分析,,单选题,2025-12-01 12:07:26,0,0,正确,江苏省考,2024,公务员,5,2024年江苏省公务员录用考试《行测》题（A类）（网友回忆版）,江苏省考,行测,2026-08-08 23:53:16
15121381,https://www.fenbi.com/spa/tiku/#/xingce/report/3706851992,资料分析,,单选题,2025-12-01 12:07:26,C,C,正确,江苏省考,2024,公务员,4,2024年江苏省公务员录用考试《行测》题（A类）（网友回忆版）,江苏省考,行测,2026-08-08 23:53:16
17900916,https://www.fenbi.com/spa/tiku/#/xingce/report/3706851992,资料分析,,单选题,2025-12-01 12:07:26,B,B,正确,江苏省考,2024,公务员,3,2024年江苏省公务员录用考试《行测》题（A类）（网友回忆版）,江苏省考,行测,2026-08-08 23:53:16
17900920,https://www.fenbi.com/spa/tiku/#/xingce/report/3706851992,资料分析,,单选题,2025-12-01 12:07:26,C,C,正确,江苏省考,2024,公务员,3,2024年江苏省公务员录用考试《行测》题（A类）（网友回忆版）,江苏省考,行测,2026-08-08 23:53:16
17900939,https://www.fenbi.com/spa/tiku/#/xingce/report/3706851992,资料分析,,单选题,2025-12-01 12:07:26,B,A,错误,江苏省考,2024,公务员,4,2024年江苏省公务员录用考试《行测》题（A类）（网友回忆版）,江苏省考,行测,2026-08-08 23:53:16
17900953,https://www.fenbi.com/spa/tiku/#/xingce/report/3706851992,资料分析,,单选题,2025-12-01 12:07:26,0,0,正确,江苏省考,2024,公务员,5,2024年江苏省公务员录用考试《行测》题（A类）（网友回忆版）,江苏省考,行测,2026-08-08 23:53:16
17900955,https://www.fenbi.com/spa/tiku/#/xingce/report/3706851992,资料分析,,单选题,2025-12-01 12:07:26,A,A,正确,江苏省考,2024,公务员,5,2024年江苏省公务员录用考试《行测》题（A类）（网友回忆版）,江苏省考,行测,2026-08-08 23:53:16
18018785,https://www.fenbi.com/spa/tiku/#/xingce/report/3705055130,政治理论,,单选题,2025-11-30 15:25:18,B,B,正确,模考,,公务员,4,2025下半年省考第二十季行测模考大赛（江苏A卷）,模考,行测,2026-08-08 23:53:16
18018786,https://www.fenbi.com/spa/tiku/#/xingce/report/3705055130,政治理论,,单选题,2025-11-30 15:25:18,C,0,错误,模考,,公务员,7,2025下半年省考第二十季行测模考大赛（江苏A卷）,模考,行测,2026-08-08 23:53:16
18018789,https://www.fenbi.com/spa/tiku/#/xingce/report/3705055130,政治理论,,单选题,2025-11-30 15:25:18,B,B,正确,模考,,公务员,6,2025下半年省考第二十季行测模考大赛（江苏A卷）,模考,行测,2026-08-08 23:53:16
18018790,https://www.fenbi.com/spa/tiku/#/xingce/report/3705055130,政治理论,,单选题,2025-11-30 15:25:18,A,A,正确,模考,,公务员,6,2025下半年省考第二十季行测模考大赛（江苏A卷）,模考,行测,2026-08-08 23:53:16
18018791,https://www.fenbi.com/spa/tiku/#/xingce/report/3705055130,政治理论,,单选题,2025-11-30 15:25:18,A,A,正确,模考,,公务员,7,2025下半年省考第二十季行测模考大赛（江苏A卷）,模考,行测,2026-08-08 23:53:16
18018794,https://www.fenbi.com/spa/tiku/#/xingce/report/3705055130,政治理论,,单选题,2025-11-30 15:25:18,B,B,正确,模考,,公务员,5,2025下半年省考第二十季行测模考大赛（江苏A卷）,模考,行测,2026-08-08 23:53:16
18018795,https://www.fenbi.com/spa/tiku/#/xingce/report/3705055130,政治理论,,单选题,2025-11-30 15:25:18,B,B,正确,模考,,公务员,4,2025下半年省考第二十季行测模考大赛（江苏A卷）,模考,行测,2026-08-08 23:53:16
18018796,https://www.fenbi.com/spa/tiku/#/xingce/report/3705055130,政治理论,,单选题,2025-11-30 15:25:18,A,B,错误,模考,,公务员,6,2025下半年省考第二十季行测模考大赛（江苏A卷）,模考,行测,2026-08-08 23:53:16
18018797,https://www.fenbi.com/spa/tiku/#/xingce/report/3705055130,政治理论,,单选题,2025-11-30 15:25:18,B,B,正确,模考,,公务员,4,2025下半年省考第二十季行测模考大赛（江苏A卷）,模考,行测,2026-08-08 23:53:16
18018812,https://www.fenbi.com/spa/tiku/#/xingce/report/3705055130,政治理论,,单选题,2025-11-30 15:25:18,0,A,错误,模考,,公务员,7,2025下半年省考第二十季行测模考大赛（江苏A卷）,模考,行测,2026-08-08 23:53:16
18018815,https://www.fenbi.com/spa/tiku/#/xingce/report/3705055130,常识判断,,单选题,2025-11-30 15:25:18,B,B,正确,模考,,公务员,6,2025下半年省考第二十季行测模考大赛（江苏A卷）,模考,行测,2026-08-08 23:53:16
18018816,https://www.fenbi.com/spa/tiku/#/xingce/report/3705055130,常识判断,,单选题,2025-11-30 15:25:18,B,B,正确,模考,,公务员,6,2025下半年省考第二十季行测模考大赛（江苏A卷）,模考,行测,2026-08-08 23:53:16
18018818,https://www.fenbi.com/spa/tiku/#/xingce/report/3705055130,常识判断,,单选题,2025-11-30 15:25:18,B,A,错误,模考,,公务员,7,2025下半年省考第二十季行测模考大赛（江苏A卷）,模考,行测,2026-08-08 23:53:16
18018819,https://www.fenbi.com/spa/tiku/#/xingce/report/3705055130,常识判断,,单选题,2025-11-30 15:25:18,B,C,错误,模考,,公务员,7,2025下半年省考第二十季行测模考大赛（江苏A卷）,模考,行测,2026-08-08 23:53:16
18018841,https://www.fenbi.com/spa/tiku/#/xingce/report/3705055130,常识判断,,单选题,2025-11-30 15:25:18,B,C,错误,模考,,公务员,7,2025下半年省考第二十季行测模考大赛（江苏A卷）,模考,行测,2026-08-08 23:53:16
18018847,https://www.fenbi.com/spa/tiku/#/xingce/report/3705055130,常识判断,,单选题,2025-11-30 15:25:18,B,B,正确,模考,,公务员,3,2025下半年省考第二十季行测模考大赛（江苏A卷）,模考,行测,2026-08-08 23:53:16
18018848,https://www.fenbi.com/spa/tiku/#/xingce/report/3705055130,常识判断,,单选题,2025-11-30 15:25:18,B,B,正确,模考,,公务员,3,2025下半年省考第二十季行测模考大赛（江苏A卷）,模考,行测,2026-08-08 23:53:16
18018851,https://www.fenbi.com/spa/tiku/#/xingce/report/3705055130,常识判断,,单选题,2025-11-30 15:25:18,B,B,正确,模考,,公务员,5,2025下半年省考第二十季行测模考大赛（江苏A卷）,模考,行测,2026-08-08 23:53:16
18018852,https://www.fenbi.com/spa/tiku/#/xingce/report/3705055130,常识判断,,单选题,2025-11-30 15:25:18,B,A,错误,模考,,公务员,6,2025下半年省考第二十季行测模考大赛（江苏A卷）,模考,行测,2026-08-08 23:53:16
18018856,https://www.fenbi.com/spa/tiku/#/xingce/report/3705055130,常识判断,,单选题,2025-11-30 15:25:18,B,C,错误,模考,,公务员,7,2025下半年省考第二十季行测模考大赛（江苏A卷）,模考,行测,2026-08-08 23:53:16
19393892,https://www.fenbi.com/spa/tiku/#/xingce/report/3705055130,言语理解与表达,,单选题,2025-11-30 15:25:18,A,A,正确,模考,,公务员,6,2025下半年省考第二十季行测模考大赛（江苏A卷）,模考,行测,2026-08-08 23:53:16
19393625,https://www.fenbi.com/spa/tiku/#/xingce/report/3705055130,言语理解与表达,,单选题,2025-11-30 15:25:18,A,A,正确,模考,,公务员,4,2025下半年省考第二十季行测模考大赛（江苏A卷）,模考,行测,2026-08-08 23:53:16
19393895,https://www.fenbi.com/spa/tiku/#/xingce/report/3705055130,言语理解与表达,,单选题,2025-11-30 15:25:18,A,A,正确,模考,,公务员,6,2025下半年省考第二十季行测模考大赛（江苏A卷）,模考,行测,2026-08-08 23:53:16
19393899,https://www.fenbi.com/spa/tiku/#/xingce/report/3705055130,言语理解与表达,,单选题,2025-11-30 15:25:18,B,B,正确,模考,,公务员,4,2025下半年省考第二十季行测模考大赛（江苏A卷）,模考,行测,2026-08-08 23:53:16
19393903,https://www.fenbi.com/spa/tiku/#/xingce/report/3705055130,言语理解与表达,,单选题,2025-11-30 15:25:18,A,A,正确,模考,,公务员,4,2025下半年省考第二十季行测模考大赛（江苏A卷）,模考,行测,2026-08-08 23:53:16
19393906,https://www.fenbi.com/spa/tiku/#/xingce/report/3705055130,言语理解与表达,,单选题,2025-11-30 15:25:18,C,0,错误,模考,,公务员,6,2025下半年省考第二十季行测模考大赛（江苏A卷）,模考,行测,2026-08-08 23:53:16
19393909,https://www.fenbi.com/spa/tiku/#/xingce/report/3705055130,言语理解与表达,,单选题,2025-11-30 15:25:18,A,A,正确,模考,,公务员,6,2025下半年省考第二十季行测模考大赛（江苏A卷）,模考,行测,2026-08-08 23:53:16
19393910,https://www.fenbi.com/spa/tiku/#/xingce/report/3705055130,言语理解与表达,,单选题,2025-11-30 15:25:18,C,C,正确,模考,,公务员,4,2025下半年省考第二十季行测模考大赛（江苏A卷）,模考,行测,2026-08-08 23:53:16
19393912,https://www.fenbi.com/spa/tiku/#/xingce/report/3705055130,言语理解与表达,,单选题,2025-11-30 15:25:18,A,B,错误,模考,,公务员,6,2025下半年省考第二十季行测模考大赛（江苏A卷）,模考,行测,2026-08-08 23:53:16
19393917,https://www.fenbi.com/spa/tiku/#/xingce/report/3705055130,言语理解与表达,,单选题,2025-11-30 15:25:18,C,C,正确,模考,,公务员,4,2025下半年省考第二十季行测模考大赛（江苏A卷）,模考,行测,2026-08-08 23:53:16
19393918,https://www.fenbi.com/spa/tiku/#/xingce/report/3705055130,言语理解与表达,,单选题,2025-11-30 15:25:18,A,A,正确,模考,,公务员,3,2025下半年省考第二十季行测模考大赛（江苏A卷）,模考,行测,2026-08-08 23:53:16
19393923,https://www.fenbi.com/spa/tiku/#/xingce/report/3705055130,言语理解与表达,,单选题,2025-11-30 15:25:18,B,B,正确,模考,,公务员,6,2025下半年省考第二十季行测模考大赛（江苏A卷）,模考,行测,2026-08-08 23:53:16
19393925,https://www.fenbi.com/spa/tiku/#/xingce/report/3705055130,言语理解与表达,,单选题,2025-11-30 15:25:18,A,A,正确,模考,,公务员,4,2025下半年省考第二十季行测模考大赛（江苏A卷）,模考,行测,2026-08-08 23:53:16
19393635,https://www.fenbi.com/spa/tiku/#/xingce/report/3705055130,言语理解与表达,,单选题,2025-11-30 15:25:18,C,C,正确,模考,,公务员,3,2025下半年省考第二十季行测模考大赛（江苏A卷）,模考,行测,2026-08-08 23:53:16
19393622,https://www.fenbi.com/spa/tiku/#/xingce/report/3705055130,言语理解与表达,,单选题,2025-11-30 15:25:18,B,B,正确,模考,,公务员,4,2025下半年省考第二十季行测模考大赛（江苏A卷）,模考,行测,2026-08-08 23:53:16
19393862,https://www.fenbi.com/spa/tiku/#/xingce/report/3705055130,言语理解与表达,,单选题,2025-11-30 15:25:18,C,C,正确,模考,,公务员,4,2025下半年省考第二十季行测模考大赛（江苏A卷）,模考,行测,2026-08-08 23:53:16
19393867,https://www.fenbi.com/spa/tiku/#/xingce/report/3705055130,言语理解与表达,,单选题,2025-11-30 15:25:18,C,B,错误,模考,,公务员,7,2025下半年省考第二十季行测模考大赛（江苏A卷）,模考,行测,2026-08-08 23:53:16
19393868,https://www.fenbi.com/spa/tiku/#/xingce/report/3705055130,言语理解与表达,,单选题,2025-11-30 15:25:18,C,C,正确,模考,,公务员,4,2025下半年省考第二十季行测模考大赛（江苏A卷）,模考,行测,2026-08-08 23:53:16
19393871,https://www.fenbi.com/spa/tiku/#/xingce/report/3705055130,言语理解与表达,,单选题,2025-11-30 15:25:18,B,B,正确,模考,,公务员,4,2025下半年省考第二十季行测模考大赛（江苏A卷）,模考,行测,2026-08-08 23:53:16
19393874,https://www.fenbi.com/spa/tiku/#/xingce/report/3705055130,言语理解与表达,,单选题,2025-11-30 15:25:18,0,A,错误,模考,,公务员,6,2025下半年省考第二十季行测模考大赛（江苏A卷）,模考,行测,2026-08-08 23:53:16
19393877,https://www.fenbi.com/spa/tiku/#/xingce/report/3705055130,言语理解与表达,,单选题,2025-11-30 15:25:18,C,C,正确,模考,,公务员,3,2025下半年省考第二十季行测模考大赛（江苏A卷）,模考,行测,2026-08-08 23:53:16
19393883,https://www.fenbi.com/spa/tiku/#/xingce/report/3705055130,言语理解与表达,,单选题,2025-11-30 15:25:18,B,B,正确,模考,,公务员,3,2025下半年省考第二十季行测模考大赛（江苏A卷）,模考,行测,2026-08-08 23:53:16
19393888,https://www.fenbi.com/spa/tiku/#/xingce/report/3705055130,言语理解与表达,,单选题,2025-11-30 15:25:18,C,C,正确,模考,,公务员,4,2025下半年省考第二十季行测模考大赛（江苏A卷）,模考,行测,2026-08-08 23:53:16
19393889,https://www.fenbi.com/spa/tiku/#/xingce/report/3705055130,言语理解与表达,,单选题,2025-11-30 15:25:18,0,0,正确,模考,,公务员,6,2025下半年省考第二十季行测模考大赛（江苏A卷）,模考,行测,2026-08-08 23:53:16
19393891,https://www.fenbi.com/spa/tiku/#/xingce/report/3705055130,言语理解与表达,,单选题,2025-11-30 15:25:18,A,0,错误,模考,,公务员,6,2025下半年省考第二十季行测模考大赛（江苏A卷）,模考,行测,2026-08-08 23:53:16
16845010,https://www.fenbi.com/spa/tiku/#/xingce/report/3705055130,言语理解与表达,,单选题,2025-11-30 15:25:18,A,A,正确,模考,,公务员,4,2025下半年省考第二十季行测模考大赛（江苏A卷）,模考,行测,2026-08-08 23:53:16
16845011,https://www.fenbi.com/spa/tiku/#/xingce/report/3705055130,言语理解与表达,,单选题,2025-11-30 15:25:18,B,B,正确,模考,,公务员,3,2025下半年省考第二十季行测模考大赛（江苏A卷）,模考,行测,2026-08-08 23:53:16
16845012,https://www.fenbi.com/spa/tiku/#/xingce/report/3705055130,言语理解与表达,,单选题,2025-11-30 15:25:18,B,B,正确,模考,,公务员,3,2025下半年省考第二十季行测模考大赛（江苏A卷）,模考,行测,2026-08-08 23:53:16
16845013,https://www.fenbi.com/spa/tiku/#/xingce/report/3705055130,言语理解与表达,,单选题,2025-11-30 15:25:18,B,B,正确,模考,,公务员,4,2025下半年省考第二十季行测模考大赛（江苏A卷）,模考,行测,2026-08-08 23:53:16
16845014,https://www.fenbi.com/spa/tiku/#/xingce/report/3705055130,言语理解与表达,,单选题,2025-11-30 15:25:18,0,0,正确,模考,,公务员,4,2025下半年省考第二十季行测模考大赛（江苏A卷）,模考,行测,2026-08-08 23:53:16
18018991,https://www.fenbi.com/spa/tiku/#/xingce/report/3705055130,数量关系,,单选题,2025-11-30 15:25:18,A,B,错误,模考,,公务员,6,2025下半年省考第二十季行测模考大赛（江苏A卷）,模考,行测,2026-08-08 23:53:16
18018992,https://www.fenbi.com/spa/tiku/#/xingce/report/3705055130,数量关系,,单选题,2025-11-30 15:25:18,B,B,正确,模考,,公务员,4,2025下半年省考第二十季行测模考大赛（江苏A卷）,模考,行测,2026-08-08 23:53:16
18018993,https://www.fenbi.com/spa/tiku/#/xingce/report/3705055130,数量关系,,单选题,2025-11-30 15:25:18,A,0,错误,模考,,公务员,4,2025下半年省考第二十季行测模考大赛（江苏A卷）,模考,行测,2026-08-08 23:53:16
18018995,https://www.fenbi.com/spa/tiku/#/xingce/report/3705055130,数量关系,,单选题,2025-11-30 15:25:18,A,C,错误,模考,,公务员,6,2025下半年省考第二十季行测模考大赛（江苏A卷）,模考,行测,2026-08-08 23:53:16
18018996,https://www.fenbi.com/spa/tiku/#/xingce/report/3705055130,数量关系,,单选题,2025-11-30 15:25:18,A,A,正确,模考,,公务员,6,2025下半年省考第二十季行测模考大赛（江苏A卷）,模考,行测,2026-08-08 23:53:16
11047383,https://www.fenbi.com/spa/tiku/#/xingce/report/3705055130,数量关系,,单选题,2025-11-30 15:25:18,A,0,错误,模考,,公务员,7,2025下半年省考第二十季行测模考大赛（江苏A卷）,模考,行测,2026-08-08 23:53:16
11047384,https://www.fenbi.com/spa/tiku/#/xingce/report/3705055130,数量关系,,单选题,2025-11-30 15:25:18,A,C,错误,模考,,公务员,7,2025下半年省考第二十季行测模考大赛（江苏A卷）,模考,行测,2026-08-08 23:53:16
11047385,https://www.fenbi.com/spa/tiku/#/xingce/report/3705055130,数量关系,,单选题,2025-11-30 15:25:18,A,A,正确,模考,,公务员,6,2025下半年省考第二十季行测模考大赛（江苏A卷）,模考,行测,2026-08-08 23:53:16
11047386,https://www.fenbi.com/spa/tiku/#/xingce/report/3705055130,数量关系,,单选题,2025-11-30 15:25:18,A,B,错误,模考,,公务员,4,2025下半年省考第二十季行测模考大赛（江苏A卷）,模考,行测,2026-08-08 23:53:16
11047387,https://www.fenbi.com/spa/tiku/#/xingce/report/3705055130,数量关系,,单选题,2025-11-30 15:25:18,A,0,错误,模考,,公务员,7,2025下半年省考第二十季行测模考大赛（江苏A卷）,模考,行测,2026-08-08 23:53:16
11047388,https://www.fenbi.com/spa/tiku/#/xingce/report/3705055130,数量关系,,单选题,2025-11-30 15:25:18,A,C,错误,模考,,公务员,7,2025下半年省考第二十季行测模考大赛（江苏A卷）,模考,行测,2026-08-08 23:53:16
11047389,https://www.fenbi.com/spa/tiku/#/xingce/report/3705055130,数量关系,,单选题,2025-11-30 15:25:18,A,B,错误,模考,,公务员,6,2025下半年省考第二十季行测模考大赛（江苏A卷）,模考,行测,2026-08-08 23:53:16
11047390,https://www.fenbi.com/spa/tiku/#/xingce/report/3705055130,数量关系,,单选题,2025-11-30 15:25:18,A,0,错误,模考,,公务员,7,2025下半年省考第二十季行测模考大赛（江苏A卷）,模考,行测,2026-08-08 23:53:16
11047391,https://www.fenbi.com/spa/tiku/#/xingce/report/3705055130,数量关系,,单选题,2025-11-30 15:25:18,A,A,正确,模考,,公务员,6,2025下半年省考第二十季行测模考大赛（江苏A卷）,模考,行测,2026-08-08 23:53:16
11047392,https://www.fenbi.com/spa/tiku/#/xingce/report/3705055130,数量关系,,单选题,2025-11-30 15:25:18,A,B,错误,模考,,公务员,6,2025下半年省考第二十季行测模考大赛（江苏A卷）,模考,行测,2026-08-08 23:53:16
11047393,https://www.fenbi.com/spa/tiku/#/xingce/report/3705055130,数量关系,,单选题,2025-11-30 15:25:18,A,0,错误,模考,,公务员,7,2025下半年省考第二十季行测模考大赛（江苏A卷）,模考,行测,2026-08-08 23:53:16
11047394,https://www.fenbi.com/spa/tiku/#/xingce/report/3705055130,数量关系,,单选题,2025-11-30 15:25:18,A,A,正确,模考,,公务员,7,2025下半年省考第二十季行测模考大赛（江苏A卷）,模考,行测,2026-08-08 23:53:16
11047395,https://www.fenbi.com/spa/tiku/#/xingce/report/3705055130,数量关系,,单选题,2025-11-30 15:25:18,A,0,错误,模考,,公务员,7,2025下半年省考第二十季行测模考大赛（江苏A卷）,模考,行测,2026-08-08 23:53:16
11047396,https://www.fenbi.com/spa/tiku/#/xingce/report/3705055130,数量关系,,单选题,2025-11-30 15:25:18,A,A,正确,模考,,公务员,7,2025下半年省考第二十季行测模考大赛（江苏A卷）,模考,行测,2026-08-08 23:53:16
11047397,https://www.fenbi.com/spa/tiku/#/xingce/report/3705055130,数量关系,,单选题,2025-11-30 15:25:18,A,A,正确,模考,,公务员,7,2025下半年省考第二十季行测模考大赛（江苏A卷）,模考,行测,2026-08-08 23:53:16
16254650,https://www.fenbi.com/spa/tiku/#/xingce/report/3705055130,判断推理,,单选题,2025-11-30 15:25:18,C,C,正确,模考,,公务员,6,2025下半年省考第二十季行测模考大赛（江苏A卷）,模考,行测,2026-08-08 23:53:16
16254651,https://www.fenbi.com/spa/tiku/#/xingce/report/3705055130,判断推理,,单选题,2025-11-30 15:25:18,A,B,错误,模考,,公务员,4,2025下半年省考第二十季行测模考大赛（江苏A卷）,模考,行测,2026-08-08 23:53:16
16254605,https://www.fenbi.com/spa/tiku/#/xingce/report/3705055130,判断推理,,单选题,2025-11-30 15:25:18,A,A,正确,模考,,公务员,3,2025下半年省考第二十季行测模考大赛（江苏A卷）,模考,行测,2026-08-08 23:53:16
16254611,https://www.fenbi.com/spa/tiku/#/xingce/report/3705055130,判断推理,,单选题,2025-11-30 15:25:18,0,0,正确,模考,,公务员,3,2025下半年省考第二十季行测模考大赛（江苏A卷）,模考,行测,2026-08-08 23:53:16
16254652,https://www.fenbi.com/spa/tiku/#/xingce/report/3705055130,判断推理,,单选题,2025-11-30 15:25:18,A,A,正确,模考,,公务员,4,2025下半年省考第二十季行测模考大赛（江苏A卷）,模考,行测,2026-08-08 23:53:16
16254653,https://www.fenbi.com/spa/tiku/#/xingce/report/3705055130,判断推理,,单选题,2025-11-30 15:25:18,B,C,错误,模考,,公务员,4,2025下半年省考第二十季行测模考大赛（江苏A卷）,模考,行测,2026-08-08 23:53:16
16254606,https://www.fenbi.com/spa/tiku/#/xingce/report/3705055130,判断推理,,单选题,2025-11-30 15:25:18,B,B,正确,模考,,公务员,3,2025下半年省考第二十季行测模考大赛（江苏A卷）,模考,行测,2026-08-08 23:53:16
16254612,https://www.fenbi.com/spa/tiku/#/xingce/report/3705055130,判断推理,,单选题,2025-11-30 15:25:18,B,A,错误,模考,,公务员,4,2025下半年省考第二十季行测模考大赛（江苏A卷）,模考,行测,2026-08-08 23:53:16
16254654,https://www.fenbi.com/spa/tiku/#/xingce/report/3705055130,判断推理,,单选题,2025-11-30 15:25:18,0,0,正确,模考,,公务员,7,2025下半年省考第二十季行测模考大赛（江苏A卷）,模考,行测,2026-08-08 23:53:16
16254607,https://www.fenbi.com/spa/tiku/#/xingce/report/3705055130,判断推理,,单选题,2025-11-30 15:25:18,A,A,正确,模考,,公务员,6,2025下半年省考第二十季行测模考大赛（江苏A卷）,模考,行测,2026-08-08 23:53:16
16254625,https://www.fenbi.com/spa/tiku/#/xingce/report/3705055130,判断推理,,单选题,2025-11-30 15:25:18,C,C,正确,模考,,公务员,3,2025下半年省考第二十季行测模考大赛（江苏A卷）,模考,行测,2026-08-08 23:53:16
16254626,https://www.fenbi.com/spa/tiku/#/xingce/report/3705055130,判断推理,,单选题,2025-11-30 15:25:18,B,B,正确,模考,,公务员,4,2025下半年省考第二十季行测模考大赛（江苏A卷）,模考,行测,2026-08-08 23:53:16
16254627,https://www.fenbi.com/spa/tiku/#/xingce/report/3705055130,判断推理,,单选题,2025-11-30 15:25:18,B,A,错误,模考,,公务员,5,2025下半年省考第二十季行测模考大赛（江苏A卷）,模考,行测,2026-08-08 23:53:16
16254628,https://www.fenbi.com/spa/tiku/#/xingce/report/3705055130,判断推理,,单选题,2025-11-30 15:25:18,B,0,错误,模考,,公务员,4,2025下半年省考第二十季行测模考大赛（江苏A卷）,模考,行测,2026-08-08 23:53:16
19393556,https://www.fenbi.com/spa/tiku/#/xingce/report/3705055130,判断推理,,单选题,2025-11-30 15:25:18,B,B,正确,模考,,公务员,6,2025下半年省考第二十季行测模考大赛（江苏A卷）,模考,行测,2026-08-08 23:53:16
19393558,https://www.fenbi.com/spa/tiku/#/xingce/report/3705055130,判断推理,,单选题,2025-11-30 15:25:18,B,C,错误,模考,,公务员,4,2025下半年省考第二十季行测模考大赛（江苏A卷）,模考,行测,2026-08-08 23:53:16
19393560,https://www.fenbi.com/spa/tiku/#/xingce/report/3705055130,判断推理,,单选题,2025-11-30 15:25:18,0,0,正确,模考,,公务员,3,2025下半年省考第二十季行测模考大赛（江苏A卷）,模考,行测,2026-08-08 23:53:16
19393562,https://www.fenbi.com/spa/tiku/#/xingce/report/3705055130,判断推理,,单选题,2025-11-30 15:25:18,B,C,错误,模考,,公务员,7,2025下半年省考第二十季行测模考大赛（江苏A卷）,模考,行测,2026-08-08 23:53:16
19393565,https://www.fenbi.com/spa/tiku/#/xingce/report/3705055130,判断推理,,单选题,2025-11-30 15:25:18,0,0,正确,模考,,公务员,4,2025下半年省考第二十季行测模考大赛（江苏A卷）,模考,行测,2026-08-08 23:53:16
19393567,https://www.fenbi.com/spa/tiku/#/xingce/report/3705055130,判断推理,,单选题,2025-11-30 15:25:18,A,A,正确,模考,,公务员,6,2025下半年省考第二十季行测模考大赛（江苏A卷）,模考,行测,2026-08-08 23:53:16
16254657,https://www.fenbi.com/spa/tiku/#/xingce/report/3705055130,判断推理,,单选题,2025-11-30 15:25:18,A,0,错误,模考,,公务员,4,2025下半年省考第二十季行测模考大赛（江苏A卷）,模考,行测,2026-08-08 23:53:16
16254668,https://www.fenbi.com/spa/tiku/#/xingce/report/3705055130,判断推理,,单选题,2025-11-30 15:25:18,B,A,错误,模考,,公务员,4,2025下半年省考第二十季行测模考大赛（江苏A卷）,模考,行测,2026-08-08 23:53:16
16254669,https://www.fenbi.com/spa/tiku/#/xingce/report/3705055130,判断推理,,单选题,2025-11-30 15:25:18,B,B,正确,模考,,公务员,4,2025下半年省考第二十季行测模考大赛（江苏A卷）,模考,行测,2026-08-08 23:53:16
16254613,https://www.fenbi.com/spa/tiku/#/xingce/report/3705055130,判断推理,,单选题,2025-11-30 15:25:18,B,C,错误,模考,,公务员,6,2025下半年省考第二十季行测模考大赛（江苏A卷）,模考,行测,2026-08-08 23:53:16
16254614,https://www.fenbi.com/spa/tiku/#/xingce/report/3705055130,判断推理,,单选题,2025-11-30 15:25:18,B,A,错误,模考,,公务员,6,2025下半年省考第二十季行测模考大赛（江苏A卷）,模考,行测,2026-08-08 23:53:16
16254615,https://www.fenbi.com/spa/tiku/#/xingce/report/3705055130,判断推理,,单选题,2025-11-30 15:25:18,0,0,正确,模考,,公务员,5,2025下半年省考第二十季行测模考大赛（江苏A卷）,模考,行测,2026-08-08 23:53:16
16254616,https://www.fenbi.com/spa/tiku/#/xingce/report/3705055130,判断推理,,单选题,2025-11-30 15:25:18,B,B,正确,模考,,公务员,4,2025下半年省考第二十季行测模考大赛（江苏A卷）,模考,行测,2026-08-08 23:53:16
16254617,https://www.fenbi.com/spa/tiku/#/xingce/report/3705055130,判断推理,,单选题,2025-11-30 15:25:18,B,A,错误,模考,,公务员,4,2025下半年省考第二十季行测模考大赛（江苏A卷）,模考,行测,2026-08-08 23:53:16
16254671,https://www.fenbi.com/spa/tiku/#/xingce/report/3705055130,判断推理,,单选题,2025-11-30 15:25:18,B,A,错误,模考,,公务员,5,2025下半年省考第二十季行测模考大赛（江苏A卷）,模考,行测,2026-08-08 23:53:16
16254672,https://www.fenbi.com/spa/tiku/#/xingce/report/3705055130,判断推理,,单选题,2025-11-30 15:25:18,B,B,正确,模考,,公务员,5,2025下半年省考第二十季行测模考大赛（江苏A卷）,模考,行测,2026-08-08 23:53:16
11047541,https://www.fenbi.com/spa/tiku/#/xingce/report/3705055130,判断推理,,单选题,2025-11-30 15:25:18,0,0,正确,模考,,公务员,4,2025下半年省考第二十季行测模考大赛（江苏A卷）,模考,行测,2026-08-08 23:53:16
11047544,https://www.fenbi.com/spa/tiku/#/xingce/report/3705055130,判断推理,,单选题,2025-11-30 15:25:18,0,0,正确,模考,,公务员,4,2025下半年省考第二十季行测模考大赛（江苏A卷）,模考,行测,2026-08-08 23:53:16
19393568,https://www.fenbi.com/spa/tiku/#/xingce/report/3705055130,判断推理,,单选题,2025-11-30 15:25:18,B,A,错误,模考,,公务员,7,2025下半年省考第二十季行测模考大赛（江苏A卷）,模考,行测,2026-08-08 23:53:16
19393569,https://www.fenbi.com/spa/tiku/#/xingce/report/3705055130,判断推理,,单选题,2025-11-30 15:25:18,B,C,错误,模考,,公务员,7,2025下半年省考第二十季行测模考大赛（江苏A卷）,模考,行测,2026-08-08 23:53:16
19393570,https://www.fenbi.com/spa/tiku/#/xingce/report/3705055130,判断推理,,单选题,2025-11-30 15:25:18,B,A,错误,模考,,公务员,4,2025下半年省考第二十季行测模考大赛（江苏A卷）,模考,行测,2026-08-08 23:53:16
16254635,https://www.fenbi.com/spa/tiku/#/xingce/report/3705055130,判断推理,,单选题,2025-11-30 15:25:18,0,0,正确,模考,,公务员,3,2025下半年省考第二十季行测模考大赛（江苏A卷）,模考,行测,2026-08-08 23:53:16
16254636,https://www.fenbi.com/spa/tiku/#/xingce/report/3705055130,判断推理,,单选题,2025-11-30 15:25:18,A,A,正确,模考,,公务员,3,2025下半年省考第二十季行测模考大赛（江苏A卷）,模考,行测,2026-08-08 23:53:16
16254639,https://www.fenbi.com/spa/tiku/#/xingce/report/3705055130,判断推理,,单选题,2025-11-30 15:25:18,A,A,正确,模考,,公务员,7,2025下半年省考第二十季行测模考大赛（江苏A卷）,模考,行测,2026-08-08 23:53:16
16254641,https://www.fenbi.com/spa/tiku/#/xingce/report/3705055130,判断推理,,单选题,2025-11-30 15:25:18,B,C,错误,模考,,公务员,7,2025下半年省考第二十季行测模考大赛（江苏A卷）,模考,行测,2026-08-08 23:53:16
16254642,https://www.fenbi.com/spa/tiku/#/xingce/report/3705055130,判断推理,,单选题,2025-11-30 15:25:18,C,C,正确,模考,,公务员,3,2025下半年省考第二十季行测模考大赛（江苏A卷）,模考,行测,2026-08-08 23:53:16
16254646,https://www.fenbi.com/spa/tiku/#/xingce/report/3705055130,判断推理,,单选题,2025-11-30 15:25:18,B,B,正确,模考,,公务员,4,2025下半年省考第二十季行测模考大赛（江苏A卷）,模考,行测,2026-08-08 23:53:16
16254649,https://www.fenbi.com/spa/tiku/#/xingce/report/3705055130,判断推理,,单选题,2025-11-30 15:25:18,C,C,正确,模考,,公务员,3,2025下半年省考第二十季行测模考大赛（江苏A卷）,模考,行测,2026-08-08 23:53:16
11047656,https://www.fenbi.com/spa/tiku/#/xingce/report/3705055130,判断推理,,单选题,2025-11-30 15:25:18,C,C,正确,模考,,公务员,7,2025下半年省考第二十季行测模考大赛（江苏A卷）,模考,行测,2026-08-08 23:53:16
11047659,https://www.fenbi.com/spa/tiku/#/xingce/report/3705055130,判断推理,,单选题,2025-11-30 15:25:18,B,B,正确,模考,,公务员,7,2025下半年省考第二十季行测模考大赛（江苏A卷）,模考,行测,2026-08-08 23:53:16
11047661,https://www.fenbi.com/spa/tiku/#/xingce/report/3705055130,判断推理,,单选题,2025-11-30 15:25:18,0,0,正确,模考,,公务员,4,2025下半年省考第二十季行测模考大赛（江苏A卷）,模考,行测,2026-08-08 23:53:16
11047398,https://www.fenbi.com/spa/tiku/#/xingce/report/3705055130,资料分析,,单选题,2025-11-30 15:25:18,A,B,错误,模考,,公务员,3,2025下半年省考第二十季行测模考大赛（江苏A卷）,模考,行测,2026-08-08 23:53:16
11047399,https://www.fenbi.com/spa/tiku/#/xingce/report/3705055130,资料分析,,单选题,2025-11-30 15:25:18,0,0,正确,模考,,公务员,3,2025下半年省考第二十季行测模考大赛（江苏A卷）,模考,行测,2026-08-08 23:53:16
11047400,https://www.fenbi.com/spa/tiku/#/xingce/report/3705055130,资料分析,,单选题,2025-11-30 15:25:18,C,C,正确,模考,,公务员,4,2025下半年省考第二十季行测模考大赛（江苏A卷）,模考,行测,2026-08-08 23:53:16
11047401,https://www.fenbi.com/spa/tiku/#/xingce/report/3705055130,资料分析,,单选题,2025-11-30 15:25:18,0,A,错误,模考,,公务员,4,2025下半年省考第二十季行测模考大赛（江苏A卷）,模考,行测,2026-08-08 23:53:16
11047402,https://www.fenbi.com/spa/tiku/#/xingce/report/3705055130,资料分析,,单选题,2025-11-30 15:25:18,B,B,正确,模考,,公务员,5,2025下半年省考第二十季行测模考大赛（江苏A卷）,模考,行测,2026-08-08 23:53:16
11047403,https://www.fenbi.com/spa/tiku/#/xingce/report/3705055130,资料分析,,单选题,2025-11-30 15:25:18,B,B,正确,模考,,公务员,4,2025下半年省考第二十季行测模考大赛（江苏A卷）,模考,行测,2026-08-08 23:53:16
11047404,https://www.fenbi.com/spa/tiku/#/xingce/report/3705055130,资料分析,,单选题,2025-11-30 15:25:18,0,C,错误,模考,,公务员,4,2025下半年省考第二十季行测模考大赛（江苏A卷）,模考,行测,2026-08-08 23:53:16
11047405,https://www.fenbi.com/spa/tiku/#/xingce/report/3705055130,资料分析,,单选题,2025-11-30 15:25:18,A,A,正确,模考,,公务员,4,2025下半年省考第二十季行测模考大赛（江苏A卷）,模考,行测,2026-08-08 23:53:16
11047406,https://www.fenbi.com/spa/tiku/#/xingce/report/3705055130,资料分析,,单选题,2025-11-30 15:25:18,0,0,正确,模考,,公务员,3,2025下半年省考第二十季行测模考大赛（江苏A卷）,模考,行测,2026-08-08 23:53:16
11047407,https://www.fenbi.com/spa/tiku/#/xingce/report/3705055130,资料分析,,单选题,2025-11-30 15:25:18,A,A,正确,模考,,公务员,7,2025下半年省考第二十季行测模考大赛（江苏A卷）,模考,行测,2026-08-08 23:53:16
11047408,https://www.fenbi.com/spa/tiku/#/xingce/report/3705055130,资料分析,,单选题,2025-11-30 15:25:18,B,B,正确,模考,,公务员,3,2025下半年省考第二十季行测模考大赛（江苏A卷）,模考,行测,2026-08-08 23:53:16
11047409,https://www.fenbi.com/spa/tiku/#/xingce/report/3705055130,资料分析,,单选题,2025-11-30 15:25:18,0,0,正确,模考,,公务员,5,2025下半年省考第二十季行测模考大赛（江苏A卷）,模考,行测,2026-08-08 23:53:16
11047410,https://www.fenbi.com/spa/tiku/#/xingce/report/3705055130,资料分析,,单选题,2025-11-30 15:25:18,0,0,正确,模考,,公务员,7,2025下半年省考第二十季行测模考大赛（江苏A卷）,模考,行测,2026-08-08 23:53:16
11047411,https://www.fenbi.com/spa/tiku/#/xingce/report/3705055130,资料分析,,单选题,2025-11-30 15:25:18,C,C,正确,模考,,公务员,5,2025下半年省考第二十季行测模考大赛（江苏A卷）,模考,行测,2026-08-08 23:53:16
11047412,https://www.fenbi.com/spa/tiku/#/xingce/report/3705055130,资料分析,,单选题,2025-11-30 15:25:18,A,A,正确,模考,,公务员,4,2025下半年省考第二十季行测模考大赛（江苏A卷）,模考,行测,2026-08-08 23:53:16
18019003,https://www.fenbi.com/spa/tiku/#/xingce/report/3705055130,资料分析,,单选题,2025-11-30 15:25:18,C,C,正确,模考,,公务员,6,2025下半年省考第二十季行测模考大赛（江苏A卷）,模考,行测,2026-08-08 23:53:16
18019007,https://www.fenbi.com/spa/tiku/#/xingce/report/3705055130,资料分析,,单选题,2025-11-30 15:25:18,B,B,正确,模考,,公务员,5,2025下半年省考第二十季行测模考大赛（江苏A卷）,模考,行测,2026-08-08 23:53:16
18019009,https://www.fenbi.com/spa/tiku/#/xingce/report/3705055130,资料分析,,单选题,2025-11-30 15:25:18,A,A,正确,模考,,公务员,5,2025下半年省考第二十季行测模考大赛（江苏A卷）,模考,行测,2026-08-08 23:53:16
18019010,https://www.fenbi.com/spa/tiku/#/xingce/report/3705055130,资料分析,,单选题,2025-11-30 15:25:18,A,A,正确,模考,,公务员,4,2025下半年省考第二十季行测模考大赛（江苏A卷）,模考,行测,2026-08-08 23:53:16
18019012,https://www.fenbi.com/spa/tiku/#/xingce/report/3705055130,资料分析,,单选题,2025-11-30 15:25:18,C,C,正确,模考,,公务员,7,2025下半年省考第二十季行测模考大赛（江苏A卷）,模考,行测,2026-08-08 23:53:16
17126018,https://www.fenbi.com/spa/tiku/#/xingce/report/3704764196,判断推理,,单选题,2025-11-30 10:55:13,0,0,正确,模考,,公务员,4,2025下半年省考第二十一季行测模考大赛（江苏A卷）,模考,行测,2026-08-08 23:53:16
17126019,https://www.fenbi.com/spa/tiku/#/xingce/report/3704764196,判断推理,,单选题,2025-11-30 10:55:13,C,C,正确,模考,,公务员,4,2025下半年省考第二十一季行测模考大赛（江苏A卷）,模考,行测,2026-08-08 23:53:16
14586058,https://www.fenbi.com/spa/tiku/#/xingce/report/3704764196,判断推理,,单选题,2025-11-30 10:55:13,0,C,错误,模考,,公务员,7,2025下半年省考第二十一季行测模考大赛（江苏A卷）,模考,行测,2026-08-08 23:53:16
14649480,https://www.fenbi.com/spa/tiku/#/xingce/report/3704764196,判断推理,,单选题,2025-11-30 10:55:13,0,0,正确,模考,,公务员,6,2025下半年省考第二十一季行测模考大赛（江苏A卷）,模考,行测,2026-08-08 23:53:16
17126020,https://www.fenbi.com/spa/tiku/#/xingce/report/3704764196,判断推理,,单选题,2025-11-30 10:55:13,C,A,错误,模考,,公务员,5,2025下半年省考第二十一季行测模考大赛（江苏A卷）,模考,行测,2026-08-08 23:53:16
17126021,https://www.fenbi.com/spa/tiku/#/xingce/report/3704764196,判断推理,,单选题,2025-11-30 10:55:13,0,B,错误,模考,,公务员,7,2025下半年省考第二十一季行测模考大赛（江苏A卷）,模考,行测,2026-08-08 23:53:16
14586065,https://www.fenbi.com/spa/tiku/#/xingce/report/3704764196,判断推理,,单选题,2025-11-30 10:55:13,0,A,错误,模考,,公务员,6,2025下半年省考第二十一季行测模考大赛（江苏A卷）,模考,行测,2026-08-08 23:53:16
14649482,https://www.fenbi.com/spa/tiku/#/xingce/report/3704764196,判断推理,,单选题,2025-11-30 10:55:13,B,A,错误,模考,,公务员,4,2025下半年省考第二十一季行测模考大赛（江苏A卷）,模考,行测,2026-08-08 23:53:16
17126022,https://www.fenbi.com/spa/tiku/#/xingce/report/3704764196,判断推理,,单选题,2025-11-30 10:55:13,C,C,正确,模考,,公务员,3,2025下半年省考第二十一季行测模考大赛（江苏A卷）,模考,行测,2026-08-08 23:53:16
14586076,https://www.fenbi.com/spa/tiku/#/xingce/report/3704764196,判断推理,,单选题,2025-11-30 10:55:13,C,C,正确,模考,,公务员,3,2025下半年省考第二十一季行测模考大赛（江苏A卷）,模考,行测,2026-08-08 23:53:16
17125960,https://www.fenbi.com/spa/tiku/#/xingce/report/3704764196,判断推理,,单选题,2025-11-30 10:55:13,B,A,错误,模考,,公务员,4,2025下半年省考第二十一季行测模考大赛（江苏A卷）,模考,行测,2026-08-08 23:53:16
17125961,https://www.fenbi.com/spa/tiku/#/xingce/report/3704764196,判断推理,,单选题,2025-11-30 10:55:13,B,B,正确,模考,,公务员,6,2025下半年省考第二十一季行测模考大赛（江苏A卷）,模考,行测,2026-08-08 23:53:16
17125962,https://www.fenbi.com/spa/tiku/#/xingce/report/3704764196,判断推理,,单选题,2025-11-30 10:55:13,B,0,错误,模考,,公务员,6,2025下半年省考第二十一季行测模考大赛（江苏A卷）,模考,行测,2026-08-08 23:53:16
17125964,https://www.fenbi.com/spa/tiku/#/xingce/report/3704764196,判断推理,,单选题,2025-11-30 10:55:13,B,C,错误,模考,,公务员,7,2025下半年省考第二十一季行测模考大赛（江苏A卷）,模考,行测,2026-08-08 23:53:16
17005721,https://www.fenbi.com/spa/tiku/#/xingce/report/3704764196,判断推理,,单选题,2025-11-30 10:55:13,B,0,错误,模考,,公务员,7,2025下半年省考第二十一季行测模考大赛（江苏A卷）,模考,行测,2026-08-08 23:53:16
17005722,https://www.fenbi.com/spa/tiku/#/xingce/report/3704764196,判断推理,,单选题,2025-11-30 10:55:13,B,A,错误,模考,,公务员,4,2025下半年省考第二十一季行测模考大赛（江苏A卷）,模考,行测,2026-08-08 23:53:16
17005725,https://www.fenbi.com/spa/tiku/#/xingce/report/3704764196,判断推理,,单选题,2025-11-30 10:55:13,B,B,正确,模考,,公务员,3,2025下半年省考第二十一季行测模考大赛（江苏A卷）,模考,行测,2026-08-08 23:53:16
17005727,https://www.fenbi.com/spa/tiku/#/xingce/report/3704764196,判断推理,,单选题,2025-11-30 10:55:13,0,A,错误,模考,,公务员,6,2025下半年省考第二十一季行测模考大赛（江苏A卷）,模考,行测,2026-08-08 23:53:16
17005730,https://www.fenbi.com/spa/tiku/#/xingce/report/3704764196,判断推理,,单选题,2025-11-30 10:55:13,A,A,正确,模考,,公务员,3,2025下半年省考第二十一季行测模考大赛（江苏A卷）,模考,行测,2026-08-08 23:53:16
17005731,https://www.fenbi.com/spa/tiku/#/xingce/report/3704764196,判断推理,,单选题,2025-11-30 10:55:13,B,C,错误,模考,,公务员,6,2025下半年省考第二十一季行测模考大赛（江苏A卷）,模考,行测,2026-08-08 23:53:16
17126028,https://www.fenbi.com/spa/tiku/#/xingce/report/3704764196,判断推理,,单选题,2025-11-30 10:55:13,C,C,正确,模考,,公务员,4,2025下半年省考第二十一季行测模考大赛（江苏A卷）,模考,行测,2026-08-08 23:53:16
17126030,https://www.fenbi.com/spa/tiku/#/xingce/report/3704764196,判断推理,,单选题,2025-11-30 10:55:13,B,0,错误,模考,,公务员,6,2025下半年省考第二十一季行测模考大赛（江苏A卷）,模考,行测,2026-08-08 23:53:16
17126031,https://www.fenbi.com/spa/tiku/#/xingce/report/3704764196,判断推理,,单选题,2025-11-30 10:55:13,A,A,正确,模考,,公务员,3,2025下半年省考第二十一季行测模考大赛（江苏A卷）,模考,行测,2026-08-08 23:53:16
14649483,https://www.fenbi.com/spa/tiku/#/xingce/report/3704764196,判断推理,,单选题,2025-11-30 10:55:13,0,C,错误,模考,,公务员,4,2025下半年省考第二十一季行测模考大赛（江苏A卷）,模考,行测,2026-08-08 23:53:16
14649484,https://www.fenbi.com/spa/tiku/#/xingce/report/3704764196,判断推理,,单选题,2025-11-30 10:55:13,B,B,正确,模考,,公务员,4,2025下半年省考第二十一季行测模考大赛（江苏A卷）,模考,行测,2026-08-08 23:53:16
14649485,https://www.fenbi.com/spa/tiku/#/xingce/report/3704764196,判断推理,,单选题,2025-11-30 10:55:13,0,0,正确,模考,,公务员,3,2025下半年省考第二十一季行测模考大赛（江苏A卷）,模考,行测,2026-08-08 23:53:16
14649486,https://www.fenbi.com/spa/tiku/#/xingce/report/3704764196,判断推理,,单选题,2025-11-30 10:55:13,A,A,正确,模考,,公务员,4,2025下半年省考第二十一季行测模考大赛（江苏A卷）,模考,行测,2026-08-08 23:53:16
14649487,https://www.fenbi.com/spa/tiku/#/xingce/report/3704764196,判断推理,,单选题,2025-11-30 10:55:13,B,B,正确,模考,,公务员,5,2025下半年省考第二十一季行测模考大赛（江苏A卷）,模考,行测,2026-08-08 23:53:16
17126033,https://www.fenbi.com/spa/tiku/#/xingce/report/3704764196,判断推理,,单选题,2025-11-30 10:55:13,0,0,正确,模考,,公务员,5,2025下半年省考第二十一季行测模考大赛（江苏A卷）,模考,行测,2026-08-08 23:53:16
17126035,https://www.fenbi.com/spa/tiku/#/xingce/report/3704764196,判断推理,,单选题,2025-11-30 10:55:13,B,B,正确,模考,,公务员,4,2025下半年省考第二十一季行测模考大赛（江苏A卷）,模考,行测,2026-08-08 23:53:16
15352910,https://www.fenbi.com/spa/tiku/#/xingce/report/3704764196,判断推理,,单选题,2025-11-30 10:55:13,0,0,正确,模考,,公务员,4,2025下半年省考第二十一季行测模考大赛（江苏A卷）,模考,行测,2026-08-08 23:53:16
15352909,https://www.fenbi.com/spa/tiku/#/xingce/report/3704764196,判断推理,,单选题,2025-11-30 10:55:13,B,B,正确,模考,,公务员,3,2025下半年省考第二十一季行测模考大赛（江苏A卷）,模考,行测,2026-08-08 23:53:16
17005733,https://www.fenbi.com/spa/tiku/#/xingce/report/3704764196,判断推理,,单选题,2025-11-30 10:55:13,0,A,错误,模考,,公务员,7,2025下半年省考第二十一季行测模考大赛（江苏A卷）,模考,行测,2026-08-08 23:53:16
17005735,https://www.fenbi.com/spa/tiku/#/xingce/report/3704764196,判断推理,,单选题,2025-11-30 10:55:13,A,0,错误,模考,,公务员,6,2025下半年省考第二十一季行测模考大赛（江苏A卷）,模考,行测,2026-08-08 23:53:16
17005736,https://www.fenbi.com/spa/tiku/#/xingce/report/3704764196,判断推理,,单选题,2025-11-30 10:55:13,A,0,错误,模考,,公务员,6,2025下半年省考第二十一季行测模考大赛（江苏A卷）,模考,行测,2026-08-08 23:53:16
17125981,https://www.fenbi.com/spa/tiku/#/xingce/report/3704764196,判断推理,,单选题,2025-11-30 10:55:13,C,C,正确,模考,,公务员,3,2025下半年省考第二十一季行测模考大赛（江苏A卷）,模考,行测,2026-08-08 23:53:16
17125983,https://www.fenbi.com/spa/tiku/#/xingce/report/3704764196,判断推理,,单选题,2025-11-30 10:55:13,0,0,正确,模考,,公务员,6,2025下半年省考第二十一季行测模考大赛（江苏A卷）,模考,行测,2026-08-08 23:53:16
17125986,https://www.fenbi.com/spa/tiku/#/xingce/report/3704764196,判断推理,,单选题,2025-11-30 10:55:13,B,A,错误,模考,,公务员,6,2025下半年省考第二十一季行测模考大赛（江苏A卷）,模考,行测,2026-08-08 23:53:16
17125987,https://www.fenbi.com/spa/tiku/#/xingce/report/3704764196,判断推理,,单选题,2025-11-30 10:55:13,0,0,正确,模考,,公务员,3,2025下半年省考第二十一季行测模考大赛（江苏A卷）,模考,行测,2026-08-08 23:53:16
17125989,https://www.fenbi.com/spa/tiku/#/xingce/report/3704764196,判断推理,,单选题,2025-11-30 10:55:13,A,B,错误,模考,,公务员,4,2025下半年省考第二十一季行测模考大赛（江苏A卷）,模考,行测,2026-08-08 23:53:16
17125994,https://www.fenbi.com/spa/tiku/#/xingce/report/3704764196,判断推理,,单选题,2025-11-30 10:55:13,A,A,正确,模考,,公务员,3,2025下半年省考第二十一季行测模考大赛（江苏A卷）,模考,行测,2026-08-08 23:53:16
17126010,https://www.fenbi.com/spa/tiku/#/xingce/report/3704764196,判断推理,,单选题,2025-11-30 10:55:13,A,A,正确,模考,,公务员,4,2025下半年省考第二十一季行测模考大赛（江苏A卷）,模考,行测,2026-08-08 23:53:16
15251395,https://www.fenbi.com/spa/tiku/#/xingce/report/3704764196,判断推理,,单选题,2025-11-30 10:55:13,B,B,正确,模考,,公务员,3,2025下半年省考第二十一季行测模考大赛（江苏A卷）,模考,行测,2026-08-08 23:53:16
15251396,https://www.fenbi.com/spa/tiku/#/xingce/report/3704764196,判断推理,,单选题,2025-11-30 10:55:13,A,A,正确,模考,,公务员,4,2025下半年省考第二十一季行测模考大赛（江苏A卷）,模考,行测,2026-08-08 23:53:16
15251397,https://www.fenbi.com/spa/tiku/#/xingce/report/3704764196,判断推理,,单选题,2025-11-30 10:55:13,C,C,正确,模考,,公务员,4,2025下半年省考第二十一季行测模考大赛（江苏A卷）,模考,行测,2026-08-08 23:53:16
13627429,https://www.fenbi.com/spa/tiku/#/xingce/report/3704690329,判断推理,,单选题,2025-11-30 09:30:29,B,B,正确,模考,,公务员,7,2025下半年省考第二十二季行测模考大赛（江苏A卷）,模考,行测,2026-08-08 23:53:16
13627430,https://www.fenbi.com/spa/tiku/#/xingce/report/3704690329,判断推理,,单选题,2025-11-30 09:30:29,A,A,正确,模考,,公务员,4,2025下半年省考第二十二季行测模考大赛（江苏A卷）,模考,行测,2026-08-08 23:53:16
13627714,https://www.fenbi.com/spa/tiku/#/xingce/report/3704690329,判断推理,,单选题,2025-11-30 09:30:29,B,B,正确,模考,,公务员,3,2025下半年省考第二十二季行测模考大赛（江苏A卷）,模考,行测,2026-08-08 23:53:16
13627736,https://www.fenbi.com/spa/tiku/#/xingce/report/3704690329,判断推理,,单选题,2025-11-30 09:30:29,B,B,正确,模考,,公务员,7,2025下半年省考第二十二季行测模考大赛（江苏A卷）,模考,行测,2026-08-08 23:53:16
13627431,https://www.fenbi.com/spa/tiku/#/xingce/report/3704690329,判断推理,,单选题,2025-11-30 09:30:29,C,0,错误,模考,,公务员,7,2025下半年省考第二十二季行测模考大赛（江苏A卷）,模考,行测,2026-08-08 23:53:16
13627433,https://www.fenbi.com/spa/tiku/#/xingce/report/3704690329,判断推理,,单选题,2025-11-30 09:30:29,C,C,正确,模考,,公务员,4,2025下半年省考第二十二季行测模考大赛（江苏A卷）,模考,行测,2026-08-08 23:53:16
13627718,https://www.fenbi.com/spa/tiku/#/xingce/report/3704690329,判断推理,,单选题,2025-11-30 09:30:29,0,0,正确,模考,,公务员,3,2025下半年省考第二十二季行测模考大赛（江苏A卷）,模考,行测,2026-08-08 23:53:16
13627738,https://www.fenbi.com/spa/tiku/#/xingce/report/3704690329,判断推理,,单选题,2025-11-30 09:30:29,0,0,正确,模考,,公务员,6,2025下半年省考第二十二季行测模考大赛（江苏A卷）,模考,行测,2026-08-08 23:53:16
13627435,https://www.fenbi.com/spa/tiku/#/xingce/report/3704690329,判断推理,,单选题,2025-11-30 09:30:29,B,B,正确,模考,,公务员,3,2025下半年省考第二十二季行测模考大赛（江苏A卷）,模考,行测,2026-08-08 23:53:16
13627719,https://www.fenbi.com/spa/tiku/#/xingce/report/3704690329,判断推理,,单选题,2025-11-30 09:30:29,B,B,正确,模考,,公务员,3,2025下半年省考第二十二季行测模考大赛（江苏A卷）,模考,行测,2026-08-08 23:53:16
13627384,https://www.fenbi.com/spa/tiku/#/xingce/report/3704690329,判断推理,,单选题,2025-11-30 09:30:29,0,A,错误,模考,,公务员,7,2025下半年省考第二十二季行测模考大赛（江苏A卷）,模考,行测,2026-08-08 23:53:16
13627385,https://www.fenbi.com/spa/tiku/#/xingce/report/3704690329,判断推理,,单选题,2025-11-30 09:30:29,0,0,正确,模考,,公务员,3,2025下半年省考第二十二季行测模考大赛（江苏A卷）,模考,行测,2026-08-08 23:53:16
13627386,https://www.fenbi.com/spa/tiku/#/xingce/report/3704690329,判断推理,,单选题,2025-11-30 09:30:29,B,0,错误,模考,,公务员,7,2025下半年省考第二十二季行测模考大赛（江苏A卷）,模考,行测,2026-08-08 23:53:16
13627387,https://www.fenbi.com/spa/tiku/#/xingce/report/3704690329,判断推理,,单选题,2025-11-30 09:30:29,0,0,正确,模考,,公务员,3,2025下半年省考第二十二季行测模考大赛（江苏A卷）,模考,行测,2026-08-08 23:53:16
14309366,https://www.fenbi.com/spa/tiku/#/xingce/report/3704690329,判断推理,,单选题,2025-11-30 09:30:29,B,B,正确,模考,,公务员,4,2025下半年省考第二十二季行测模考大赛（江苏A卷）,模考,行测,2026-08-08 23:53:16
14309367,https://www.fenbi.com/spa/tiku/#/xingce/report/3704690329,判断推理,,单选题,2025-11-30 09:30:29,B,0,错误,模考,,公务员,4,2025下半年省考第二十二季行测模考大赛（江苏A卷）,模考,行测,2026-08-08 23:53:16
14309368,https://www.fenbi.com/spa/tiku/#/xingce/report/3704690329,判断推理,,单选题,2025-11-30 09:30:29,C,C,正确,模考,,公务员,3,2025下半年省考第二十二季行测模考大赛（江苏A卷）,模考,行测,2026-08-08 23:53:16
14309369,https://www.fenbi.com/spa/tiku/#/xingce/report/3704690329,判断推理,,单选题,2025-11-30 09:30:29,A,A,正确,模考,,公务员,3,2025下半年省考第二十二季行测模考大赛（江苏A卷）,模考,行测,2026-08-08 23:53:16
14309370,https://www.fenbi.com/spa/tiku/#/xingce/report/3704690329,判断推理,,单选题,2025-11-30 09:30:29,B,B,正确,模考,,公务员,4,2025下半年省考第二十二季行测模考大赛（江苏A卷）,模考,行测,2026-08-08 23:53:16
14309371,https://www.fenbi.com/spa/tiku/#/xingce/report/3704690329,判断推理,,单选题,2025-11-30 09:30:29,C,C,正确,模考,,公务员,5,2025下半年省考第二十二季行测模考大赛（江苏A卷）,模考,行测,2026-08-08 23:53:16
13627445,https://www.fenbi.com/spa/tiku/#/xingce/report/3704690329,判断推理,,单选题,2025-11-30 09:30:29,0,B,错误,模考,,公务员,4,2025下半年省考第二十二季行测模考大赛（江苏A卷）,模考,行测,2026-08-08 23:53:16
13627446,https://www.fenbi.com/spa/tiku/#/xingce/report/3704690329,判断推理,,单选题,2025-11-30 09:30:29,A,A,正确,模考,,公务员,6,2025下半年省考第二十二季行测模考大赛（江苏A卷）,模考,行测,2026-08-08 23:53:16
13627447,https://www.fenbi.com/spa/tiku/#/xingce/report/3704690329,判断推理,,单选题,2025-11-30 09:30:29,C,0,错误,模考,,公务员,7,2025下半年省考第二十二季行测模考大赛（江苏A卷）,模考,行测,2026-08-08 23:53:16
13627739,https://www.fenbi.com/spa/tiku/#/xingce/report/3704690329,判断推理,,单选题,2025-11-30 09:30:29,0,0,正确,模考,,公务员,3,2025下半年省考第二十二季行测模考大赛（江苏A卷）,模考,行测,2026-08-08 23:53:16
13627741,https://www.fenbi.com/spa/tiku/#/xingce/report/3704690329,判断推理,,单选题,2025-11-30 09:30:29,B,B,正确,模考,,公务员,3,2025下半年省考第二十二季行测模考大赛（江苏A卷）,模考,行测,2026-08-08 23:53:16
13627743,https://www.fenbi.com/spa/tiku/#/xingce/report/3704690329,判断推理,,单选题,2025-11-30 09:30:29,C,C,正确,模考,,公务员,4,2025下半年省考第二十二季行测模考大赛（江苏A卷）,模考,行测,2026-08-08 23:53:16
13627750,https://www.fenbi.com/spa/tiku/#/xingce/report/3704690329,判断推理,,单选题,2025-11-30 09:30:29,B,B,正确,模考,,公务员,3,2025下半年省考第二十二季行测模考大赛（江苏A卷）,模考,行测,2026-08-08 23:53:16
13627753,https://www.fenbi.com/spa/tiku/#/xingce/report/3704690329,判断推理,,单选题,2025-11-30 09:30:29,0,0,正确,模考,,公务员,7,2025下半年省考第二十二季行测模考大赛（江苏A卷）,模考,行测,2026-08-08 23:53:16
13627449,https://www.fenbi.com/spa/tiku/#/xingce/report/3704690329,判断推理,,单选题,2025-11-30 09:30:29,B,B,正确,模考,,公务员,4,2025下半年省考第二十二季行测模考大赛（江苏A卷）,模考,行测,2026-08-08 23:53:16
13627450,https://www.fenbi.com/spa/tiku/#/xingce/report/3704690329,判断推理,,单选题,2025-11-30 09:30:29,C,0,错误,模考,,公务员,6,2025下半年省考第二十二季行测模考大赛（江苏A卷）,模考,行测,2026-08-08 23:53:16
16737592,https://www.fenbi.com/spa/tiku/#/xingce/report/3704690329,判断推理,,单选题,2025-11-30 09:30:29,0,B,错误,模考,,公务员,7,2025下半年省考第二十二季行测模考大赛（江苏A卷）,模考,行测,2026-08-08 23:53:16
16737594,https://www.fenbi.com/spa/tiku/#/xingce/report/3704690329,判断推理,,单选题,2025-11-30 09:30:29,0,0,正确,模考,,公务员,3,2025下半年省考第二十二季行测模考大赛（江苏A卷）,模考,行测,2026-08-08 23:53:16
14309373,https://www.fenbi.com/spa/tiku/#/xingce/report/3704690329,判断推理,,单选题,2025-11-30 09:30:29,A,A,正确,模考,,公务员,5,2025下半年省考第二十二季行测模考大赛（江苏A卷）,模考,行测,2026-08-08 23:53:16
14309375,https://www.fenbi.com/spa/tiku/#/xingce/report/3704690329,判断推理,,单选题,2025-11-30 09:30:29,C,C,正确,模考,,公务员,7,2025下半年省考第二十二季行测模考大赛（江苏A卷）,模考,行测,2026-08-08 23:53:16
14309376,https://www.fenbi.com/spa/tiku/#/xingce/report/3704690329,判断推理,,单选题,2025-11-30 09:30:29,B,B,正确,模考,,公务员,5,2025下半年省考第二十二季行测模考大赛（江苏A卷）,模考,行测,2026-08-08 23:53:16
13627407,https://www.fenbi.com/spa/tiku/#/xingce/report/3704690329,判断推理,,单选题,2025-11-30 09:30:29,C,C,正确,模考,,公务员,3,2025下半年省考第二十二季行测模考大赛（江苏A卷）,模考,行测,2026-08-08 23:53:16
13627415,https://www.fenbi.com/spa/tiku/#/xingce/report/3704690329,判断推理,,单选题,2025-11-30 09:30:29,C,C,正确,模考,,公务员,3,2025下半年省考第二十二季行测模考大赛（江苏A卷）,模考,行测,2026-08-08 23:53:16
13627422,https://www.fenbi.com/spa/tiku/#/xingce/report/3704690329,判断推理,,单选题,2025-11-30 09:30:29,A,A,正确,模考,,公务员,4,2025下半年省考第二十二季行测模考大赛（江苏A卷）,模考,行测,2026-08-08 23:53:16
13627423,https://www.fenbi.com/spa/tiku/#/xingce/report/3704690329,判断推理,,单选题,2025-11-30 09:30:29,B,C,错误,模考,,公务员,3,2025下半年省考第二十二季行测模考大赛（江苏A卷）,模考,行测,2026-08-08 23:53:16
13627425,https://www.fenbi.com/spa/tiku/#/xingce/report/3704690329,判断推理,,单选题,2025-11-30 09:30:29,B,B,正确,模考,,公务员,3,2025下半年省考第二十二季行测模考大赛（江苏A卷）,模考,行测,2026-08-08 23:53:16
13627427,https://www.fenbi.com/spa/tiku/#/xingce/report/3704690329,判断推理,,单选题,2025-11-30 09:30:29,C,C,正确,模考,,公务员,3,2025下半年省考第二十二季行测模考大赛（江苏A卷）,模考,行测,2026-08-08 23:53:16
13627428,https://www.fenbi.com/spa/tiku/#/xingce/report/3704690329,判断推理,,单选题,2025-11-30 09:30:29,0,0,正确,模考,,公务员,3,2025下半年省考第二十二季行测模考大赛（江苏A卷）,模考,行测,2026-08-08 23:53:16
14309278,https://www.fenbi.com/spa/tiku/#/xingce/report/3704690329,判断推理,,单选题,2025-11-30 09:30:29,C,C,正确,模考,,公务员,3,2025下半年省考第二十二季行测模考大赛（江苏A卷）,模考,行测,2026-08-08 23:53:16
14309279,https://www.fenbi.com/spa/tiku/#/xingce/report/3704690329,判断推理,,单选题,2025-11-30 09:30:29,A,A,正确,模考,,公务员,3,2025下半年省考第二十二季行测模考大赛（江苏A卷）,模考,行测,2026-08-08 23:53:16
14309280,https://www.fenbi.com/spa/tiku/#/xingce/report/3704690329,判断推理,,单选题,2025-11-30 09:30:29,B,B,正确,模考,,公务员,4,2025下半年省考第二十二季行测模考大赛（江苏A卷）,模考,行测,2026-08-08 23:53:16
13319187,https://www.fenbi.com/spa/tiku/#/xingce/report/3702127737,政治理论,,单选题,2025-11-29 11:07:10,A,A,正确,江苏省考,2025,公务员,3,2025年江苏省公务员录用考试《行测》题（A类）（网友回忆版）,江苏省考,行测,2026-08-08 23:53:16
13319179,https://www.fenbi.com/spa/tiku/#/xingce/report/3702127737,政治理论,,单选题,2025-11-29 11:07:10,B,B,正确,江苏省考,2025,公务员,3,2025年江苏省公务员录用考试《行测》题（A类）（网友回忆版）,江苏省考,行测,2026-08-08 23:53:16
13319185,https://www.fenbi.com/spa/tiku/#/xingce/report/3702127737,政治理论,,单选题,2025-11-29 11:07:10,B,C,错误,江苏省考,2025,公务员,4,2025年江苏省公务员录用考试《行测》题（A类）（网友回忆版）,江苏省考,行测,2026-08-08 23:53:16
13319189,https://www.fenbi.com/spa/tiku/#/xingce/report/3702127737,政治理论,,单选题,2025-11-29 11:07:10,0,C,错误,江苏省考,2025,公务员,5,2025年江苏省公务员录用考试《行测》题（A类）（网友回忆版）,江苏省考,行测,2026-08-08 23:53:16
13319196,https://www.fenbi.com/spa/tiku/#/xingce/report/3702127737,政治理论,,单选题,2025-11-29 11:07:10,0,0,正确,江苏省考,2025,公务员,4,2025年江苏省公务员录用考试《行测》题（A类）（网友回忆版）,江苏省考,行测,2026-08-08 23:53:16
13319195,https://www.fenbi.com/spa/tiku/#/xingce/report/3702127737,政治理论,,单选题,2025-11-29 11:07:10,0,C,错误,江苏省考,2025,公务员,3,2025年江苏省公务员录用考试《行测》题（A类）（网友回忆版）,江苏省考,行测,2026-08-08 23:53:16
13319193,https://www.fenbi.com/spa/tiku/#/xingce/report/3702127737,政治理论,,单选题,2025-11-29 11:07:10,A,A,正确,江苏省考,2025,公务员,4,2025年江苏省公务员录用考试《行测》题（A类）（网友回忆版）,江苏省考,行测,2026-08-08 23:53:16
13319194,https://www.fenbi.com/spa/tiku/#/xingce/report/3702127737,政治理论,,单选题,2025-11-29 11:07:10,0,B,错误,江苏省考,2025,公务员,4,2025年江苏省公务员录用考试《行测》题（A类）（网友回忆版）,江苏省考,行测,2026-08-08 23:53:16
13319197,https://www.fenbi.com/spa/tiku/#/xingce/report/3702127737,政治理论,,单选题,2025-11-29 11:07:10,C,C,正确,江苏省考,2025,公务员,4,2025年江苏省公务员录用考试《行测》题（A类）（网友回忆版）,江苏省考,行测,2026-08-08 23:53:16
13319199,https://www.fenbi.com/spa/tiku/#/xingce/report/3702127737,政治理论,,单选题,2025-11-29 11:07:10,A,A,正确,江苏省考,2025,公务员,4,2025年江苏省公务员录用考试《行测》题（A类）（网友回忆版）,江苏省考,行测,2026-08-08 23:53:16
13319206,https://www.fenbi.com/spa/tiku/#/xingce/report/3696525143,常识判断,,单选题,2025-11-27 14:49:23,B,A,错误,江苏省考,2025,公务员,4,2025年江苏省公务员录用考试《行测》题（A类）（网友回忆版）,江苏省考,行测,2026-08-08 23:53:16
13319213,https://www.fenbi.com/spa/tiku/#/xingce/report/3696525143,常识判断,,单选题,2025-11-27 14:49:23,B,C,错误,江苏省考,2025,公务员,4,2025年江苏省公务员录用考试《行测》题（A类）（网友回忆版）,江苏省考,行测,2026-08-08 23:53:16
13319212,https://www.fenbi.com/spa/tiku/#/xingce/report/3696525143,常识判断,,单选题,2025-11-27 14:49:23,B,0,错误,江苏省考,2025,公务员,4,2025年江苏省公务员录用考试《行测》题（A类）（网友回忆版）,江苏省考,行测,2026-08-08 23:53:16
13319219,https://www.fenbi.com/spa/tiku/#/xingce/report/3696525143,常识判断,,单选题,2025-11-27 14:49:23,B,A,错误,江苏省考,2025,公务员,4,2025年江苏省公务员录用考试《行测》题（A类）（网友回忆版）,江苏省考,行测,2026-08-08 23:53:16
13319220,https://www.fenbi.com/spa/tiku/#/xingce/report/3696525143,常识判断,,单选题,2025-11-27 14:49:23,B,B,正确,江苏省考,2025,公务员,5,2025年江苏省公务员录用考试《行测》题（A类）（网友回忆版）,江苏省考,行测,2026-08-08 23:53:16
13319222,https://www.fenbi.com/spa/tiku/#/xingce/report/3696525143,常识判断,,单选题,2025-11-27 14:49:23,B,C,错误,江苏省考,2025,公务员,5,2025年江苏省公务员录用考试《行测》题（A类）（网友回忆版）,江苏省考,行测,2026-08-08 23:53:16
13319223,https://www.fenbi.com/spa/tiku/#/xingce/report/3696525143,常识判断,,单选题,2025-11-27 14:49:23,B,A,错误,江苏省考,2025,公务员,4,2025年江苏省公务员录用考试《行测》题（A类）（网友回忆版）,江苏省考,行测,2026-08-08 23:53:16
13319225,https://www.fenbi.com/spa/tiku/#/xingce/report/3696525143,常识判断,,单选题,2025-11-27 14:49:23,B,0,错误,江苏省考,2025,公务员,5,2025年江苏省公务员录用考试《行测》题（A类）（网友回忆版）,江苏省考,行测,2026-08-08 23:53:16
13319226,https://www.fenbi.com/spa/tiku/#/xingce/report/3696525143,常识判断,,单选题,2025-11-27 14:49:23,B,0,错误,江苏省考,2025,公务员,5,2025年江苏省公务员录用考试《行测》题（A类）（网友回忆版）,江苏省考,行测,2026-08-08 23:53:16
13319234,https://www.fenbi.com/spa/tiku/#/xingce/report/3696525143,常识判断,,单选题,2025-11-27 14:49:23,B,C,错误,江苏省考,2025,公务员,5,2025年江苏省公务员录用考试《行测》题（A类）（网友回忆版）,江苏省考,行测,2026-08-08 23:53:16
13319266,https://www.fenbi.com/spa/tiku/#/xingce/report/3696525143,言语理解与表达,,单选题,2025-11-27 14:49:23,B,B,正确,江苏省考,2025,公务员,4,2025年江苏省公务员录用考试《行测》题（A类）（网友回忆版）,江苏省考,行测,2026-08-08 23:53:16
13319272,https://www.fenbi.com/spa/tiku/#/xingce/report/3696525143,言语理解与表达,,单选题,2025-11-27 14:49:23,A,A,正确,江苏省考,2025,公务员,4,2025年江苏省公务员录用考试《行测》题（A类）（网友回忆版）,江苏省考,行测,2026-08-08 23:53:16
13319269,https://www.fenbi.com/spa/tiku/#/xingce/report/3696525143,言语理解与表达,,单选题,2025-11-27 14:49:23,C,B,错误,江苏省考,2025,公务员,4,2025年江苏省公务员录用考试《行测》题（A类）（网友回忆版）,江苏省考,行测,2026-08-08 23:53:16
13319281,https://www.fenbi.com/spa/tiku/#/xingce/report/3696525143,言语理解与表达,,单选题,2025-11-27 14:49:23,B,B,正确,江苏省考,2025,公务员,4,2025年江苏省公务员录用考试《行测》题（A类）（网友回忆版）,江苏省考,行测,2026-08-08 23:53:16
13319274,https://www.fenbi.com/spa/tiku/#/xingce/report/3696525143,言语理解与表达,,单选题,2025-11-27 14:49:23,A,A,正确,江苏省考,2025,公务员,4,2025年江苏省公务员录用考试《行测》题（A类）（网友回忆版）,江苏省考,行测,2026-08-08 23:53:16
13319271,https://www.fenbi.com/spa/tiku/#/xingce/report/3696525143,言语理解与表达,,单选题,2025-11-27 14:49:23,C,C,正确,江苏省考,2025,公务员,4,2025年江苏省公务员录用考试《行测》题（A类）（网友回忆版）,江苏省考,行测,2026-08-08 23:53:16
13319268,https://www.fenbi.com/spa/tiku/#/xingce/report/3696525143,言语理解与表达,,单选题,2025-11-27 14:49:23,A,A,正确,江苏省考,2025,公务员,4,2025年江苏省公务员录用考试《行测》题（A类）（网友回忆版）,江苏省考,行测,2026-08-08 23:53:16
13319275,https://www.fenbi.com/spa/tiku/#/xingce/report/3696525143,言语理解与表达,,单选题,2025-11-27 14:49:23,B,B,正确,江苏省考,2025,公务员,5,2025年江苏省公务员录用考试《行测》题（A类）（网友回忆版）,江苏省考,行测,2026-08-08 23:53:16
13319277,https://www.fenbi.com/spa/tiku/#/xingce/report/3696525143,言语理解与表达,,单选题,2025-11-27 14:49:23,B,0,错误,江苏省考,2025,公务员,5,2025年江苏省公务员录用考试《行测》题（A类）（网友回忆版）,江苏省考,行测,2026-08-08 23:53:16
13319278,https://www.fenbi.com/spa/tiku/#/xingce/report/3696525143,言语理解与表达,,单选题,2025-11-27 14:49:23,0,0,正确,江苏省考,2025,公务员,4,2025年江苏省公务员录用考试《行测》题（A类）（网友回忆版）,江苏省考,行测,2026-08-08 23:53:16
13319282,https://www.fenbi.com/spa/tiku/#/xingce/report/3696525143,言语理解与表达,,单选题,2025-11-27 14:49:23,0,0,正确,江苏省考,2025,公务员,3,2025年江苏省公务员录用考试《行测》题（A类）（网友回忆版）,江苏省考,行测,2026-08-08 23:53:16
13319276,https://www.fenbi.com/spa/tiku/#/xingce/report/3696525143,言语理解与表达,,单选题,2025-11-27 14:49:23,A,C,错误,江苏省考,2025,公务员,4,2025年江苏省公务员录用考试《行测》题（A类）（网友回忆版）,江苏省考,行测,2026-08-08 23:53:16
13319287,https://www.fenbi.com/spa/tiku/#/xingce/report/3696525143,言语理解与表达,,单选题,2025-11-27 14:49:23,C,C,正确,江苏省考,2025,公务员,6,2025年江苏省公务员录用考试《行测》题（A类）（网友回忆版）,江苏省考,行测,2026-08-08 23:53:16
13319280,https://www.fenbi.com/spa/tiku/#/xingce/report/3696525143,言语理解与表达,,单选题,2025-11-27 14:49:23,B,C,错误,江苏省考,2025,公务员,4,2025年江苏省公务员录用考试《行测》题（A类）（网友回忆版）,江苏省考,行测,2026-08-08 23:53:16
13319284,https://www.fenbi.com/spa/tiku/#/xingce/report/3696525143,言语理解与表达,,单选题,2025-11-27 14:49:23,A,A,正确,江苏省考,2025,公务员,4,2025年江苏省公务员录用考试《行测》题（A类）（网友回忆版）,江苏省考,行测,2026-08-08 23:53:16
13319291,https://www.fenbi.com/spa/tiku/#/xingce/report/3696525143,言语理解与表达,,单选题,2025-11-27 14:49:23,0,0,正确,江苏省考,2025,公务员,4,2025年江苏省公务员录用考试《行测》题（A类）（网友回忆版）,江苏省考,行测,2026-08-08 23:53:16
13319285,https://www.fenbi.com/spa/tiku/#/xingce/report/3696525143,言语理解与表达,,单选题,2025-11-27 14:49:23,A,A,正确,江苏省考,2025,公务员,5,2025年江苏省公务员录用考试《行测》题（A类）（网友回忆版）,江苏省考,行测,2026-08-08 23:53:16
13319288,https://www.fenbi.com/spa/tiku/#/xingce/report/3696525143,言语理解与表达,,单选题,2025-11-27 14:49:23,0,0,正确,江苏省考,2025,公务员,4,2025年江苏省公务员录用考试《行测》题（A类）（网友回忆版）,江苏省考,行测,2026-08-08 23:53:16
13319292,https://www.fenbi.com/spa/tiku/#/xingce/report/3696525143,言语理解与表达,,单选题,2025-11-27 14:49:23,A,B,错误,江苏省考,2025,公务员,4,2025年江苏省公务员录用考试《行测》题（A类）（网友回忆版）,江苏省考,行测,2026-08-08 23:53:16
13319289,https://www.fenbi.com/spa/tiku/#/xingce/report/3696525143,言语理解与表达,,单选题,2025-11-27 14:49:23,A,A,正确,江苏省考,2025,公务员,5,2025年江苏省公务员录用考试《行测》题（A类）（网友回忆版）,江苏省考,行测,2026-08-08 23:53:16
13319296,https://www.fenbi.com/spa/tiku/#/xingce/report/3696525143,言语理解与表达,,单选题,2025-11-27 14:49:23,B,B,正确,江苏省考,2025,公务员,4,2025年江苏省公务员录用考试《行测》题（A类）（网友回忆版）,江苏省考,行测,2026-08-08 23:53:16
13319295,https://www.fenbi.com/spa/tiku/#/xingce/report/3696525143,言语理解与表达,,单选题,2025-11-27 14:49:23,C,C,正确,江苏省考,2025,公务员,4,2025年江苏省公务员录用考试《行测》题（A类）（网友回忆版）,江苏省考,行测,2026-08-08 23:53:16
13319294,https://www.fenbi.com/spa/tiku/#/xingce/report/3696525143,言语理解与表达,,单选题,2025-11-27 14:49:23,B,B,正确,江苏省考,2025,公务员,4,2025年江苏省公务员录用考试《行测》题（A类）（网友回忆版）,江苏省考,行测,2026-08-08 23:53:16
13319301,https://www.fenbi.com/spa/tiku/#/xingce/report/3696525143,言语理解与表达,,单选题,2025-11-27 14:49:23,C,C,正确,江苏省考,2025,公务员,5,2025年江苏省公务员录用考试《行测》题（A类）（网友回忆版）,江苏省考,行测,2026-08-08 23:53:16
13319300,https://www.fenbi.com/spa/tiku/#/xingce/report/3696525143,言语理解与表达,,单选题,2025-11-27 14:49:23,B,A,错误,江苏省考,2025,公务员,4,2025年江苏省公务员录用考试《行测》题（A类）（网友回忆版）,江苏省考,行测,2026-08-08 23:53:16
13319302,https://www.fenbi.com/spa/tiku/#/xingce/report/3696525143,言语理解与表达,,单选题,2025-11-27 14:49:23,0,0,正确,江苏省考,2025,公务员,4,2025年江苏省公务员录用考试《行测》题（A类）（网友回忆版）,江苏省考,行测,2026-08-08 23:53:16
13319303,https://www.fenbi.com/spa/tiku/#/xingce/report/3696525143,言语理解与表达,,单选题,2025-11-27 14:49:23,B,B,正确,江苏省考,2025,公务员,5,2025年江苏省公务员录用考试《行测》题（A类）（网友回忆版）,江苏省考,行测,2026-08-08 23:53:16
13319305,https://www.fenbi.com/spa/tiku/#/xingce/report/3696525143,言语理解与表达,,单选题,2025-11-27 14:49:23,A,0,错误,江苏省考,2025,公务员,4,2025年江苏省公务员录用考试《行测》题（A类）（网友回忆版）,江苏省考,行测,2026-08-08 23:53:16
13319306,https://www.fenbi.com/spa/tiku/#/xingce/report/3696525143,言语理解与表达,,单选题,2025-11-27 14:49:23,A,A,正确,江苏省考,2025,公务员,4,2025年江苏省公务员录用考试《行测》题（A类）（网友回忆版）,江苏省考,行测,2026-08-08 23:53:16
13319307,https://www.fenbi.com/spa/tiku/#/xingce/report/3696525143,言语理解与表达,,单选题,2025-11-27 14:49:23,C,C,正确,江苏省考,2025,公务员,5,2025年江苏省公务员录用考试《行测》题（A类）（网友回忆版）,江苏省考,行测,2026-08-08 23:53:16
13319468,https://www.fenbi.com/spa/tiku/#/xingce/report/3696525143,数量关系,,单选题,2025-11-27 14:49:23,C,C,正确,江苏省考,2025,公务员,4,2025年江苏省公务员录用考试《行测》题（A类）（网友回忆版）,江苏省考,行测,2026-08-08 23:53:16
13319469,https://www.fenbi.com/spa/tiku/#/xingce/report/3696525143,数量关系,,单选题,2025-11-27 14:49:23,A,A,正确,江苏省考,2025,公务员,4,2025年江苏省公务员录用考试《行测》题（A类）（网友回忆版）,江苏省考,行测,2026-08-08 23:53:16
13319467,https://www.fenbi.com/spa/tiku/#/xingce/report/3696525143,数量关系,,单选题,2025-11-27 14:49:23,A,A,正确,江苏省考,2025,公务员,4,2025年江苏省公务员录用考试《行测》题（A类）（网友回忆版）,江苏省考,行测,2026-08-08 23:53:16
13319479,https://www.fenbi.com/spa/tiku/#/xingce/report/3696525143,数量关系,,单选题,2025-11-27 14:49:23,0,0,正确,江苏省考,2025,公务员,5,2025年江苏省公务员录用考试《行测》题（A类）（网友回忆版）,江苏省考,行测,2026-08-08 23:53:16
13319473,https://www.fenbi.com/spa/tiku/#/xingce/report/3696525143,数量关系,,单选题,2025-11-27 14:49:23,B,B,正确,江苏省考,2025,公务员,4,2025年江苏省公务员录用考试《行测》题（A类）（网友回忆版）,江苏省考,行测,2026-08-08 23:53:16
13319470,https://www.fenbi.com/spa/tiku/#/xingce/report/3696525143,数量关系,,单选题,2025-11-27 14:49:23,B,B,正确,江苏省考,2025,公务员,4,2025年江苏省公务员录用考试《行测》题（A类）（网友回忆版）,江苏省考,行测,2026-08-08 23:53:16
13319471,https://www.fenbi.com/spa/tiku/#/xingce/report/3696525143,数量关系,,单选题,2025-11-27 14:49:23,A,0,错误,江苏省考,2025,公务员,5,2025年江苏省公务员录用考试《行测》题（A类）（网友回忆版）,江苏省考,行测,2026-08-08 23:53:16
13319472,https://www.fenbi.com/spa/tiku/#/xingce/report/3696525143,数量关系,,单选题,2025-11-27 14:49:23,C,C,正确,江苏省考,2025,公务员,4,2025年江苏省公务员录用考试《行测》题（A类）（网友回忆版）,江苏省考,行测,2026-08-08 23:53:16
13319476,https://www.fenbi.com/spa/tiku/#/xingce/report/3696525143,数量关系,,单选题,2025-11-27 14:49:23,A,B,错误,江苏省考,2025,公务员,5,2025年江苏省公务员录用考试《行测》题（A类）（网友回忆版）,江苏省考,行测,2026-08-08 23:53:16
13319474,https://www.fenbi.com/spa/tiku/#/xingce/report/3696525143,数量关系,,单选题,2025-11-27 14:49:23,A,C,错误,江苏省考,2025,公务员,4,2025年江苏省公务员录用考试《行测》题（A类）（网友回忆版）,江苏省考,行测,2026-08-08 23:53:16
13319477,https://www.fenbi.com/spa/tiku/#/xingce/report/3696525143,数量关系,,单选题,2025-11-27 14:49:23,A,A,正确,江苏省考,2025,公务员,4,2025年江苏省公务员录用考试《行测》题（A类）（网友回忆版）,江苏省考,行测,2026-08-08 23:53:16
13319475,https://www.fenbi.com/spa/tiku/#/xingce/report/3696525143,数量关系,,单选题,2025-11-27 14:49:23,A,A,正确,江苏省考,2025,公务员,3,2025年江苏省公务员录用考试《行测》题（A类）（网友回忆版）,江苏省考,行测,2026-08-08 23:53:16
13319478,https://www.fenbi.com/spa/tiku/#/xingce/report/3696525143,数量关系,,单选题,2025-11-27 14:49:23,0,0,正确,江苏省考,2025,公务员,5,2025年江苏省公务员录用考试《行测》题（A类）（网友回忆版）,江苏省考,行测,2026-08-08 23:53:16
13319480,https://www.fenbi.com/spa/tiku/#/xingce/report/3696525143,数量关系,,单选题,2025-11-27 14:49:23,A,0,错误,江苏省考,2025,公务员,4,2025年江苏省公务员录用考试《行测》题（A类）（网友回忆版）,江苏省考,行测,2026-08-08 23:53:16
13319486,https://www.fenbi.com/spa/tiku/#/xingce/report/3696525143,数量关系,,单选题,2025-11-27 14:49:23,A,B,错误,江苏省考,2025,公务员,5,2025年江苏省公务员录用考试《行测》题（A类）（网友回忆版）,江苏省考,行测,2026-08-08 23:53:16
13319481,https://www.fenbi.com/spa/tiku/#/xingce/report/3696525143,数量关系,,单选题,2025-11-27 14:49:23,A,B,错误,江苏省考,2025,公务员,5,2025年江苏省公务员录用考试《行测》题（A类）（网友回忆版）,江苏省考,行测,2026-08-08 23:53:16
13319482,https://www.fenbi.com/spa/tiku/#/xingce/report/3696525143,数量关系,,单选题,2025-11-27 14:49:23,A,B,错误,江苏省考,2025,公务员,5,2025年江苏省公务员录用考试《行测》题（A类）（网友回忆版）,江苏省考,行测,2026-08-08 23:53:16
13319483,https://www.fenbi.com/spa/tiku/#/xingce/report/3696525143,数量关系,,单选题,2025-11-27 14:49:23,A,C,错误,江苏省考,2025,公务员,5,2025年江苏省公务员录用考试《行测》题（A类）（网友回忆版）,江苏省考,行测,2026-08-08 23:53:16
13319490,https://www.fenbi.com/spa/tiku/#/xingce/report/3696525143,数量关系,,单选题,2025-11-27 14:49:23,A,0,错误,江苏省考,2025,公务员,5,2025年江苏省公务员录用考试《行测》题（A类）（网友回忆版）,江苏省考,行测,2026-08-08 23:53:16
13319485,https://www.fenbi.com/spa/tiku/#/xingce/report/3696525143,数量关系,,单选题,2025-11-27 14:49:23,0,A,错误,江苏省考,2025,公务员,4,2025年江苏省公务员录用考试《行测》题（A类）（网友回忆版）,江苏省考,行测,2026-08-08 23:53:16
11367761,https://www.fenbi.com/spa/tiku/#/xingce/report/3696525143,判断推理,,单选题,2025-11-27 14:49:23,C,C,正确,江苏省考,2025,公务员,5,2025年江苏省公务员录用考试《行测》题（A类）（网友回忆版）,江苏省考,行测,2026-08-08 23:53:16
11367762,https://www.fenbi.com/spa/tiku/#/xingce/report/3696525143,判断推理,,单选题,2025-11-27 14:49:23,A,B,错误,江苏省考,2025,公务员,5,2025年江苏省公务员录用考试《行测》题（A类）（网友回忆版）,江苏省考,行测,2026-08-08 23:53:16
11367764,https://www.fenbi.com/spa/tiku/#/xingce/report/3696525143,判断推理,,单选题,2025-11-27 14:49:23,B,B,正确,江苏省考,2025,公务员,5,2025年江苏省公务员录用考试《行测》题（A类）（网友回忆版）,江苏省考,行测,2026-08-08 23:53:16
11367770,https://www.fenbi.com/spa/tiku/#/xingce/report/3696525143,判断推理,,单选题,2025-11-27 14:49:23,A,A,正确,江苏省考,2025,公务员,5,2025年江苏省公务员录用考试《行测》题（A类）（网友回忆版）,江苏省考,行测,2026-08-08 23:53:16
11367763,https://www.fenbi.com/spa/tiku/#/xingce/report/3696525143,判断推理,,单选题,2025-11-27 14:49:23,A,B,错误,江苏省考,2025,公务员,5,2025年江苏省公务员录用考试《行测》题（A类）（网友回忆版）,江苏省考,行测,2026-08-08 23:53:16
11367768,https://www.fenbi.com/spa/tiku/#/xingce/report/3696525143,判断推理,,单选题,2025-11-27 14:49:23,C,A,错误,江苏省考,2025,公务员,5,2025年江苏省公务员录用考试《行测》题（A类）（网友回忆版）,江苏省考,行测,2026-08-08 23:53:16
11367776,https://www.fenbi.com/spa/tiku/#/xingce/report/3696525143,判断推理,,单选题,2025-11-27 14:49:23,A,A,正确,江苏省考,2025,公务员,5,2025年江苏省公务员录用考试《行测》题（A类）（网友回忆版）,江苏省考,行测,2026-08-08 23:53:16
11367766,https://www.fenbi.com/spa/tiku/#/xingce/report/3696525143,判断推理,,单选题,2025-11-27 14:49:23,A,0,错误,江苏省考,2025,公务员,5,2025年江苏省公务员录用考试《行测》题（A类）（网友回忆版）,江苏省考,行测,2026-08-08 23:53:16
11367767,https://www.fenbi.com/spa/tiku/#/xingce/report/3696525143,判断推理,,单选题,2025-11-27 14:49:23,0,0,正确,江苏省考,2025,公务员,5,2025年江苏省公务员录用考试《行测》题（A类）（网友回忆版）,江苏省考,行测,2026-08-08 23:53:16
11367771,https://www.fenbi.com/spa/tiku/#/xingce/report/3696525143,判断推理,,单选题,2025-11-27 14:49:23,C,C,正确,江苏省考,2025,公务员,5,2025年江苏省公务员录用考试《行测》题（A类）（网友回忆版）,江苏省考,行测,2026-08-08 23:53:16
11367775,https://www.fenbi.com/spa/tiku/#/xingce/report/3696525143,判断推理,,单选题,2025-11-27 14:49:23,A,A,正确,江苏省考,2025,公务员,5,2025年江苏省公务员录用考试《行测》题（A类）（网友回忆版）,江苏省考,行测,2026-08-08 23:53:16
11367781,https://www.fenbi.com/spa/tiku/#/xingce/report/3696525143,判断推理,,单选题,2025-11-27 14:49:23,0,0,正确,江苏省考,2025,公务员,5,2025年江苏省公务员录用考试《行测》题（A类）（网友回忆版）,江苏省考,行测,2026-08-08 23:53:16
11367769,https://www.fenbi.com/spa/tiku/#/xingce/report/3696525143,判断推理,,单选题,2025-11-27 14:49:23,B,B,正确,江苏省考,2025,公务员,5,2025年江苏省公务员录用考试《行测》题（A类）（网友回忆版）,江苏省考,行测,2026-08-08 23:53:16
11367773,https://www.fenbi.com/spa/tiku/#/xingce/report/3696525143,判断推理,,单选题,2025-11-27 14:49:23,B,B,正确,江苏省考,2025,公务员,5,2025年江苏省公务员录用考试《行测》题（A类）（网友回忆版）,江苏省考,行测,2026-08-08 23:53:16
11367791,https://www.fenbi.com/spa/tiku/#/xingce/report/3696525143,判断推理,,单选题,2025-11-27 14:49:23,B,C,错误,江苏省考,2025,公务员,5,2025年江苏省公务员录用考试《行测》题（A类）（网友回忆版）,江苏省考,行测,2026-08-08 23:53:16
11367796,https://www.fenbi.com/spa/tiku/#/xingce/report/3696525143,判断推理,,单选题,2025-11-27 14:49:23,C,C,正确,江苏省考,2025,公务员,5,2025年江苏省公务员录用考试《行测》题（A类）（网友回忆版）,江苏省考,行测,2026-08-08 23:53:16
11367783,https://www.fenbi.com/spa/tiku/#/xingce/report/3696525143,判断推理,,单选题,2025-11-27 14:49:23,B,B,正确,江苏省考,2025,公务员,5,2025年江苏省公务员录用考试《行测》题（A类）（网友回忆版）,江苏省考,行测,2026-08-08 23:53:16
11367785,https://www.fenbi.com/spa/tiku/#/xingce/report/3696525143,判断推理,,单选题,2025-11-27 14:49:23,C,C,正确,江苏省考,2025,公务员,5,2025年江苏省公务员录用考试《行测》题（A类）（网友回忆版）,江苏省考,行测,2026-08-08 23:53:16
11367779,https://www.fenbi.com/spa/tiku/#/xingce/report/3696525143,判断推理,,单选题,2025-11-27 14:49:23,C,0,错误,江苏省考,2025,公务员,5,2025年江苏省公务员录用考试《行测》题（A类）（网友回忆版）,江苏省考,行测,2026-08-08 23:53:16
11367788,https://www.fenbi.com/spa/tiku/#/xingce/report/3696525143,判断推理,,单选题,2025-11-27 14:49:23,0,C,错误,江苏省考,2025,公务员,5,2025年江苏省公务员录用考试《行测》题（A类）（网友回忆版）,江苏省考,行测,2026-08-08 23:53:16
11367777,https://www.fenbi.com/spa/tiku/#/xingce/report/3696525143,判断推理,,单选题,2025-11-27 14:49:23,0,0,正确,江苏省考,2025,公务员,5,2025年江苏省公务员录用考试《行测》题（A类）（网友回忆版）,江苏省考,行测,2026-08-08 23:53:16
11367795,https://www.fenbi.com/spa/tiku/#/xingce/report/3696525143,判断推理,,单选题,2025-11-27 14:49:23,B,B,正确,江苏省考,2025,公务员,5,2025年江苏省公务员录用考试《行测》题（A类）（网友回忆版）,江苏省考,行测,2026-08-08 23:53:16
11367772,https://www.fenbi.com/spa/tiku/#/xingce/report/3696525143,判断推理,,单选题,2025-11-27 14:49:23,A,A,正确,江苏省考,2025,公务员,5,2025年江苏省公务员录用考试《行测》题（A类）（网友回忆版）,江苏省考,行测,2026-08-08 23:53:16
11367778,https://www.fenbi.com/spa/tiku/#/xingce/report/3696525143,判断推理,,单选题,2025-11-27 14:49:23,A,C,错误,江苏省考,2025,公务员,5,2025年江苏省公务员录用考试《行测》题（A类）（网友回忆版）,江苏省考,行测,2026-08-08 23:53:16
11367774,https://www.fenbi.com/spa/tiku/#/xingce/report/3696525143,判断推理,,单选题,2025-11-27 14:49:23,B,B,正确,江苏省考,2025,公务员,5,2025年江苏省公务员录用考试《行测》题（A类）（网友回忆版）,江苏省考,行测,2026-08-08 23:53:16
11367789,https://www.fenbi.com/spa/tiku/#/xingce/report/3696525143,判断推理,,单选题,2025-11-27 14:49:23,B,B,正确,江苏省考,2025,公务员,5,2025年江苏省公务员录用考试《行测》题（A类）（网友回忆版）,江苏省考,行测,2026-08-08 23:53:16
11367786,https://www.fenbi.com/spa/tiku/#/xingce/report/3696525143,判断推理,,单选题,2025-11-27 14:49:23,0,0,正确,江苏省考,2025,公务员,5,2025年江苏省公务员录用考试《行测》题（A类）（网友回忆版）,江苏省考,行测,2026-08-08 23:53:16
11367793,https://www.fenbi.com/spa/tiku/#/xingce/report/3696525143,判断推理,,单选题,2025-11-27 14:49:23,A,0,错误,江苏省考,2025,公务员,5,2025年江苏省公务员录用考试《行测》题（A类）（网友回忆版）,江苏省考,行测,2026-08-08 23:53:16
11367787,https://www.fenbi.com/spa/tiku/#/xingce/report/3696525143,判断推理,,单选题,2025-11-27 14:49:23,A,A,正确,江苏省考,2025,公务员,5,2025年江苏省公务员录用考试《行测》题（A类）（网友回忆版）,江苏省考,行测,2026-08-08 23:53:16
11367794,https://www.fenbi.com/spa/tiku/#/xingce/report/3696525143,判断推理,,单选题,2025-11-27 14:49:23,B,B,正确,江苏省考,2025,公务员,5,2025年江苏省公务员录用考试《行测》题（A类）（网友回忆版）,江苏省考,行测,2026-08-08 23:53:16
11367780,https://www.fenbi.com/spa/tiku/#/xingce/report/3696525143,判断推理,,单选题,2025-11-27 14:49:23,A,0,错误,江苏省考,2025,公务员,5,2025年江苏省公务员录用考试《行测》题（A类）（网友回忆版）,江苏省考,行测,2026-08-08 23:53:16
11367782,https://www.fenbi.com/spa/tiku/#/xingce/report/3696525143,判断推理,,单选题,2025-11-27 14:49:23,A,C,错误,江苏省考,2025,公务员,5,2025年江苏省公务员录用考试《行测》题（A类）（网友回忆版）,江苏省考,行测,2026-08-08 23:53:16
11367784,https://www.fenbi.com/spa/tiku/#/xingce/report/3696525143,判断推理,,单选题,2025-11-27 14:49:23,0,0,正确,江苏省考,2025,公务员,5,2025年江苏省公务员录用考试《行测》题（A类）（网友回忆版）,江苏省考,行测,2026-08-08 23:53:16
11367790,https://www.fenbi.com/spa/tiku/#/xingce/report/3696525143,判断推理,,单选题,2025-11-27 14:49:23,B,A,错误,江苏省考,2025,公务员,5,2025年江苏省公务员录用考试《行测》题（A类）（网友回忆版）,江苏省考,行测,2026-08-08 23:53:16
11367792,https://www.fenbi.com/spa/tiku/#/xingce/report/3696525143,判断推理,,单选题,2025-11-27 14:49:23,B,C,错误,江苏省考,2025,公务员,5,2025年江苏省公务员录用考试《行测》题（A类）（网友回忆版）,江苏省考,行测,2026-08-08 23:53:16
11367806,https://www.fenbi.com/spa/tiku/#/xingce/report/3696525143,判断推理,,单选题,2025-11-27 14:49:23,B,B,正确,江苏省考,2025,公务员,5,2025年江苏省公务员录用考试《行测》题（A类）（网友回忆版）,江苏省考,行测,2026-08-08 23:53:16
11367799,https://www.fenbi.com/spa/tiku/#/xingce/report/3696525143,判断推理,,单选题,2025-11-27 14:49:23,C,0,错误,江苏省考,2025,公务员,5,2025年江苏省公务员录用考试《行测》题（A类）（网友回忆版）,江苏省考,行测,2026-08-08 23:53:16
11367801,https://www.fenbi.com/spa/tiku/#/xingce/report/3696525143,判断推理,,单选题,2025-11-27 14:49:23,A,A,正确,江苏省考,2025,公务员,5,2025年江苏省公务员录用考试《行测》题（A类）（网友回忆版）,江苏省考,行测,2026-08-08 23:53:16
11367797,https://www.fenbi.com/spa/tiku/#/xingce/report/3696525143,判断推理,,单选题,2025-11-27 14:49:23,0,0,正确,江苏省考,2025,公务员,5,2025年江苏省公务员录用考试《行测》题（A类）（网友回忆版）,江苏省考,行测,2026-08-08 23:53:16
11367798,https://www.fenbi.com/spa/tiku/#/xingce/report/3696525143,判断推理,,单选题,2025-11-27 14:49:23,B,C,错误,江苏省考,2025,公务员,5,2025年江苏省公务员录用考试《行测》题（A类）（网友回忆版）,江苏省考,行测,2026-08-08 23:53:16
11367800,https://www.fenbi.com/spa/tiku/#/xingce/report/3696525143,判断推理,,单选题,2025-11-27 14:49:23,C,C,正确,江苏省考,2025,公务员,5,2025年江苏省公务员录用考试《行测》题（A类）（网友回忆版）,江苏省考,行测,2026-08-08 23:53:16
11367805,https://www.fenbi.com/spa/tiku/#/xingce/report/3696525143,判断推理,,单选题,2025-11-27 14:49:23,B,C,错误,江苏省考,2025,公务员,5,2025年江苏省公务员录用考试《行测》题（A类）（网友回忆版）,江苏省考,行测,2026-08-08 23:53:16
11367802,https://www.fenbi.com/spa/tiku/#/xingce/report/3696525143,判断推理,,单选题,2025-11-27 14:49:23,C,0,错误,江苏省考,2025,公务员,5,2025年江苏省公务员录用考试《行测》题（A类）（网友回忆版）,江苏省考,行测,2026-08-08 23:53:16
11367803,https://www.fenbi.com/spa/tiku/#/xingce/report/3696525143,判断推理,,单选题,2025-11-27 14:49:23,A,A,正确,江苏省考,2025,公务员,5,2025年江苏省公务员录用考试《行测》题（A类）（网友回忆版）,江苏省考,行测,2026-08-08 23:53:16
11367804,https://www.fenbi.com/spa/tiku/#/xingce/report/3696525143,判断推理,,单选题,2025-11-27 14:49:23,C,A,错误,江苏省考,2025,公务员,5,2025年江苏省公务员录用考试《行测》题（A类）（网友回忆版）,江苏省考,行测,2026-08-08 23:53:16
13319324,https://www.fenbi.com/spa/tiku/#/xingce/report/3696525143,资料分析,,单选题,2025-11-27 14:49:23,B,B,正确,江苏省考,2025,公务员,4,2025年江苏省公务员录用考试《行测》题（A类）（网友回忆版）,江苏省考,行测,2026-08-08 23:53:16
13319327,https://www.fenbi.com/spa/tiku/#/xingce/report/3696525143,资料分析,,单选题,2025-11-27 14:49:23,A,A,正确,江苏省考,2025,公务员,4,2025年江苏省公务员录用考试《行测》题（A类）（网友回忆版）,江苏省考,行测,2026-08-08 23:53:16
13319328,https://www.fenbi.com/spa/tiku/#/xingce/report/3696525143,资料分析,,单选题,2025-11-27 14:49:23,B,B,正确,江苏省考,2025,公务员,5,2025年江苏省公务员录用考试《行测》题（A类）（网友回忆版）,江苏省考,行测,2026-08-08 23:53:16
13319329,https://www.fenbi.com/spa/tiku/#/xingce/report/3696525143,资料分析,,单选题,2025-11-27 14:49:23,C,C,正确,江苏省考,2025,公务员,4,2025年江苏省公务员录用考试《行测》题（A类）（网友回忆版）,江苏省考,行测,2026-08-08 23:53:16
13319330,https://www.fenbi.com/spa/tiku/#/xingce/report/3696525143,资料分析,,单选题,2025-11-27 14:49:23,0,0,正确,江苏省考,2025,公务员,5,2025年江苏省公务员录用考试《行测》题（A类）（网友回忆版）,江苏省考,行测,2026-08-08 23:53:16
13319337,https://www.fenbi.com/spa/tiku/#/xingce/report/3696525143,资料分析,,单选题,2025-11-27 14:49:23,C,C,正确,江苏省考,2025,公务员,3,2025年江苏省公务员录用考试《行测》题（A类）（网友回忆版）,江苏省考,行测,2026-08-08 23:53:16
13319339,https://www.fenbi.com/spa/tiku/#/xingce/report/3696525143,资料分析,,单选题,2025-11-27 14:49:23,B,B,正确,江苏省考,2025,公务员,4,2025年江苏省公务员录用考试《行测》题（A类）（网友回忆版）,江苏省考,行测,2026-08-08 23:53:16
13319340,https://www.fenbi.com/spa/tiku/#/xingce/report/3696525143,资料分析,,单选题,2025-11-27 14:49:23,0,0,正确,江苏省考,2025,公务员,4,2025年江苏省公务员录用考试《行测》题（A类）（网友回忆版）,江苏省考,行测,2026-08-08 23:53:16
13319341,https://www.fenbi.com/spa/tiku/#/xingce/report/3696525143,资料分析,,单选题,2025-11-27 14:49:23,A,A,正确,江苏省考,2025,公务员,6,2025年江苏省公务员录用考试《行测》题（A类）（网友回忆版）,江苏省考,行测,2026-08-08 23:53:16
13319342,https://www.fenbi.com/spa/tiku/#/xingce/report/3696525143,资料分析,,单选题,2025-11-27 14:49:23,0,0,正确,江苏省考,2025,公务员,4,2025年江苏省公务员录用考试《行测》题（A类）（网友回忆版）,江苏省考,行测,2026-08-08 23:53:16
13319349,https://www.fenbi.com/spa/tiku/#/xingce/report/3696525143,资料分析,,单选题,2025-11-27 14:49:23,A,B,错误,江苏省考,2025,公务员,3,2025年江苏省公务员录用考试《行测》题（A类）（网友回忆版）,江苏省考,行测,2026-08-08 23:53:16
13319351,https://www.fenbi.com/spa/tiku/#/xingce/report/3696525143,资料分析,,单选题,2025-11-27 14:49:23,A,A,正确,江苏省考,2025,公务员,4,2025年江苏省公务员录用考试《行测》题（A类）（网友回忆版）,江苏省考,行测,2026-08-08 23:53:16
13319352,https://www.fenbi.com/spa/tiku/#/xingce/report/3696525143,资料分析,,单选题,2025-11-27 14:49:23,0,0,正确,江苏省考,2025,公务员,3,2025年江苏省公务员录用考试《行测》题（A类）（网友回忆版）,江苏省考,行测,2026-08-08 23:53:16
13319353,https://www.fenbi.com/spa/tiku/#/xingce/report/3696525143,资料分析,,单选题,2025-11-27 14:49:23,C,C,正确,江苏省考,2025,公务员,4,2025年江苏省公务员录用考试《行测》题（A类）（网友回忆版）,江苏省考,行测,2026-08-08 23:53:16
13319355,https://www.fenbi.com/spa/tiku/#/xingce/report/3696525143,资料分析,,单选题,2025-11-27 14:49:23,A,A,正确,江苏省考,2025,公务员,5,2025年江苏省公务员录用考试《行测》题（A类）（网友回忆版）,江苏省考,行测,2026-08-08 23:53:16
13319360,https://www.fenbi.com/spa/tiku/#/xingce/report/3696525143,资料分析,,单选题,2025-11-27 14:49:23,A,A,正确,江苏省考,2025,公务员,3,2025年江苏省公务员录用考试《行测》题（A类）（网友回忆版）,江苏省考,行测,2026-08-08 23:53:16
13319362,https://www.fenbi.com/spa/tiku/#/xingce/report/3696525143,资料分析,,单选题,2025-11-27 14:49:23,A,A,正确,江苏省考,2025,公务员,3,2025年江苏省公务员录用考试《行测》题（A类）（网友回忆版）,江苏省考,行测,2026-08-08 23:53:16
13319363,https://www.fenbi.com/spa/tiku/#/xingce/report/3696525143,资料分析,,单选题,2025-11-27 14:49:23,0,0,正确,江苏省考,2025,公务员,4,2025年江苏省公务员录用考试《行测》题（A类）（网友回忆版）,江苏省考,行测,2026-08-08 23:53:16
13319364,https://www.fenbi.com/spa/tiku/#/xingce/report/3696525143,资料分析,,单选题,2025-11-27 14:49:23,C,B,错误,江苏省考,2025,公务员,3,2025年江苏省公务员录用考试《行测》题（A类）（网友回忆版）,江苏省考,行测,2026-08-08 23:53:16
13319365,https://www.fenbi.com/spa/tiku/#/xingce/report/3696525143,资料分析,,单选题,2025-11-27 14:49:23,C,C,正确,江苏省考,2025,公务员,5,2025年江苏省公务员录用考试《行测》题（A类）（网友回忆版）,江苏省考,行测,2026-08-08 23:53:16
5697247,https://www.fenbi.com/spa/tiku/#/xingce/report/3694773192,数量关系,,单选题,2025-11-26 22:44:11,A,A,正确,江苏省考,2023,公务员,4,2023年江苏省公务员录用考试《行测》题（A类）（网友回忆版）,江苏省考,行测,2026-08-08 23:53:16
5697248,https://www.fenbi.com/spa/tiku/#/xingce/report/3694773192,数量关系,,单选题,2025-11-26 22:44:11,B,B,正确,江苏省考,2023,公务员,4,2023年江苏省公务员录用考试《行测》题（A类）（网友回忆版）,江苏省考,行测,2026-08-08 23:53:16
5697253,https://www.fenbi.com/spa/tiku/#/xingce/report/3694773192,数量关系,,单选题,2025-11-26 22:44:11,C,C,正确,江苏省考,2023,公务员,3,2023年江苏省公务员录用考试《行测》题（A类）（网友回忆版）,江苏省考,行测,2026-08-08 23:53:16
5746598,https://www.fenbi.com/spa/tiku/#/xingce/report/3694773192,数量关系,,单选题,2025-11-26 22:44:11,C,C,正确,江苏省考,2023,公务员,4,2023年江苏省公务员录用考试《行测》题（A类）（网友回忆版）,江苏省考,行测,2026-08-08 23:53:16
5746601,https://www.fenbi.com/spa/tiku/#/xingce/report/3694773192,数量关系,,单选题,2025-11-26 22:44:11,A,A,正确,江苏省考,2023,公务员,4,2023年江苏省公务员录用考试《行测》题（A类）（网友回忆版）,江苏省考,行测,2026-08-08 23:53:16
5699117,https://www.fenbi.com/spa/tiku/#/xingce/report/3694773192,数量关系,,单选题,2025-11-26 22:44:11,C,C,正确,江苏省考,2023,公务员,5,2023年江苏省公务员录用考试《行测》题（A类）（网友回忆版）,江苏省考,行测,2026-08-08 23:53:16
5699120,https://www.fenbi.com/spa/tiku/#/xingce/report/3694773192,数量关系,,单选题,2025-11-26 22:44:11,A,A,正确,江苏省考,2023,公务员,4,2023年江苏省公务员录用考试《行测》题（A类）（网友回忆版）,江苏省考,行测,2026-08-08 23:53:16
5699362,https://www.fenbi.com/spa/tiku/#/xingce/report/3692080788,常识判断,,单选题,2025-11-26 10:06:48,B,A,错误,江苏省考,2023,公务员,5,2023年江苏省公务员录用考试《行测》题（A类）（网友回忆版）,江苏省考,行测,2026-08-08 23:53:16
5699361,https://www.fenbi.com/spa/tiku/#/xingce/report/3692080788,常识判断,,单选题,2025-11-26 10:06:48,B,B,正确,江苏省考,2023,公务员,5,2023年江苏省公务员录用考试《行测》题（A类）（网友回忆版）,江苏省考,行测,2026-08-08 23:53:16
5699370,https://www.fenbi.com/spa/tiku/#/xingce/report/3692080788,常识判断,,单选题,2025-11-26 10:06:48,B,A,错误,江苏省考,2023,公务员,5,2023年江苏省公务员录用考试《行测》题（A类）（网友回忆版）,江苏省考,行测,2026-08-08 23:53:16
5699356,https://www.fenbi.com/spa/tiku/#/xingce/report/3692080788,常识判断,,单选题,2025-11-26 10:06:48,B,A,错误,江苏省考,2023,公务员,6,2023年江苏省公务员录用考试《行测》题（A类）（网友回忆版）,江苏省考,行测,2026-08-08 23:53:16
5699352,https://www.fenbi.com/spa/tiku/#/xingce/report/3692080788,常识判断,,单选题,2025-11-26 10:06:48,B,0,错误,江苏省考,2023,公务员,4,2023年江苏省公务员录用考试《行测》题（A类）（网友回忆版）,江苏省考,行测,2026-08-08 23:53:16
5699350,https://www.fenbi.com/spa/tiku/#/xingce/report/3692080788,常识判断,,单选题,2025-11-26 10:06:48,B,B,正确,江苏省考,2023,公务员,4,2023年江苏省公务员录用考试《行测》题（A类）（网友回忆版）,江苏省考,行测,2026-08-08 23:53:16
5699351,https://www.fenbi.com/spa/tiku/#/xingce/report/3692080788,常识判断,,单选题,2025-11-26 10:06:48,B,0,错误,江苏省考,2023,公务员,5,2023年江苏省公务员录用考试《行测》题（A类）（网友回忆版）,江苏省考,行测,2026-08-08 23:53:16
5699359,https://www.fenbi.com/spa/tiku/#/xingce/report/3692080788,常识判断,,单选题,2025-11-26 10:06:48,B,B,正确,江苏省考,2023,公务员,4,2023年江苏省公务员录用考试《行测》题（A类）（网友回忆版）,江苏省考,行测,2026-08-08 23:53:16
5746787,https://www.fenbi.com/spa/tiku/#/xingce/report/3692080788,常识判断,,单选题,2025-11-26 10:06:48,B,A,错误,江苏省考,2023,公务员,4,2023年江苏省公务员录用考试《行测》题（A类）（网友回忆版）,江苏省考,行测,2026-08-08 23:53:16
5746791,https://www.fenbi.com/spa/tiku/#/xingce/report/3692080788,常识判断,,单选题,2025-11-26 10:06:48,B,0,错误,江苏省考,2023,公务员,4,2023年江苏省公务员录用考试《行测》题（A类）（网友回忆版）,江苏省考,行测,2026-08-08 23:53:16
5699404,https://www.fenbi.com/spa/tiku/#/xingce/report/3692080788,常识判断,,单选题,2025-11-26 10:06:48,B,B,正确,江苏省考,2023,公务员,5,2023年江苏省公务员录用考试《行测》题（A类）（网友回忆版）,江苏省考,行测,2026-08-08 23:53:16
5746790,https://www.fenbi.com/spa/tiku/#/xingce/report/3692080788,常识判断,,单选题,2025-11-26 10:06:48,B,C,错误,江苏省考,2023,公务员,5,2023年江苏省公务员录用考试《行测》题（A类）（网友回忆版）,江苏省考,行测,2026-08-08 23:53:16
5746793,https://www.fenbi.com/spa/tiku/#/xingce/report/3692080788,常识判断,,单选题,2025-11-26 10:06:48,B,A,错误,江苏省考,2023,公务员,4,2023年江苏省公务员录用考试《行测》题（A类）（网友回忆版）,江苏省考,行测,2026-08-08 23:53:16
5746808,https://www.fenbi.com/spa/tiku/#/xingce/report/3692080788,常识判断,,单选题,2025-11-26 10:06:48,B,C,错误,江苏省考,2023,公务员,5,2023年江苏省公务员录用考试《行测》题（A类）（网友回忆版）,江苏省考,行测,2026-08-08 23:53:16
5746801,https://www.fenbi.com/spa/tiku/#/xingce/report/3692080788,常识判断,,单选题,2025-11-26 10:06:48,B,0,错误,江苏省考,2023,公务员,4,2023年江苏省公务员录用考试《行测》题（A类）（网友回忆版）,江苏省考,行测,2026-08-08 23:53:16
5747296,https://www.fenbi.com/spa/tiku/#/xingce/report/3692080788,言语理解与表达,,单选题,2025-11-26 10:06:48,0,A,错误,江苏省考,2023,公务员,5,2023年江苏省公务员录用考试《行测》题（A类）（网友回忆版）,江苏省考,行测,2026-08-08 23:53:16
5691982,https://www.fenbi.com/spa/tiku/#/xingce/report/3692080788,言语理解与表达,,单选题,2025-11-26 10:06:48,B,B,正确,江苏省考,2023,公务员,5,2023年江苏省公务员录用考试《行测》题（A类）（网友回忆版）,江苏省考,行测,2026-08-08 23:53:16
5691985,https://www.fenbi.com/spa/tiku/#/xingce/report/3692080788,言语理解与表达,,单选题,2025-11-26 10:06:48,C,C,正确,江苏省考,2023,公务员,4,2023年江苏省公务员录用考试《行测》题（A类）（网友回忆版）,江苏省考,行测,2026-08-08 23:53:16
5747272,https://www.fenbi.com/spa/tiku/#/xingce/report/3692080788,言语理解与表达,,单选题,2025-11-26 10:06:48,B,B,正确,江苏省考,2023,公务员,4,2023年江苏省公务员录用考试《行测》题（A类）（网友回忆版）,江苏省考,行测,2026-08-08 23:53:16
5747274,https://www.fenbi.com/spa/tiku/#/xingce/report/3692080788,言语理解与表达,,单选题,2025-11-26 10:06:48,C,C,正确,江苏省考,2023,公务员,6,2023年江苏省公务员录用考试《行测》题（A类）（网友回忆版）,江苏省考,行测,2026-08-08 23:53:16
5747275,https://www.fenbi.com/spa/tiku/#/xingce/report/3692080788,言语理解与表达,,单选题,2025-11-26 10:06:48,0,0,正确,江苏省考,2023,公务员,4,2023年江苏省公务员录用考试《行测》题（A类）（网友回忆版）,江苏省考,行测,2026-08-08 23:53:16
5691987,https://www.fenbi.com/spa/tiku/#/xingce/report/3692080788,言语理解与表达,,单选题,2025-11-26 10:06:48,B,B,正确,江苏省考,2023,公务员,5,2023年江苏省公务员录用考试《行测》题（A类）（网友回忆版）,江苏省考,行测,2026-08-08 23:53:16
5691991,https://www.fenbi.com/spa/tiku/#/xingce/report/3692080788,言语理解与表达,,单选题,2025-11-26 10:06:48,0,0,正确,江苏省考,2023,公务员,4,2023年江苏省公务员录用考试《行测》题（A类）（网友回忆版）,江苏省考,行测,2026-08-08 23:53:16
5747280,https://www.fenbi.com/spa/tiku/#/xingce/report/3692080788,言语理解与表达,,单选题,2025-11-26 10:06:48,0,0,正确,江苏省考,2023,公务员,3,2023年江苏省公务员录用考试《行测》题（A类）（网友回忆版）,江苏省考,行测,2026-08-08 23:53:16
5747291,https://www.fenbi.com/spa/tiku/#/xingce/report/3692080788,言语理解与表达,,单选题,2025-11-26 10:06:48,C,A,错误,江苏省考,2023,公务员,4,2023年江苏省公务员录用考试《行测》题（A类）（网友回忆版）,江苏省考,行测,2026-08-08 23:53:16
5691992,https://www.fenbi.com/spa/tiku/#/xingce/report/3692080788,言语理解与表达,,单选题,2025-11-26 10:06:48,C,C,正确,江苏省考,2023,公务员,4,2023年江苏省公务员录用考试《行测》题（A类）（网友回忆版）,江苏省考,行测,2026-08-08 23:53:16
5691994,https://www.fenbi.com/spa/tiku/#/xingce/report/3692080788,言语理解与表达,,单选题,2025-11-26 10:06:48,A,A,正确,江苏省考,2023,公务员,4,2023年江苏省公务员录用考试《行测》题（A类）（网友回忆版）,江苏省考,行测,2026-08-08 23:53:16
5747281,https://www.fenbi.com/spa/tiku/#/xingce/report/3692080788,言语理解与表达,,单选题,2025-11-26 10:06:48,A,B,错误,江苏省考,2023,公务员,4,2023年江苏省公务员录用考试《行测》题（A类）（网友回忆版）,江苏省考,行测,2026-08-08 23:53:16
5747277,https://www.fenbi.com/spa/tiku/#/xingce/report/3692080788,言语理解与表达,,单选题,2025-11-26 10:06:48,A,0,错误,江苏省考,2023,公务员,5,2023年江苏省公务员录用考试《行测》题（A类）（网友回忆版）,江苏省考,行测,2026-08-08 23:53:16
5691997,https://www.fenbi.com/spa/tiku/#/xingce/report/3692080788,言语理解与表达,,单选题,2025-11-26 10:06:48,B,B,正确,江苏省考,2023,公务员,4,2023年江苏省公务员录用考试《行测》题（A类）（网友回忆版）,江苏省考,行测,2026-08-08 23:53:16
5747304,https://www.fenbi.com/spa/tiku/#/xingce/report/3692080788,言语理解与表达,,单选题,2025-11-26 10:06:48,B,B,正确,江苏省考,2023,公务员,5,2023年江苏省公务员录用考试《行测》题（A类）（网友回忆版）,江苏省考,行测,2026-08-08 23:53:16
5747293,https://www.fenbi.com/spa/tiku/#/xingce/report/3692080788,言语理解与表达,,单选题,2025-11-26 10:06:48,B,B,正确,江苏省考,2023,公务员,4,2023年江苏省公务员录用考试《行测》题（A类）（网友回忆版）,江苏省考,行测,2026-08-08 23:53:16
5747287,https://www.fenbi.com/spa/tiku/#/xingce/report/3692080788,言语理解与表达,,单选题,2025-11-26 10:06:48,0,0,正确,江苏省考,2023,公务员,4,2023年江苏省公务员录用考试《行测》题（A类）（网友回忆版）,江苏省考,行测,2026-08-08 23:53:16
5747286,https://www.fenbi.com/spa/tiku/#/xingce/report/3692080788,言语理解与表达,,单选题,2025-11-26 10:06:48,A,A,正确,江苏省考,2023,公务员,4,2023年江苏省公务员录用考试《行测》题（A类）（网友回忆版）,江苏省考,行测,2026-08-08 23:53:16
5692001,https://www.fenbi.com/spa/tiku/#/xingce/report/3692080788,言语理解与表达,,单选题,2025-11-26 10:06:48,A,A,正确,江苏省考,2023,公务员,4,2023年江苏省公务员录用考试《行测》题（A类）（网友回忆版）,江苏省考,行测,2026-08-08 23:53:16
5692006,https://www.fenbi.com/spa/tiku/#/xingce/report/3692080788,言语理解与表达,,单选题,2025-11-26 10:06:48,A,A,正确,江苏省考,2023,公务员,4,2023年江苏省公务员录用考试《行测》题（A类）（网友回忆版）,江苏省考,行测,2026-08-08 23:53:16
5747294,https://www.fenbi.com/spa/tiku/#/xingce/report/3692080788,言语理解与表达,,单选题,2025-11-26 10:06:48,B,C,错误,江苏省考,2023,公务员,4,2023年江苏省公务员录用考试《行测》题（A类）（网友回忆版）,江苏省考,行测,2026-08-08 23:53:16
5692011,https://www.fenbi.com/spa/tiku/#/xingce/report/3692080788,言语理解与表达,,单选题,2025-11-26 10:06:48,B,B,正确,江苏省考,2023,公务员,4,2023年江苏省公务员录用考试《行测》题（A类）（网友回忆版）,江苏省考,行测,2026-08-08 23:53:16
5747289,https://www.fenbi.com/spa/tiku/#/xingce/report/3692080788,言语理解与表达,,单选题,2025-11-26 10:06:48,0,C,错误,江苏省考,2023,公务员,5,2023年江苏省公务员录用考试《行测》题（A类）（网友回忆版）,江苏省考,行测,2026-08-08 23:53:16
5692020,https://www.fenbi.com/spa/tiku/#/xingce/report/3692080788,言语理解与表达,,单选题,2025-11-26 10:06:48,0,0,正确,江苏省考,2023,公务员,5,2023年江苏省公务员录用考试《行测》题（A类）（网友回忆版）,江苏省考,行测,2026-08-08 23:53:16
5692082,https://www.fenbi.com/spa/tiku/#/xingce/report/3692080788,言语理解与表达,,单选题,2025-11-26 10:06:48,A,A,正确,江苏省考,2023,公务员,4,2023年江苏省公务员录用考试《行测》题（A类）（网友回忆版）,江苏省考,行测,2026-08-08 23:53:16
5692084,https://www.fenbi.com/spa/tiku/#/xingce/report/3692080788,言语理解与表达,,单选题,2025-11-26 10:06:48,C,C,正确,江苏省考,2023,公务员,3,2023年江苏省公务员录用考试《行测》题（A类）（网友回忆版）,江苏省考,行测,2026-08-08 23:53:16
5692085,https://www.fenbi.com/spa/tiku/#/xingce/report/3692080788,言语理解与表达,,单选题,2025-11-26 10:06:48,C,C,正确,江苏省考,2023,公务员,5,2023年江苏省公务员录用考试《行测》题（A类）（网友回忆版）,江苏省考,行测,2026-08-08 23:53:16
5692086,https://www.fenbi.com/spa/tiku/#/xingce/report/3692080788,言语理解与表达,,单选题,2025-11-26 10:06:48,B,B,正确,江苏省考,2023,公务员,4,2023年江苏省公务员录用考试《行测》题（A类）（网友回忆版）,江苏省考,行测,2026-08-08 23:53:16
5692089,https://www.fenbi.com/spa/tiku/#/xingce/report/3692080788,言语理解与表达,,单选题,2025-11-26 10:06:48,0,0,正确,江苏省考,2023,公务员,4,2023年江苏省公务员录用考试《行测》题（A类）（网友回忆版）,江苏省考,行测,2026-08-08 23:53:16
5746594,https://www.fenbi.com/spa/tiku/#/xingce/report/3692080788,数量关系,,单选题,2025-11-26 10:06:48,A,B,错误,江苏省考,2023,公务员,3,2023年江苏省公务员录用考试《行测》题（A类）（网友回忆版）,江苏省考,行测,2026-08-08 23:53:16
5697219,https://www.fenbi.com/spa/tiku/#/xingce/report/3692080788,数量关系,,单选题,2025-11-26 10:06:48,C,C,正确,江苏省考,2023,公务员,4,2023年江苏省公务员录用考试《行测》题（A类）（网友回忆版）,江苏省考,行测,2026-08-08 23:53:16
5746642,https://www.fenbi.com/spa/tiku/#/xingce/report/3692080788,数量关系,,单选题,2025-11-26 10:06:48,0,0,正确,江苏省考,2023,公务员,5,2023年江苏省公务员录用考试《行测》题（A类）（网友回忆版）,江苏省考,行测,2026-08-08 23:53:16
5697242,https://www.fenbi.com/spa/tiku/#/xingce/report/3692080788,数量关系,,单选题,2025-11-26 10:06:48,C,C,正确,江苏省考,2023,公务员,4,2023年江苏省公务员录用考试《行测》题（A类）（网友回忆版）,江苏省考,行测,2026-08-08 23:53:16
5746606,https://www.fenbi.com/spa/tiku/#/xingce/report/3692080788,数量关系,,单选题,2025-11-26 10:06:48,A,A,正确,江苏省考,2023,公务员,4,2023年江苏省公务员录用考试《行测》题（A类）（网友回忆版）,江苏省考,行测,2026-08-08 23:53:16
5697257,https://www.fenbi.com/spa/tiku/#/xingce/report/3692080788,数量关系,,单选题,2025-11-26 10:06:48,A,C,错误,江苏省考,2023,公务员,5,2023年江苏省公务员录用考试《行测》题（A类）（网友回忆版）,江苏省考,行测,2026-08-08 23:53:16
5699134,https://www.fenbi.com/spa/tiku/#/xingce/report/3692080788,数量关系,,单选题,2025-11-26 10:06:48,A,0,错误,江苏省考,2023,公务员,4,2023年江苏省公务员录用考试《行测》题（A类）（网友回忆版）,江苏省考,行测,2026-08-08 23:53:16
5699124,https://www.fenbi.com/spa/tiku/#/xingce/report/3692080788,数量关系,,单选题,2025-11-26 10:06:48,A,0,错误,江苏省考,2023,公务员,5,2023年江苏省公务员录用考试《行测》题（A类）（网友回忆版）,江苏省考,行测,2026-08-08 23:53:16
5699127,https://www.fenbi.com/spa/tiku/#/xingce/report/3692080788,数量关系,,单选题,2025-11-26 10:06:48,A,B,错误,江苏省考,2023,公务员,5,2023年江苏省公务员录用考试《行测》题（A类）（网友回忆版）,江苏省考,行测,2026-08-08 23:53:16
5699138,https://www.fenbi.com/spa/tiku/#/xingce/report/3692080788,数量关系,,单选题,2025-11-26 10:06:48,A,C,错误,江苏省考,2023,公务员,4,2023年江苏省公务员录用考试《行测》题（A类）（网友回忆版）,江苏省考,行测,2026-08-08 23:53:16
5699136,https://www.fenbi.com/spa/tiku/#/xingce/report/3692080788,数量关系,,单选题,2025-11-26 10:06:48,A,B,错误,江苏省考,2023,公务员,4,2023年江苏省公务员录用考试《行测》题（A类）（网友回忆版）,江苏省考,行测,2026-08-08 23:53:16
5746599,https://www.fenbi.com/spa/tiku/#/xingce/report/3692080788,数量关系,,单选题,2025-11-26 10:06:48,A,A,正确,江苏省考,2023,公务员,4,2023年江苏省公务员录用考试《行测》题（A类）（网友回忆版）,江苏省考,行测,2026-08-08 23:53:16
5746600,https://www.fenbi.com/spa/tiku/#/xingce/report/3692080788,数量关系,,单选题,2025-11-26 10:06:48,A,C,错误,江苏省考,2023,公务员,4,2023年江苏省公务员录用考试《行测》题（A类）（网友回忆版）,江苏省考,行测,2026-08-08 23:53:16
5755688,https://www.fenbi.com/spa/tiku/#/xingce/report/3692080788,判断推理,,单选题,2025-11-26 10:06:48,C,C,正确,江苏省考,2023,公务员,5,2023年江苏省公务员录用考试《行测》题（A类）（网友回忆版）,江苏省考,行测,2026-08-08 23:53:16
5755672,https://www.fenbi.com/spa/tiku/#/xingce/report/3692080788,判断推理,,单选题,2025-11-26 10:06:48,0,0,正确,江苏省考,2023,公务员,5,2023年江苏省公务员录用考试《行测》题（A类）（网友回忆版）,江苏省考,行测,2026-08-08 23:53:16
5755674,https://www.fenbi.com/spa/tiku/#/xingce/report/3692080788,判断推理,,单选题,2025-11-26 10:06:48,0,C,错误,江苏省考,2023,公务员,5,2023年江苏省公务员录用考试《行测》题（A类）（网友回忆版）,江苏省考,行测,2026-08-08 23:53:16
5697831,https://www.fenbi.com/spa/tiku/#/xingce/report/3692080788,判断推理,,单选题,2025-11-26 10:06:48,A,A,正确,江苏省考,2023,公务员,5,2023年江苏省公务员录用考试《行测》题（A类）（网友回忆版）,江苏省考,行测,2026-08-08 23:53:16
5755676,https://www.fenbi.com/spa/tiku/#/xingce/report/3692080788,判断推理,,单选题,2025-11-26 10:06:48,B,A,错误,江苏省考,2023,公务员,5,2023年江苏省公务员录用考试《行测》题（A类）（网友回忆版）,江苏省考,行测,2026-08-08 23:53:16
5755677,https://www.fenbi.com/spa/tiku/#/xingce/report/3692080788,判断推理,,单选题,2025-11-26 10:06:48,B,B,正确,江苏省考,2023,公务员,5,2023年江苏省公务员录用考试《行测》题（A类）（网友回忆版）,江苏省考,行测,2026-08-08 23:53:16
5755682,https://www.fenbi.com/spa/tiku/#/xingce/report/3692080788,判断推理,,单选题,2025-11-26 10:06:48,0,A,错误,江苏省考,2023,公务员,5,2023年江苏省公务员录用考试《行测》题（A类）（网友回忆版）,江苏省考,行测,2026-08-08 23:53:16
5697862,https://www.fenbi.com/spa/tiku/#/xingce/report/3692080788,判断推理,,单选题,2025-11-26 10:06:48,C,C,正确,江苏省考,2023,公务员,5,2023年江苏省公务员录用考试《行测》题（A类）（网友回忆版）,江苏省考,行测,2026-08-08 23:53:16
5755681,https://www.fenbi.com/spa/tiku/#/xingce/report/3692080788,判断推理,,单选题,2025-11-26 10:06:48,B,B,正确,江苏省考,2023,公务员,5,2023年江苏省公务员录用考试《行测》题（A类）（网友回忆版）,江苏省考,行测,2026-08-08 23:53:16
5697898,https://www.fenbi.com/spa/tiku/#/xingce/report/3692080788,判断推理,,单选题,2025-11-26 10:06:48,C,C,正确,江苏省考,2023,公务员,5,2023年江苏省公务员录用考试《行测》题（A类）（网友回忆版）,江苏省考,行测,2026-08-08 23:53:16
5755689,https://www.fenbi.com/spa/tiku/#/xingce/report/3692080788,判断推理,,单选题,2025-11-26 10:06:48,C,C,正确,江苏省考,2023,公务员,5,2023年江苏省公务员录用考试《行测》题（A类）（网友回忆版）,江苏省考,行测,2026-08-08 23:53:16
5755694,https://www.fenbi.com/spa/tiku/#/xingce/report/3692080788,判断推理,,单选题,2025-11-26 10:06:48,B,B,正确,江苏省考,2023,公务员,5,2023年江苏省公务员录用考试《行测》题（A类）（网友回忆版）,江苏省考,行测,2026-08-08 23:53:16
5697852,https://www.fenbi.com/spa/tiku/#/xingce/report/3692080788,判断推理,,单选题,2025-11-26 10:06:48,B,B,正确,江苏省考,2023,公务员,5,2023年江苏省公务员录用考试《行测》题（A类）（网友回忆版）,江苏省考,行测,2026-08-08 23:53:16
5755690,https://www.fenbi.com/spa/tiku/#/xingce/report/3692080788,判断推理,,单选题,2025-11-26 10:06:48,B,A,错误,江苏省考,2023,公务员,5,2023年江苏省公务员录用考试《行测》题（A类）（网友回忆版）,江苏省考,行测,2026-08-08 23:53:16
5697901,https://www.fenbi.com/spa/tiku/#/xingce/report/3692080788,判断推理,,单选题,2025-11-26 10:06:48,B,0,错误,江苏省考,2023,公务员,5,2023年江苏省公务员录用考试《行测》题（A类）（网友回忆版）,江苏省考,行测,2026-08-08 23:53:16
5755695,https://www.fenbi.com/spa/tiku/#/xingce/report/3692080788,判断推理,,单选题,2025-11-26 10:06:48,B,C,错误,江苏省考,2023,公务员,5,2023年江苏省公务员录用考试《行测》题（A类）（网友回忆版）,江苏省考,行测,2026-08-08 23:53:16
5755701,https://www.fenbi.com/spa/tiku/#/xingce/report/3692080788,判断推理,,单选题,2025-11-26 10:06:48,C,C,正确,江苏省考,2023,公务员,5,2023年江苏省公务员录用考试《行测》题（A类）（网友回忆版）,江苏省考,行测,2026-08-08 23:53:16
5755687,https://www.fenbi.com/spa/tiku/#/xingce/report/3692080788,判断推理,,单选题,2025-11-26 10:06:48,0,0,正确,江苏省考,2023,公务员,5,2023年江苏省公务员录用考试《行测》题（A类）（网友回忆版）,江苏省考,行测,2026-08-08 23:53:16
5697897,https://www.fenbi.com/spa/tiku/#/xingce/report/3692080788,判断推理,,单选题,2025-11-26 10:06:48,A,A,正确,江苏省考,2023,公务员,5,2023年江苏省公务员录用考试《行测》题（A类）（网友回忆版）,江苏省考,行测,2026-08-08 23:53:16
5755699,https://www.fenbi.com/spa/tiku/#/xingce/report/3692080788,判断推理,,单选题,2025-11-26 10:06:48,0,0,正确,江苏省考,2023,公务员,5,2023年江苏省公务员录用考试《行测》题（A类）（网友回忆版）,江苏省考,行测,2026-08-08 23:53:16
5755702,https://www.fenbi.com/spa/tiku/#/xingce/report/3692080788,判断推理,,单选题,2025-11-26 10:06:48,A,A,正确,江苏省考,2023,公务员,5,2023年江苏省公务员录用考试《行测》题（A类）（网友回忆版）,江苏省考,行测,2026-08-08 23:53:16
5755692,https://www.fenbi.com/spa/tiku/#/xingce/report/3692080788,判断推理,,单选题,2025-11-26 10:06:48,C,A,错误,江苏省考,2023,公务员,5,2023年江苏省公务员录用考试《行测》题（A类）（网友回忆版）,江苏省考,行测,2026-08-08 23:53:16
5697878,https://www.fenbi.com/spa/tiku/#/xingce/report/3692080788,判断推理,,单选题,2025-11-26 10:06:48,B,A,错误,江苏省考,2023,公务员,5,2023年江苏省公务员录用考试《行测》题（A类）（网友回忆版）,江苏省考,行测,2026-08-08 23:53:16
5697913,https://www.fenbi.com/spa/tiku/#/xingce/report/3692080788,判断推理,,单选题,2025-11-26 10:06:48,0,0,正确,江苏省考,2023,公务员,5,2023年江苏省公务员录用考试《行测》题（A类）（网友回忆版）,江苏省考,行测,2026-08-08 23:53:16
5697923,https://www.fenbi.com/spa/tiku/#/xingce/report/3692080788,判断推理,,单选题,2025-11-26 10:06:48,A,0,错误,江苏省考,2023,公务员,5,2023年江苏省公务员录用考试《行测》题（A类）（网友回忆版）,江苏省考,行测,2026-08-08 23:53:16
5697932,https://www.fenbi.com/spa/tiku/#/xingce/report/3692080788,判断推理,,单选题,2025-11-26 10:06:48,0,0,正确,江苏省考,2023,公务员,5,2023年江苏省公务员录用考试《行测》题（A类）（网友回忆版）,江苏省考,行测,2026-08-08 23:53:16
5755691,https://www.fenbi.com/spa/tiku/#/xingce/report/3692080788,判断推理,,单选题,2025-11-26 10:06:48,A,A,正确,江苏省考,2023,公务员,5,2023年江苏省公务员录用考试《行测》题（A类）（网友回忆版）,江苏省考,行测,2026-08-08 23:53:16
5697876,https://www.fenbi.com/spa/tiku/#/xingce/report/3692080788,判断推理,,单选题,2025-11-26 10:06:48,C,C,正确,江苏省考,2023,公务员,5,2023年江苏省公务员录用考试《行测》题（A类）（网友回忆版）,江苏省考,行测,2026-08-08 23:53:16
5697910,https://www.fenbi.com/spa/tiku/#/xingce/report/3692080788,判断推理,,单选题,2025-11-26 10:06:48,B,B,正确,江苏省考,2023,公务员,5,2023年江苏省公务员录用考试《行测》题（A类）（网友回忆版）,江苏省考,行测,2026-08-08 23:53:16
5755685,https://www.fenbi.com/spa/tiku/#/xingce/report/3692080788,判断推理,,单选题,2025-11-26 10:06:48,C,C,正确,江苏省考,2023,公务员,5,2023年江苏省公务员录用考试《行测》题（A类）（网友回忆版）,江苏省考,行测,2026-08-08 23:53:16
5755696,https://www.fenbi.com/spa/tiku/#/xingce/report/3692080788,判断推理,,单选题,2025-11-26 10:06:48,0,0,正确,江苏省考,2023,公务员,5,2023年江苏省公务员录用考试《行测》题（A类）（网友回忆版）,江苏省考,行测,2026-08-08 23:53:16
5697990,https://www.fenbi.com/spa/tiku/#/xingce/report/3692080788,判断推理,,单选题,2025-11-26 10:06:48,A,A,正确,江苏省考,2023,公务员,5,2023年江苏省公务员录用考试《行测》题（A类）（网友回忆版）,江苏省考,行测,2026-08-08 23:53:16
5697995,https://www.fenbi.com/spa/tiku/#/xingce/report/3692080788,判断推理,,单选题,2025-11-26 10:06:48,B,B,正确,江苏省考,2023,公务员,5,2023年江苏省公务员录用考试《行测》题（A类）（网友回忆版）,江苏省考,行测,2026-08-08 23:53:16
5755693,https://www.fenbi.com/spa/tiku/#/xingce/report/3692080788,判断推理,,单选题,2025-11-26 10:06:48,C,0,错误,江苏省考,2023,公务员,5,2023年江苏省公务员录用考试《行测》题（A类）（网友回忆版）,江苏省考,行测,2026-08-08 23:53:16
5697890,https://www.fenbi.com/spa/tiku/#/xingce/report/3692080788,判断推理,,单选题,2025-11-26 10:06:48,B,B,正确,江苏省考,2023,公务员,5,2023年江苏省公务员录用考试《行测》题（A类）（网友回忆版）,江苏省考,行测,2026-08-08 23:53:16
5697895,https://www.fenbi.com/spa/tiku/#/xingce/report/3692080788,判断推理,,单选题,2025-11-26 10:06:48,A,A,正确,江苏省考,2023,公务员,5,2023年江苏省公务员录用考试《行测》题（A类）（网友回忆版）,江苏省考,行测,2026-08-08 23:53:16
5755697,https://www.fenbi.com/spa/tiku/#/xingce/report/3692080788,判断推理,,单选题,2025-11-26 10:06:48,C,B,错误,江苏省考,2023,公务员,5,2023年江苏省公务员录用考试《行测》题（A类）（网友回忆版）,江苏省考,行测,2026-08-08 23:53:16
5697915,https://www.fenbi.com/spa/tiku/#/xingce/report/3692080788,判断推理,,单选题,2025-11-26 10:06:48,C,C,正确,江苏省考,2023,公务员,5,2023年江苏省公务员录用考试《行测》题（A类）（网友回忆版）,江苏省考,行测,2026-08-08 23:53:16
5699263,https://www.fenbi.com/spa/tiku/#/xingce/report/3692080788,判断推理,,单选题,2025-11-26 10:06:48,B,0,错误,江苏省考,2023,公务员,5,2023年江苏省公务员录用考试《行测》题（A类）（网友回忆版）,江苏省考,行测,2026-08-08 23:53:16
5699266,https://www.fenbi.com/spa/tiku/#/xingce/report/3692080788,判断推理,,单选题,2025-11-26 10:06:48,B,B,正确,江苏省考,2023,公务员,5,2023年江苏省公务员录用考试《行测》题（A类）（网友回忆版）,江苏省考,行测,2026-08-08 23:53:16
5697947,https://www.fenbi.com/spa/tiku/#/xingce/report/3692080788,判断推理,,单选题,2025-11-26 10:06:48,A,A,正确,江苏省考,2023,公务员,5,2023年江苏省公务员录用考试《行测》题（A类）（网友回忆版）,江苏省考,行测,2026-08-08 23:53:16
5755703,https://www.fenbi.com/spa/tiku/#/xingce/report/3692080788,判断推理,,单选题,2025-11-26 10:06:48,0,0,正确,江苏省考,2023,公务员,5,2023年江苏省公务员录用考试《行测》题（A类）（网友回忆版）,江苏省考,行测,2026-08-08 23:53:16
5698011,https://www.fenbi.com/spa/tiku/#/xingce/report/3692080788,判断推理,,单选题,2025-11-26 10:06:48,C,C,正确,江苏省考,2023,公务员,5,2023年江苏省公务员录用考试《行测》题（A类）（网友回忆版）,江苏省考,行测,2026-08-08 23:53:16
5755708,https://www.fenbi.com/spa/tiku/#/xingce/report/3692080788,判断推理,,单选题,2025-11-26 10:06:48,A,A,正确,江苏省考,2023,公务员,5,2023年江苏省公务员录用考试《行测》题（A类）（网友回忆版）,江苏省考,行测,2026-08-08 23:53:16
5698007,https://www.fenbi.com/spa/tiku/#/xingce/report/3692080788,判断推理,,单选题,2025-11-26 10:06:48,B,B,正确,江苏省考,2023,公务员,5,2023年江苏省公务员录用考试《行测》题（A类）（网友回忆版）,江苏省考,行测,2026-08-08 23:53:16
5697965,https://www.fenbi.com/spa/tiku/#/xingce/report/3692080788,判断推理,,单选题,2025-11-26 10:06:48,A,0,错误,江苏省考,2023,公务员,5,2023年江苏省公务员录用考试《行测》题（A类）（网友回忆版）,江苏省考,行测,2026-08-08 23:53:16
5755711,https://www.fenbi.com/spa/tiku/#/xingce/report/3692080788,判断推理,,单选题,2025-11-26 10:06:48,B,A,错误,江苏省考,2023,公务员,5,2023年江苏省公务员录用考试《行测》题（A类）（网友回忆版）,江苏省考,行测,2026-08-08 23:53:16
5755720,https://www.fenbi.com/spa/tiku/#/xingce/report/3692080788,判断推理,,单选题,2025-11-26 10:06:48,C,A,错误,江苏省考,2023,公务员,5,2023年江苏省公务员录用考试《行测》题（A类）（网友回忆版）,江苏省考,行测,2026-08-08 23:53:16
5698013,https://www.fenbi.com/spa/tiku/#/xingce/report/3692080788,判断推理,,单选题,2025-11-26 10:06:48,C,C,正确,江苏省考,2023,公务员,5,2023年江苏省公务员录用考试《行测》题（A类）（网友回忆版）,江苏省考,行测,2026-08-08 23:53:16
5755717,https://www.fenbi.com/spa/tiku/#/xingce/report/3692080788,判断推理,,单选题,2025-11-26 10:06:48,A,A,正确,江苏省考,2023,公务员,5,2023年江苏省公务员录用考试《行测》题（A类）（网友回忆版）,江苏省考,行测,2026-08-08 23:53:16
5699147,https://www.fenbi.com/spa/tiku/#/xingce/report/3692080788,资料分析,,单选题,2025-11-26 10:06:48,B,B,正确,江苏省考,2023,公务员,3,2023年江苏省公务员录用考试《行测》题（A类）（网友回忆版）,江苏省考,行测,2026-08-08 23:53:16
5699148,https://www.fenbi.com/spa/tiku/#/xingce/report/3692080788,资料分析,,单选题,2025-11-26 10:06:48,0,0,正确,江苏省考,2023,公务员,4,2023年江苏省公务员录用考试《行测》题（A类）（网友回忆版）,江苏省考,行测,2026-08-08 23:53:16
5699149,https://www.fenbi.com/spa/tiku/#/xingce/report/3692080788,资料分析,,单选题,2025-11-26 10:06:48,B,B,正确,江苏省考,2023,公务员,3,2023年江苏省公务员录用考试《行测》题（A类）（网友回忆版）,江苏省考,行测,2026-08-08 23:53:16
5699152,https://www.fenbi.com/spa/tiku/#/xingce/report/3692080788,资料分析,,单选题,2025-11-26 10:06:48,C,C,正确,江苏省考,2023,公务员,4,2023年江苏省公务员录用考试《行测》题（A类）（网友回忆版）,江苏省考,行测,2026-08-08 23:53:16
5699153,https://www.fenbi.com/spa/tiku/#/xingce/report/3692080788,资料分析,,单选题,2025-11-26 10:06:48,0,B,错误,江苏省考,2023,公务员,5,2023年江苏省公务员录用考试《行测》题（A类）（网友回忆版）,江苏省考,行测,2026-08-08 23:53:16
5699218,https://www.fenbi.com/spa/tiku/#/xingce/report/3692080788,资料分析,,单选题,2025-11-26 10:06:48,0,0,正确,江苏省考,2023,公务员,4,2023年江苏省公务员录用考试《行测》题（A类）（网友回忆版）,江苏省考,行测,2026-08-08 23:53:16
5699220,https://www.fenbi.com/spa/tiku/#/xingce/report/3692080788,资料分析,,单选题,2025-11-26 10:06:48,B,B,正确,江苏省考,2023,公务员,5,2023年江苏省公务员录用考试《行测》题（A类）（网友回忆版）,江苏省考,行测,2026-08-08 23:53:16
5699222,https://www.fenbi.com/spa/tiku/#/xingce/report/3692080788,资料分析,,单选题,2025-11-26 10:06:48,A,A,正确,江苏省考,2023,公务员,4,2023年江苏省公务员录用考试《行测》题（A类）（网友回忆版）,江苏省考,行测,2026-08-08 23:53:16
5699224,https://www.fenbi.com/spa/tiku/#/xingce/report/3692080788,资料分析,,单选题,2025-11-26 10:06:48,0,0,正确,江苏省考,2023,公务员,4,2023年江苏省公务员录用考试《行测》题（A类）（网友回忆版）,江苏省考,行测,2026-08-08 23:53:16
5699226,https://www.fenbi.com/spa/tiku/#/xingce/report/3692080788,资料分析,,单选题,2025-11-26 10:06:48,0,B,错误,江苏省考,2023,公务员,5,2023年江苏省公务员录用考试《行测》题（A类）（网友回忆版）,江苏省考,行测,2026-08-08 23:53:16
5699205,https://www.fenbi.com/spa/tiku/#/xingce/report/3692080788,资料分析,,单选题,2025-11-26 10:06:48,C,C,正确,江苏省考,2023,公务员,3,2023年江苏省公务员录用考试《行测》题（A类）（网友回忆版）,江苏省考,行测,2026-08-08 23:53:16
5699208,https://www.fenbi.com/spa/tiku/#/xingce/report/3692080788,资料分析,,单选题,2025-11-26 10:06:48,C,C,正确,江苏省考,2023,公务员,5,2023年江苏省公务员录用考试《行测》题（A类）（网友回忆版）,江苏省考,行测,2026-08-08 23:53:16
5699210,https://www.fenbi.com/spa/tiku/#/xingce/report/3692080788,资料分析,,单选题,2025-11-26 10:06:48,C,A,错误,江苏省考,2023,公务员,5,2023年江苏省公务员录用考试《行测》题（A类）（网友回忆版）,江苏省考,行测,2026-08-08 23:53:16
5699211,https://www.fenbi.com/spa/tiku/#/xingce/report/3692080788,资料分析,,单选题,2025-11-26 10:06:48,B,B,正确,江苏省考,2023,公务员,4,2023年江苏省公务员录用考试《行测》题（A类）（网友回忆版）,江苏省考,行测,2026-08-08 23:53:16
5699213,https://www.fenbi.com/spa/tiku/#/xingce/report/3692080788,资料分析,,单选题,2025-11-26 10:06:48,A,A,正确,江苏省考,2023,公务员,5,2023年江苏省公务员录用考试《行测》题（A类）（网友回忆版）,江苏省考,行测,2026-08-08 23:53:16
5746641,https://www.fenbi.com/spa/tiku/#/xingce/report/3692080788,资料分析,,单选题,2025-11-26 10:06:48,A,A,正确,江苏省考,2023,公务员,4,2023年江苏省公务员录用考试《行测》题（A类）（网友回忆版）,江苏省考,行测,2026-08-08 23:53:16
5746645,https://www.fenbi.com/spa/tiku/#/xingce/report/3692080788,资料分析,,单选题,2025-11-26 10:06:48,0,0,正确,江苏省考,2023,公务员,4,2023年江苏省公务员录用考试《行测》题（A类）（网友回忆版）,江苏省考,行测,2026-08-08 23:53:16
5746648,https://www.fenbi.com/spa/tiku/#/xingce/report/3692080788,资料分析,,单选题,2025-11-26 10:06:48,C,C,正确,江苏省考,2023,公务员,3,2023年江苏省公务员录用考试《行测》题（A类）（网友回忆版）,江苏省考,行测,2026-08-08 23:53:16
5746650,https://www.fenbi.com/spa/tiku/#/xingce/report/3692080788,资料分析,,单选题,2025-11-26 10:06:48,B,B,正确,江苏省考,2023,公务员,3,2023年江苏省公务员录用考试《行测》题（A类）（网友回忆版）,江苏省考,行测,2026-08-08 23:53:16
5746653,https://www.fenbi.com/spa/tiku/#/xingce/report/3692080788,资料分析,,单选题,2025-11-26 10:06:48,B,B,正确,江苏省考,2023,公务员,4,2023年江苏省公务员录用考试《行测》题（A类）（网友回忆版）,江苏省考,行测,2026-08-08 23:53:16
13319468,https://www.fenbi.com/spa/tiku/#/xingce/report/3686034341,数量关系,,单选题,2025-11-24 16:01:54,C,C,正确,江苏省考,2025,公务员,4,2025年江苏省公务员录用考试《行测》题（B类）（网友回忆版）,江苏省考,行测,2026-08-08 23:53:16
11226489,https://www.fenbi.com/spa/tiku/#/xingce/report/3686034341,数量关系,,单选题,2025-11-24 16:01:54,A,0,错误,江苏省考,2025,公务员,5,2025年江苏省公务员录用考试《行测》题（B类）（网友回忆版）,江苏省考,行测,2026-08-08 23:53:16
11226496,https://www.fenbi.com/spa/tiku/#/xingce/report/3686034341,数量关系,,单选题,2025-11-24 16:01:54,0,0,正确,江苏省考,2025,公务员,4,2025年江苏省公务员录用考试《行测》题（B类）（网友回忆版）,江苏省考,行测,2026-08-08 23:53:16
11226503,https://www.fenbi.com/spa/tiku/#/xingce/report/3686034341,数量关系,,单选题,2025-11-24 16:01:54,B,C,错误,江苏省考,2025,公务员,5,2025年江苏省公务员录用考试《行测》题（B类）（网友回忆版）,江苏省考,行测,2026-08-08 23:53:16
13319473,https://www.fenbi.com/spa/tiku/#/xingce/report/3686034341,数量关系,,单选题,2025-11-24 16:01:54,B,B,正确,江苏省考,2025,公务员,4,2025年江苏省公务员录用考试《行测》题（B类）（网友回忆版）,江苏省考,行测,2026-08-08 23:53:16
11226690,https://www.fenbi.com/spa/tiku/#/xingce/report/3685316896,数量关系,,单选题,2025-11-24 12:27:47,A,A,正确,江苏省考,2025,公务员,5,2025年江苏省公务员录用考试《行测》题（C类）（网友回忆版）,江苏省考,行测,2026-08-08 23:53:16
13319469,https://www.fenbi.com/spa/tiku/#/xingce/report/3685316896,数量关系,,单选题,2025-11-24 12:27:47,A,A,正确,江苏省考,2025,公务员,4,2025年江苏省公务员录用考试《行测》题（C类）（网友回忆版）,江苏省考,行测,2026-08-08 23:53:16
11226496,https://www.fenbi.com/spa/tiku/#/xingce/report/3685316896,数量关系,,单选题,2025-11-24 12:27:47,0,0,正确,江苏省考,2025,公务员,4,2025年江苏省公务员录用考试《行测》题（C类）（网友回忆版）,江苏省考,行测,2026-08-08 23:53:16
11226696,https://www.fenbi.com/spa/tiku/#/xingce/report/3685316896,数量关系,,单选题,2025-11-24 12:27:47,C,C,正确,江苏省考,2025,公务员,4,2025年江苏省公务员录用考试《行测》题（C类）（网友回忆版）,江苏省考,行测,2026-08-08 23:53:16
13319473,https://www.fenbi.com/spa/tiku/#/xingce/report/3685316896,数量关系,,单选题,2025-11-24 12:27:47,B,B,正确,江苏省考,2025,公务员,4,2025年江苏省公务员录用考试《行测》题（C类）（网友回忆版）,江苏省考,行测,2026-08-08 23:53:16
15121123,https://www.fenbi.com/spa/tiku/#/xingce/report/3685935390,数量关系,,单选题,2025-11-24 15:40:34,C,C,正确,江苏省考,2024,公务员,5,2024年江苏省公务员录用考试《行测》题（B类）（网友回忆版）,江苏省考,行测,2026-08-08 23:53:16
5919082,https://www.fenbi.com/spa/tiku/#/xingce/report/3685935390,数量关系,,单选题,2025-11-24 15:40:34,B,B,正确,江苏省考,2024,公务员,4,2024年江苏省公务员录用考试《行测》题（B类）（网友回忆版）,江苏省考,行测,2026-08-08 23:53:16
5919132,https://www.fenbi.com/spa/tiku/#/xingce/report/3685935390,数量关系,,单选题,2025-11-24 15:40:34,0,0,正确,江苏省考,2024,公务员,4,2024年江苏省公务员录用考试《行测》题（B类）（网友回忆版）,江苏省考,行测,2026-08-08 23:53:16
5919133,https://www.fenbi.com/spa/tiku/#/xingce/report/3685935390,数量关系,,单选题,2025-11-24 15:40:34,B,B,正确,江苏省考,2024,公务员,4,2024年江苏省公务员录用考试《行测》题（B类）（网友回忆版）,江苏省考,行测,2026-08-08 23:53:16
15121096,https://www.fenbi.com/spa/tiku/#/xingce/report/3685935390,数量关系,,单选题,2025-11-24 15:40:34,A,A,正确,江苏省考,2024,公务员,4,2024年江苏省公务员录用考试《行测》题（B类）（网友回忆版）,江苏省考,行测,2026-08-08 23:53:16
15121123,https://www.fenbi.com/spa/tiku/#/xingce/report/3685885607,数量关系,,单选题,2025-11-24 15:29:45,C,C,正确,江苏省考,2024,公务员,5,2024年江苏省公务员录用考试《行测》题（C类）（网友回忆版）,江苏省考,行测,2026-08-08 23:53:16
5919082,https://www.fenbi.com/spa/tiku/#/xingce/report/3685885607,数量关系,,单选题,2025-11-24 15:29:45,B,B,正确,江苏省考,2024,公务员,4,2024年江苏省公务员录用考试《行测》题（C类）（网友回忆版）,江苏省考,行测,2026-08-08 23:53:16
5919074,https://www.fenbi.com/spa/tiku/#/xingce/report/3685885607,数量关系,,单选题,2025-11-24 15:29:45,C,C,正确,江苏省考,2024,公务员,4,2024年江苏省公务员录用考试《行测》题（C类）（网友回忆版）,江苏省考,行测,2026-08-08 23:53:16
5919132,https://www.fenbi.com/spa/tiku/#/xingce/report/3685885607,数量关系,,单选题,2025-11-24 15:29:45,0,0,正确,江苏省考,2024,公务员,4,2024年江苏省公务员录用考试《行测》题（C类）（网友回忆版）,江苏省考,行测,2026-08-08 23:53:16
15121096,https://www.fenbi.com/spa/tiku/#/xingce/report/3685885607,数量关系,,单选题,2025-11-24 15:29:45,A,A,正确,江苏省考,2024,公务员,4,2024年江苏省公务员录用考试《行测》题（C类）（网友回忆版）,江苏省考,行测,2026-08-08 23:53:16
5697242,https://www.fenbi.com/spa/tiku/#/xingce/report/3685317195,数量关系,,单选题,2025-11-24 12:27:55,C,C,正确,江苏省考,2023,公务员,4,2023年江苏省公务员录用考试《行测》题（B类）（网友回忆版）,江苏省考,行测,2026-08-08 23:53:16
5697244,https://www.fenbi.com/spa/tiku/#/xingce/report/3685317195,数量关系,,单选题,2025-11-24 12:27:55,A,A,正确,江苏省考,2023,公务员,4,2023年江苏省公务员录用考试《行测》题（B类）（网友回忆版）,江苏省考,行测,2026-08-08 23:53:16
5697217,https://www.fenbi.com/spa/tiku/#/xingce/report/3685317195,数量关系,,单选题,2025-11-24 12:27:55,B,0,错误,江苏省考,2023,公务员,4,2023年江苏省公务员录用考试《行测》题（B类）（网友回忆版）,江苏省考,行测,2026-08-08 23:53:16
5697219,https://www.fenbi.com/spa/tiku/#/xingce/report/3685317195,数量关系,,单选题,2025-11-24 12:27:55,C,C,正确,江苏省考,2023,公务员,4,2023年江苏省公务员录用考试《行测》题（B类）（网友回忆版）,江苏省考,行测,2026-08-08 23:53:16
5697233,https://www.fenbi.com/spa/tiku/#/xingce/report/3685317195,数量关系,,单选题,2025-11-24 12:27:55,A,A,正确,江苏省考,2023,公务员,4,2023年江苏省公务员录用考试《行测》题（B类）（网友回忆版）,江苏省考,行测,2026-08-08 23:53:16
4651763,https://www.fenbi.com/spa/tiku/#/xingce/report/3685273048,数量关系,,单选题,2025-11-24 12:07:42,C,C,正确,江苏省考,2022,公务员,5,2022年江苏省公务员录用考试《行测》题（C类）（网友回忆版）,江苏省考,行测,2026-08-08 23:53:16
4651663,https://www.fenbi.com/spa/tiku/#/xingce/report/3685273048,数量关系,,单选题,2025-11-24 12:07:42,A,A,正确,江苏省考,2022,公务员,5,2022年江苏省公务员录用考试《行测》题（C类）（网友回忆版）,江苏省考,行测,2026-08-08 23:53:16
4651761,https://www.fenbi.com/spa/tiku/#/xingce/report/3685273048,数量关系,,单选题,2025-11-24 12:07:42,B,B,正确,江苏省考,2022,公务员,3,2022年江苏省公务员录用考试《行测》题（C类）（网友回忆版）,江苏省考,行测,2026-08-08 23:53:16
4651478,https://www.fenbi.com/spa/tiku/#/xingce/report/3685273048,数量关系,,单选题,2025-11-24 12:07:42,C,C,正确,江苏省考,2022,公务员,5,2022年江苏省公务员录用考试《行测》题（C类）（网友回忆版）,江苏省考,行测,2026-08-08 23:53:16
4651476,https://www.fenbi.com/spa/tiku/#/xingce/report/3685273048,数量关系,,单选题,2025-11-24 12:07:42,0,0,正确,江苏省考,2022,公务员,4,2022年江苏省公务员录用考试《行测》题（C类）（网友回忆版）,江苏省考,行测,2026-08-08 23:53:16
2741974,https://www.fenbi.com/spa/tiku/#/xingce/report/3604447524,数量关系,,单选题,2025-10-30 15:50:37,A,A,正确,江苏省考,2021,公务员,5,2021年江苏省公务员录用考试《行测》题（A类）（网友回忆版）,江苏省考,行测,2026-08-08 23:53:16
2742000,https://www.fenbi.com/spa/tiku/#/xingce/report/3604447524,数量关系,,单选题,2025-10-30 15:50:37,A,A,正确,江苏省考,2021,公务员,5,2021年江苏省公务员录用考试《行测》题（A类）（网友回忆版）,江苏省考,行测,2026-08-08 23:53:16
2741958,https://www.fenbi.com/spa/tiku/#/xingce/report/3604447524,数量关系,,单选题,2025-10-30 15:50:37,0,0,正确,江苏省考,2021,公务员,3,2021年江苏省公务员录用考试《行测》题（A类）（网友回忆版）,江苏省考,行测,2026-08-08 23:53:16
2741962,https://www.fenbi.com/spa/tiku/#/xingce/report/3604447524,数量关系,,单选题,2025-10-30 15:50:37,0,0,正确,江苏省考,2021,公务员,4,2021年江苏省公务员录用考试《行测》题（A类）（网友回忆版）,江苏省考,行测,2026-08-08 23:53:16
2742071,https://www.fenbi.com/spa/tiku/#/xingce/report/3604447524,言语理解与表达,,单选题,2025-10-30 15:50:37,,0,错误,江苏省考,2021,公务员,4,2021年江苏省公务员录用考试《行测》题（A类）（网友回忆版）,江苏省考,行测,2026-08-08 23:53:16
2741969,https://www.fenbi.com/spa/tiku/#/xingce/report/3604447524,数量关系,,单选题,2025-10-30 15:50:37,B,B,正确,江苏省考,2021,公务员,4,2021年江苏省公务员录用考试《行测》题（A类）（网友回忆版）,江苏省考,行测,2026-08-08 23:53:16
2742224,https://www.fenbi.com/spa/tiku/#/xingce/report/3685092230,数量关系,,单选题,2025-11-24 11:13:38,0,0,正确,江苏省考,2021,公务员,4,2021年江苏省公务员录用考试《行测》题（B类）（网友回忆版）,江苏省考,行测,2026-08-08 23:53:16
2742208,https://www.fenbi.com/spa/tiku/#/xingce/report/3685092230,数量关系,,单选题,2025-11-24 11:13:38,C,C,正确,江苏省考,2021,公务员,5,2021年江苏省公务员录用考试《行测》题（B类）（网友回忆版）,江苏省考,行测,2026-08-08 23:53:16
2742211,https://www.fenbi.com/spa/tiku/#/xingce/report/3685092230,数量关系,,单选题,2025-11-24 11:13:38,B,B,正确,江苏省考,2021,公务员,4,2021年江苏省公务员录用考试《行测》题（B类）（网友回忆版）,江苏省考,行测,2026-08-08 23:53:16
2742213,https://www.fenbi.com/spa/tiku/#/xingce/report/3685092230,数量关系,,单选题,2025-11-24 11:13:38,A,A,正确,江苏省考,2021,公务员,4,2021年江苏省公务员录用考试《行测》题（B类）（网友回忆版）,江苏省考,行测,2026-08-08 23:53:16
2742222,https://www.fenbi.com/spa/tiku/#/xingce/report/3685092230,数量关系,,单选题,2025-11-24 11:13:38,A,A,正确,江苏省考,2021,公务员,4,2021年江苏省公务员录用考试《行测》题（B类）（网友回忆版）,江苏省考,行测,2026-08-08 23:53:16
2742244,https://www.fenbi.com/spa/tiku/#/xingce/report/3685064357,数量关系,,单选题,2025-11-24 11:07:34,B,B,正确,江苏省考,2021,公务员,5,2021年江苏省公务员录用考试《行测》题（C类）（网友回忆版）,江苏省考,行测,2026-08-08 23:53:16
2742249,https://www.fenbi.com/spa/tiku/#/xingce/report/3685064357,数量关系,,单选题,2025-11-24 11:07:34,0,0,正确,江苏省考,2021,公务员,5,2021年江苏省公务员录用考试《行测》题（C类）（网友回忆版）,江苏省考,行测,2026-08-08 23:53:16
2742245,https://www.fenbi.com/spa/tiku/#/xingce/report/3685064357,数量关系,,单选题,2025-11-24 11:07:34,C,C,正确,江苏省考,2021,公务员,5,2021年江苏省公务员录用考试《行测》题（C类）（网友回忆版）,江苏省考,行测,2026-08-08 23:53:16
2742246,https://www.fenbi.com/spa/tiku/#/xingce/report/3685064357,数量关系,,单选题,2025-11-24 11:07:34,A,A,正确,江苏省考,2021,公务员,5,2021年江苏省公务员录用考试《行测》题（C类）（网友回忆版）,江苏省考,行测,2026-08-08 23:53:16
2742243,https://www.fenbi.com/spa/tiku/#/xingce/report/3685064357,数量关系,,单选题,2025-11-24 11:07:34,B,B,正确,江苏省考,2021,公务员,4,2021年江苏省公务员录用考试《行测》题（C类）（网友回忆版）,江苏省考,行测,2026-08-08 23:53:16
2452614,https://www.fenbi.com/spa/tiku/#/xingce/report/3685055342,数量关系,,单选题,2025-11-24 11:05:36,A,A,正确,江苏省考,2020,公务员,5,2020年江苏省公务员录用考试《行测》题（A类）（网友回忆版）,江苏省考,行测,2026-08-08 23:53:16
2452632,https://www.fenbi.com/spa/tiku/#/xingce/report/3685055342,数量关系,,单选题,2025-11-24 11:05:36,A,A,正确,江苏省考,2020,公务员,5,2020年江苏省公务员录用考试《行测》题（A类）（网友回忆版）,江苏省考,行测,2026-08-08 23:53:16
2452604,https://www.fenbi.com/spa/tiku/#/xingce/report/3685055342,数量关系,,单选题,2025-11-24 11:05:36,C,C,正确,江苏省考,2020,公务员,4,2020年江苏省公务员录用考试《行测》题（A类）（网友回忆版）,江苏省考,行测,2026-08-08 23:53:16
2452608,https://www.fenbi.com/spa/tiku/#/xingce/report/3685055342,数量关系,,单选题,2025-11-24 11:05:36,B,B,正确,江苏省考,2020,公务员,4,2020年江苏省公务员录用考试《行测》题（A类）（网友回忆版）,江苏省考,行测,2026-08-08 23:53:16
2452610,https://www.fenbi.com/spa/tiku/#/xingce/report/3685055342,数量关系,,单选题,2025-11-24 11:05:36,0,0,正确,江苏省考,2020,公务员,4,2020年江苏省公务员录用考试《行测》题（A类）（网友回忆版）,江苏省考,行测,2026-08-08 23:53:16
2452730,https://www.fenbi.com/spa/tiku/#/xingce/report/3685040731,数量关系,,单选题,2025-11-24 11:02:33,A,A,正确,江苏省考,2020,公务员,5,2020年江苏省公务员录用考试《行测》题（B类）（网友回忆版）,江苏省考,行测,2026-08-08 23:53:16
2452731,https://www.fenbi.com/spa/tiku/#/xingce/report/3685040731,数量关系,,单选题,2025-11-24 11:02:33,0,0,正确,江苏省考,2020,公务员,3,2020年江苏省公务员录用考试《行测》题（B类）（网友回忆版）,江苏省考,行测,2026-08-08 23:53:16
2452724,https://www.fenbi.com/spa/tiku/#/xingce/report/3685040731,数量关系,,单选题,2025-11-24 11:02:33,B,B,正确,江苏省考,2020,公务员,4,2020年江苏省公务员录用考试《行测》题（B类）（网友回忆版）,江苏省考,行测,2026-08-08 23:53:16
2452727,https://www.fenbi.com/spa/tiku/#/xingce/report/3685040731,数量关系,,单选题,2025-11-24 11:02:33,B,B,正确,江苏省考,2020,公务员,4,2020年江苏省公务员录用考试《行测》题（B类）（网友回忆版）,江苏省考,行测,2026-08-08 23:53:16
2452729,https://www.fenbi.com/spa/tiku/#/xingce/report/3685040731,数量关系,,单选题,2025-11-24 11:02:33,0,0,正确,江苏省考,2020,公务员,4,2020年江苏省公务员录用考试《行测》题（B类）（网友回忆版）,江苏省考,行测,2026-08-08 23:53:16
2452730,https://www.fenbi.com/spa/tiku/#/xingce/report/3685023360,数量关系,,单选题,2025-11-24 10:58:56,A,A,正确,江苏省考,2020,公务员,5,2020年江苏省公务员录用考试《行测》题（C类）（网友回忆版）,江苏省考,行测,2026-08-08 23:53:16
2452610,https://www.fenbi.com/spa/tiku/#/xingce/report/3685023360,数量关系,,单选题,2025-11-24 10:58:56,0,0,正确,江苏省考,2020,公务员,4,2020年江苏省公务员录用考试《行测》题（C类）（网友回忆版）,江苏省考,行测,2026-08-08 23:53:16
2452604,https://www.fenbi.com/spa/tiku/#/xingce/report/3685023360,数量关系,,单选题,2025-11-24 10:58:56,C,C,正确,江苏省考,2020,公务员,4,2020年江苏省公务员录用考试《行测》题（C类）（网友回忆版）,江苏省考,行测,2026-08-08 23:53:16
2452739,https://www.fenbi.com/spa/tiku/#/xingce/report/3685023360,数量关系,,单选题,2025-11-24 10:58:56,B,B,正确,江苏省考,2020,公务员,4,2020年江苏省公务员录用考试《行测》题（C类）（网友回忆版）,江苏省考,行测,2026-08-08 23:53:16
2452729,https://www.fenbi.com/spa/tiku/#/xingce/report/3685023360,数量关系,,单选题,2025-11-24 10:58:56,0,0,正确,江苏省考,2020,公务员,4,2020年江苏省公务员录用考试《行测》题（C类）（网友回忆版）,江苏省考,行测,2026-08-08 23:53:16
2367916,https://www.fenbi.com/spa/tiku/#/xingce/report/3684992855,数量关系,,单选题,2025-11-24 10:51:54,0,0,正确,江苏省考,2019,公务员,6,2019年江苏省公务员录用考试《行测》题（A类）（网友回忆版）,江苏省考,行测,2026-08-08 23:53:16
2367918,https://www.fenbi.com/spa/tiku/#/xingce/report/3684992855,数量关系,,单选题,2025-11-24 10:51:54,B,B,正确,江苏省考,2019,公务员,5,2019年江苏省公务员录用考试《行测》题（A类）（网友回忆版）,江苏省考,行测,2026-08-08 23:53:16
2367900,https://www.fenbi.com/spa/tiku/#/xingce/report/3684992855,数量关系,,单选题,2025-11-24 10:51:54,A,A,正确,江苏省考,2019,公务员,4,2019年江苏省公务员录用考试《行测》题（A类）（网友回忆版）,江苏省考,行测,2026-08-08 23:53:16
2367905,https://www.fenbi.com/spa/tiku/#/xingce/report/3684992855,数量关系,,单选题,2025-11-24 10:51:54,B,B,正确,江苏省考,2019,公务员,4,2019年江苏省公务员录用考试《行测》题（A类）（网友回忆版）,江苏省考,行测,2026-08-08 23:53:16
2367912,https://www.fenbi.com/spa/tiku/#/xingce/report/3684992855,数量关系,,单选题,2025-11-24 10:51:54,A,A,正确,江苏省考,2019,公务员,5,2019年江苏省公务员录用考试《行测》题（A类）（网友回忆版）,江苏省考,行测,2026-08-08 23:53:16
2367835,https://www.fenbi.com/spa/tiku/#/xingce/report/3677474018,数量关系,,单选题,2025-11-21 16:38:55,C,C,正确,江苏省考,2019,公务员,6,2019年江苏省公务员录用考试《行测》题（B类）（网友回忆版）,江苏省考,行测,2026-08-08 23:53:16
2367840,https://www.fenbi.com/spa/tiku/#/xingce/report/3677474018,数量关系,,单选题,2025-11-21 16:38:55,B,B,正确,江苏省考,2019,公务员,5,2019年江苏省公务员录用考试《行测》题（B类）（网友回忆版）,江苏省考,行测,2026-08-08 23:53:16
2367787,https://www.fenbi.com/spa/tiku/#/xingce/report/3677474018,数量关系,,单选题,2025-11-21 16:38:55,B,B,正确,江苏省考,2019,公务员,5,2019年江苏省公务员录用考试《行测》题（B类）（网友回忆版）,江苏省考,行测,2026-08-08 23:53:16
2367790,https://www.fenbi.com/spa/tiku/#/xingce/report/3677474018,数量关系,,单选题,2025-11-21 16:38:55,0,0,正确,江苏省考,2019,公务员,4,2019年江苏省公务员录用考试《行测》题（B类）（网友回忆版）,江苏省考,行测,2026-08-08 23:53:16
2367796,https://www.fenbi.com/spa/tiku/#/xingce/report/3677474018,数量关系,,单选题,2025-11-21 16:38:55,A,A,正确,江苏省考,2019,公务员,3,2019年江苏省公务员录用考试《行测》题（B类）（网友回忆版）,江苏省考,行测,2026-08-08 23:53:16
2367980,https://www.fenbi.com/spa/tiku/#/xingce/report/3684902994,数量关系,,单选题,2025-11-24 10:31:17,0,0,正确,江苏省考,2019,公务员,4,2019年江苏省公务员录用考试《行测》题（C类）（网友回忆版）,江苏省考,行测,2026-08-08 23:53:16
2368001,https://www.fenbi.com/spa/tiku/#/xingce/report/3684902994,数量关系,,单选题,2025-11-24 10:31:17,C,C,正确,江苏省考,2019,公务员,7,2019年江苏省公务员录用考试《行测》题（C类）（网友回忆版）,江苏省考,行测,2026-08-08 23:53:16
2367900,https://www.fenbi.com/spa/tiku/#/xingce/report/3684902994,数量关系,,单选题,2025-11-24 10:31:17,A,A,正确,江苏省考,2019,公务员,4,2019年江苏省公务员录用考试《行测》题（C类）（网友回忆版）,江苏省考,行测,2026-08-08 23:53:16
2367977,https://www.fenbi.com/spa/tiku/#/xingce/report/3684902994,数量关系,,单选题,2025-11-24 10:31:17,B,B,正确,江苏省考,2019,公务员,4,2019年江苏省公务员录用考试《行测》题（C类）（网友回忆版）,江苏省考,行测,2026-08-08 23:53:16
2367912,https://www.fenbi.com/spa/tiku/#/xingce/report/3684902994,数量关系,,单选题,2025-11-24 10:31:17,A,A,正确,江苏省考,2019,公务员,5,2019年江苏省公务员录用考试《行测》题（C类）（网友回忆版）,江苏省考,行测,2026-08-08 23:53:16
10116159,https://www.fenbi.com/spa/tiku/#/xingce/report/3682751204,政治理论,,单选题,2025-11-23 15:35:24,B,C,错误,模考,,公务员,6,2025下半年省考第二十四季行测模考大赛（江苏A卷）,模考,行测,2026-08-08 23:53:16
10116160,https://www.fenbi.com/spa/tiku/#/xingce/report/3682751204,政治理论,,单选题,2025-11-23 15:35:24,B,A,错误,模考,,公务员,3,2025下半年省考第二十四季行测模考大赛（江苏A卷）,模考,行测,2026-08-08 23:53:16
10116163,https://www.fenbi.com/spa/tiku/#/xingce/report/3682751204,政治理论,,单选题,2025-11-23 15:35:24,B,A,错误,模考,,公务员,7,2025下半年省考第二十四季行测模考大赛（江苏A卷）,模考,行测,2026-08-08 23:53:16
10116164,https://www.fenbi.com/spa/tiku/#/xingce/report/3682751204,政治理论,,单选题,2025-11-23 15:35:24,B,B,正确,模考,,公务员,5,2025下半年省考第二十四季行测模考大赛（江苏A卷）,模考,行测,2026-08-08 23:53:16
10116165,https://www.fenbi.com/spa/tiku/#/xingce/report/3682751204,政治理论,,单选题,2025-11-23 15:35:24,B,0,错误,模考,,公务员,6,2025下半年省考第二十四季行测模考大赛（江苏A卷）,模考,行测,2026-08-08 23:53:16
10116168,https://www.fenbi.com/spa/tiku/#/xingce/report/3682751204,政治理论,,单选题,2025-11-23 15:35:24,B,0,错误,模考,,公务员,7,2025下半年省考第二十四季行测模考大赛（江苏A卷）,模考,行测,2026-08-08 23:53:16
10116170,https://www.fenbi.com/spa/tiku/#/xingce/report/3682751204,政治理论,,单选题,2025-11-23 15:35:24,B,C,错误,模考,,公务员,7,2025下半年省考第二十四季行测模考大赛（江苏A卷）,模考,行测,2026-08-08 23:53:16
10116172,https://www.fenbi.com/spa/tiku/#/xingce/report/3682751204,政治理论,,单选题,2025-11-23 15:35:24,B,B,正确,模考,,公务员,7,2025下半年省考第二十四季行测模考大赛（江苏A卷）,模考,行测,2026-08-08 23:53:16
10116173,https://www.fenbi.com/spa/tiku/#/xingce/report/3682751204,政治理论,,单选题,2025-11-23 15:35:24,B,B,正确,模考,,公务员,6,2025下半年省考第二十四季行测模考大赛（江苏A卷）,模考,行测,2026-08-08 23:53:16
10116194,https://www.fenbi.com/spa/tiku/#/xingce/report/3682751204,政治理论,,单选题,2025-11-23 15:35:24,B,B,正确,模考,,公务员,6,2025下半年省考第二十四季行测模考大赛（江苏A卷）,模考,行测,2026-08-08 23:53:16
10116197,https://www.fenbi.com/spa/tiku/#/xingce/report/3682751204,常识判断,,单选题,2025-11-23 15:35:24,B,C,错误,模考,,公务员,7,2025下半年省考第二十四季行测模考大赛（江苏A卷）,模考,行测,2026-08-08 23:53:16
10116199,https://www.fenbi.com/spa/tiku/#/xingce/report/3682751204,常识判断,,单选题,2025-11-23 15:35:24,C,B,错误,模考,,公务员,6,2025下半年省考第二十四季行测模考大赛（江苏A卷）,模考,行测,2026-08-08 23:53:16
10116203,https://www.fenbi.com/spa/tiku/#/xingce/report/3682751204,常识判断,,单选题,2025-11-23 15:35:24,C,C,正确,模考,,公务员,7,2025下半年省考第二十四季行测模考大赛（江苏A卷）,模考,行测,2026-08-08 23:53:16
10116205,https://www.fenbi.com/spa/tiku/#/xingce/report/3682751204,常识判断,,单选题,2025-11-23 15:35:24,0,A,错误,模考,,公务员,5,2025下半年省考第二十四季行测模考大赛（江苏A卷）,模考,行测,2026-08-08 23:53:16
10116233,https://www.fenbi.com/spa/tiku/#/xingce/report/3682751204,常识判断,,单选题,2025-11-23 15:35:24,B,B,正确,模考,,公务员,7,2025下半年省考第二十四季行测模考大赛（江苏A卷）,模考,行测,2026-08-08 23:53:16
10116248,https://www.fenbi.com/spa/tiku/#/xingce/report/3682751204,常识判断,,单选题,2025-11-23 15:35:24,B,B,正确,模考,,公务员,3,2025下半年省考第二十四季行测模考大赛（江苏A卷）,模考,行测,2026-08-08 23:53:16
10116251,https://www.fenbi.com/spa/tiku/#/xingce/report/3682751204,常识判断,,单选题,2025-11-23 15:35:24,C,B,错误,模考,,公务员,5,2025下半年省考第二十四季行测模考大赛（江苏A卷）,模考,行测,2026-08-08 23:53:16
10116253,https://www.fenbi.com/spa/tiku/#/xingce/report/3682751204,常识判断,,单选题,2025-11-23 15:35:24,B,B,正确,模考,,公务员,4,2025下半年省考第二十四季行测模考大赛（江苏A卷）,模考,行测,2026-08-08 23:53:16
10116255,https://www.fenbi.com/spa/tiku/#/xingce/report/3682751204,常识判断,,单选题,2025-11-23 15:35:24,0,B,错误,模考,,公务员,6,2025下半年省考第二十四季行测模考大赛（江苏A卷）,模考,行测,2026-08-08 23:53:16
10116257,https://www.fenbi.com/spa/tiku/#/xingce/report/3682751204,常识判断,,单选题,2025-11-23 15:35:24,A,B,错误,模考,,公务员,5,2025下半年省考第二十四季行测模考大赛（江苏A卷）,模考,行测,2026-08-08 23:53:16
13604503,https://www.fenbi.com/spa/tiku/#/xingce/report/3682751204,言语理解与表达,,单选题,2025-11-23 15:35:24,0,0,正确,模考,,公务员,3,2025下半年省考第二十四季行测模考大赛（江苏A卷）,模考,行测,2026-08-08 23:53:16
12221422,https://www.fenbi.com/spa/tiku/#/xingce/report/3682751204,言语理解与表达,,单选题,2025-11-23 15:35:24,A,A,正确,模考,,公务员,4,2025下半年省考第二十四季行测模考大赛（江苏A卷）,模考,行测,2026-08-08 23:53:16
13604504,https://www.fenbi.com/spa/tiku/#/xingce/report/3682751204,言语理解与表达,,单选题,2025-11-23 15:35:24,C,C,正确,模考,,公务员,4,2025下半年省考第二十四季行测模考大赛（江苏A卷）,模考,行测,2026-08-08 23:53:16
13604505,https://www.fenbi.com/spa/tiku/#/xingce/report/3682751204,言语理解与表达,,单选题,2025-11-23 15:35:24,A,A,正确,模考,,公务员,3,2025下半年省考第二十四季行测模考大赛（江苏A卷）,模考,行测,2026-08-08 23:53:16
13604506,https://www.fenbi.com/spa/tiku/#/xingce/report/3682751204,言语理解与表达,,单选题,2025-11-23 15:35:24,B,B,正确,模考,,公务员,3,2025下半年省考第二十四季行测模考大赛（江苏A卷）,模考,行测,2026-08-08 23:53:16
13604507,https://www.fenbi.com/spa/tiku/#/xingce/report/3682751204,言语理解与表达,,单选题,2025-11-23 15:35:24,A,A,正确,模考,,公务员,3,2025下半年省考第二十四季行测模考大赛（江苏A卷）,模考,行测,2026-08-08 23:53:16
13604508,https://www.fenbi.com/spa/tiku/#/xingce/report/3682751204,言语理解与表达,,单选题,2025-11-23 15:35:24,0,C,错误,模考,,公务员,4,2025下半年省考第二十四季行测模考大赛（江苏A卷）,模考,行测,2026-08-08 23:53:16
13604510,https://www.fenbi.com/spa/tiku/#/xingce/report/3682751204,言语理解与表达,,单选题,2025-11-23 15:35:24,B,B,正确,模考,,公务员,4,2025下半年省考第二十四季行测模考大赛（江苏A卷）,模考,行测,2026-08-08 23:53:16
13604511,https://www.fenbi.com/spa/tiku/#/xingce/report/3682751204,言语理解与表达,,单选题,2025-11-23 15:35:24,B,B,正确,模考,,公务员,3,2025下半年省考第二十四季行测模考大赛（江苏A卷）,模考,行测,2026-08-08 23:53:16
13604513,https://www.fenbi.com/spa/tiku/#/xingce/report/3682751204,言语理解与表达,,单选题,2025-11-23 15:35:24,C,C,正确,模考,,公务员,3,2025下半年省考第二十四季行测模考大赛（江苏A卷）,模考,行测,2026-08-08 23:53:16
13604514,https://www.fenbi.com/spa/tiku/#/xingce/report/3682751204,言语理解与表达,,单选题,2025-11-23 15:35:24,0,0,正确,模考,,公务员,3,2025下半年省考第二十四季行测模考大赛（江苏A卷）,模考,行测,2026-08-08 23:53:16
13604517,https://www.fenbi.com/spa/tiku/#/xingce/report/3682751204,言语理解与表达,,单选题,2025-11-23 15:35:24,C,B,错误,模考,,公务员,4,2025下半年省考第二十四季行测模考大赛（江苏A卷）,模考,行测,2026-08-08 23:53:16
13604518,https://www.fenbi.com/spa/tiku/#/xingce/report/3682751204,言语理解与表达,,单选题,2025-11-23 15:35:24,C,C,正确,模考,,公务员,3,2025下半年省考第二十四季行测模考大赛（江苏A卷）,模考,行测,2026-08-08 23:53:16
12221431,https://www.fenbi.com/spa/tiku/#/xingce/report/3682751204,言语理解与表达,,单选题,2025-11-23 15:35:24,B,B,正确,模考,,公务员,4,2025下半年省考第二十四季行测模考大赛（江苏A卷）,模考,行测,2026-08-08 23:53:16
12221418,https://www.fenbi.com/spa/tiku/#/xingce/report/3682751204,言语理解与表达,,单选题,2025-11-23 15:35:24,B,C,错误,模考,,公务员,4,2025下半年省考第二十四季行测模考大赛（江苏A卷）,模考,行测,2026-08-08 23:53:16
13604491,https://www.fenbi.com/spa/tiku/#/xingce/report/3682751204,言语理解与表达,,单选题,2025-11-23 15:35:24,B,0,错误,模考,,公务员,6,2025下半年省考第二十四季行测模考大赛（江苏A卷）,模考,行测,2026-08-08 23:53:16
13604493,https://www.fenbi.com/spa/tiku/#/xingce/report/3682751204,言语理解与表达,,单选题,2025-11-23 15:35:24,C,C,正确,模考,,公务员,4,2025下半年省考第二十四季行测模考大赛（江苏A卷）,模考,行测,2026-08-08 23:53:16
13604494,https://www.fenbi.com/spa/tiku/#/xingce/report/3682751204,言语理解与表达,,单选题,2025-11-23 15:35:24,A,A,正确,模考,,公务员,4,2025下半年省考第二十四季行测模考大赛（江苏A卷）,模考,行测,2026-08-08 23:53:16
13604495,https://www.fenbi.com/spa/tiku/#/xingce/report/3682751204,言语理解与表达,,单选题,2025-11-23 15:35:24,0,0,正确,模考,,公务员,4,2025下半年省考第二十四季行测模考大赛（江苏A卷）,模考,行测,2026-08-08 23:53:16
13604496,https://www.fenbi.com/spa/tiku/#/xingce/report/3682751204,言语理解与表达,,单选题,2025-11-23 15:35:24,0,0,正确,模考,,公务员,6,2025下半年省考第二十四季行测模考大赛（江苏A卷）,模考,行测,2026-08-08 23:53:16
13604497,https://www.fenbi.com/spa/tiku/#/xingce/report/3682751204,言语理解与表达,,单选题,2025-11-23 15:35:24,C,B,错误,模考,,公务员,4,2025下半年省考第二十四季行测模考大赛（江苏A卷）,模考,行测,2026-08-08 23:53:16
13604499,https://www.fenbi.com/spa/tiku/#/xingce/report/3682751204,言语理解与表达,,单选题,2025-11-23 15:35:24,A,0,错误,模考,,公务员,7,2025下半年省考第二十四季行测模考大赛（江苏A卷）,模考,行测,2026-08-08 23:53:16
13604500,https://www.fenbi.com/spa/tiku/#/xingce/report/3682751204,言语理解与表达,,单选题,2025-11-23 15:35:24,A,A,正确,模考,,公务员,3,2025下半年省考第二十四季行测模考大赛（江苏A卷）,模考,行测,2026-08-08 23:53:16
13604501,https://www.fenbi.com/spa/tiku/#/xingce/report/3682751204,言语理解与表达,,单选题,2025-11-23 15:35:24,C,C,正确,模考,,公务员,4,2025下半年省考第二十四季行测模考大赛（江苏A卷）,模考,行测,2026-08-08 23:53:16
13604502,https://www.fenbi.com/spa/tiku/#/xingce/report/3682751204,言语理解与表达,,单选题,2025-11-23 15:35:24,B,B,正确,模考,,公务员,4,2025下半年省考第二十四季行测模考大赛（江苏A卷）,模考,行测,2026-08-08 23:53:16
13604834,https://www.fenbi.com/spa/tiku/#/xingce/report/3682751204,言语理解与表达,,单选题,2025-11-23 15:35:24,B,B,正确,模考,,公务员,4,2025下半年省考第二十四季行测模考大赛（江苏A卷）,模考,行测,2026-08-08 23:53:16
13604836,https://www.fenbi.com/spa/tiku/#/xingce/report/3682751204,言语理解与表达,,单选题,2025-11-23 15:35:24,0,C,错误,模考,,公务员,3,2025下半年省考第二十四季行测模考大赛（江苏A卷）,模考,行测,2026-08-08 23:53:16
13604838,https://www.fenbi.com/spa/tiku/#/xingce/report/3682751204,言语理解与表达,,单选题,2025-11-23 15:35:24,B,C,错误,模考,,公务员,6,2025下半年省考第二十四季行测模考大赛（江苏A卷）,模考,行测,2026-08-08 23:53:16
13604840,https://www.fenbi.com/spa/tiku/#/xingce/report/3682751204,言语理解与表达,,单选题,2025-11-23 15:35:24,A,A,正确,模考,,公务员,3,2025下半年省考第二十四季行测模考大赛（江苏A卷）,模考,行测,2026-08-08 23:53:16
13604841,https://www.fenbi.com/spa/tiku/#/xingce/report/3682751204,言语理解与表达,,单选题,2025-11-23 15:35:24,0,0,正确,模考,,公务员,4,2025下半年省考第二十四季行测模考大赛（江苏A卷）,模考,行测,2026-08-08 23:53:16
10116698,https://www.fenbi.com/spa/tiku/#/xingce/report/3682751204,数量关系,,单选题,2025-11-23 15:35:24,A,C,错误,模考,,公务员,6,2025下半年省考第二十四季行测模考大赛（江苏A卷）,模考,行测,2026-08-08 23:53:16
10116699,https://www.fenbi.com/spa/tiku/#/xingce/report/3682751204,数量关系,,单选题,2025-11-23 15:35:24,0,0,正确,模考,,公务员,3,2025下半年省考第二十四季行测模考大赛（江苏A卷）,模考,行测,2026-08-08 23:53:16
10116701,https://www.fenbi.com/spa/tiku/#/xingce/report/3682751204,数量关系,,单选题,2025-11-23 15:35:24,A,C,错误,模考,,公务员,7,2025下半年省考第二十四季行测模考大赛（江苏A卷）,模考,行测,2026-08-08 23:53:16
10116703,https://www.fenbi.com/spa/tiku/#/xingce/report/3682751204,数量关系,,单选题,2025-11-23 15:35:24,A,B,错误,模考,,公务员,4,2025下半年省考第二十四季行测模考大赛（江苏A卷）,模考,行测,2026-08-08 23:53:16
10116705,https://www.fenbi.com/spa/tiku/#/xingce/report/3682751204,数量关系,,单选题,2025-11-23 15:35:24,C,C,正确,模考,,公务员,6,2025下半年省考第二十四季行测模考大赛（江苏A卷）,模考,行测,2026-08-08 23:53:16
12719685,https://www.fenbi.com/spa/tiku/#/xingce/report/3682751204,数量关系,,单选题,2025-11-23 15:35:24,A,0,错误,模考,,公务员,7,2025下半年省考第二十四季行测模考大赛（江苏A卷）,模考,行测,2026-08-08 23:53:16
12719686,https://www.fenbi.com/spa/tiku/#/xingce/report/3682751204,数量关系,,单选题,2025-11-23 15:35:24,A,A,正确,模考,,公务员,5,2025下半年省考第二十四季行测模考大赛（江苏A卷）,模考,行测,2026-08-08 23:53:16
12719687,https://www.fenbi.com/spa/tiku/#/xingce/report/3682751204,数量关系,,单选题,2025-11-23 15:35:24,A,B,错误,模考,,公务员,6,2025下半年省考第二十四季行测模考大赛（江苏A卷）,模考,行测,2026-08-08 23:53:16
12719688,https://www.fenbi.com/spa/tiku/#/xingce/report/3682751204,数量关系,,单选题,2025-11-23 15:35:24,A,0,错误,模考,,公务员,7,2025下半年省考第二十四季行测模考大赛（江苏A卷）,模考,行测,2026-08-08 23:53:16
12719689,https://www.fenbi.com/spa/tiku/#/xingce/report/3682751204,数量关系,,单选题,2025-11-23 15:35:24,A,B,错误,模考,,公务员,6,2025下半年省考第二十四季行测模考大赛（江苏A卷）,模考,行测,2026-08-08 23:53:16
12719690,https://www.fenbi.com/spa/tiku/#/xingce/report/3682751204,数量关系,,单选题,2025-11-23 15:35:24,A,B,错误,模考,,公务员,4,2025下半年省考第二十四季行测模考大赛（江苏A卷）,模考,行测,2026-08-08 23:53:16
12719691,https://www.fenbi.com/spa/tiku/#/xingce/report/3682751204,数量关系,,单选题,2025-11-23 15:35:24,A,C,错误,模考,,公务员,7,2025下半年省考第二十四季行测模考大赛（江苏A卷）,模考,行测,2026-08-08 23:53:16
12719692,https://www.fenbi.com/spa/tiku/#/xingce/report/3682751204,数量关系,,单选题,2025-11-23 15:35:24,A,A,正确,模考,,公务员,6,2025下半年省考第二十四季行测模考大赛（江苏A卷）,模考,行测,2026-08-08 23:53:16
12719693,https://www.fenbi.com/spa/tiku/#/xingce/report/3682751204,数量关系,,单选题,2025-11-23 15:35:24,A,C,错误,模考,,公务员,7,2025下半年省考第二十四季行测模考大赛（江苏A卷）,模考,行测,2026-08-08 23:53:16
12719694,https://www.fenbi.com/spa/tiku/#/xingce/report/3682751204,数量关系,,单选题,2025-11-23 15:35:24,A,0,错误,模考,,公务员,7,2025下半年省考第二十四季行测模考大赛（江苏A卷）,模考,行测,2026-08-08 23:53:16
12719695,https://www.fenbi.com/spa/tiku/#/xingce/report/3682751204,数量关系,,单选题,2025-11-23 15:35:24,A,B,错误,模考,,公务员,6,2025下半年省考第二十四季行测模考大赛（江苏A卷）,模考,行测,2026-08-08 23:53:16
12719696,https://www.fenbi.com/spa/tiku/#/xingce/report/3682751204,数量关系,,单选题,2025-11-23 15:35:24,A,C,错误,模考,,公务员,7,2025下半年省考第二十四季行测模考大赛（江苏A卷）,模考,行测,2026-08-08 23:53:16
12719697,https://www.fenbi.com/spa/tiku/#/xingce/report/3682751204,数量关系,,单选题,2025-11-23 15:35:24,A,B,错误,模考,,公务员,5,2025下半年省考第二十四季行测模考大赛（江苏A卷）,模考,行测,2026-08-08 23:53:16
12719698,https://www.fenbi.com/spa/tiku/#/xingce/report/3682751204,数量关系,,单选题,2025-11-23 15:35:24,A,C,错误,模考,,公务员,7,2025下半年省考第二十四季行测模考大赛（江苏A卷）,模考,行测,2026-08-08 23:53:16
12719699,https://www.fenbi.com/spa/tiku/#/xingce/report/3682751204,数量关系,,单选题,2025-11-23 15:35:24,A,C,错误,模考,,公务员,7,2025下半年省考第二十四季行测模考大赛（江苏A卷）,模考,行测,2026-08-08 23:53:16
12719664,https://www.fenbi.com/spa/tiku/#/xingce/report/3682751204,判断推理,,单选题,2025-11-23 15:35:24,C,C,正确,模考,,公务员,4,2025下半年省考第二十四季行测模考大赛（江苏A卷）,模考,行测,2026-08-08 23:53:16
12719665,https://www.fenbi.com/spa/tiku/#/xingce/report/3682751204,判断推理,,单选题,2025-11-23 15:35:24,0,0,正确,模考,,公务员,3,2025下半年省考第二十四季行测模考大赛（江苏A卷）,模考,行测,2026-08-08 23:53:16
12310124,https://www.fenbi.com/spa/tiku/#/xingce/report/3682751204,判断推理,,单选题,2025-11-23 15:35:24,C,C,正确,模考,,公务员,3,2025下半年省考第二十四季行测模考大赛（江苏A卷）,模考,行测,2026-08-08 23:53:16
12310145,https://www.fenbi.com/spa/tiku/#/xingce/report/3682751204,判断推理,,单选题,2025-11-23 15:35:24,C,C,正确,模考,,公务员,6,2025下半年省考第二十四季行测模考大赛（江苏A卷）,模考,行测,2026-08-08 23:53:16
12719666,https://www.fenbi.com/spa/tiku/#/xingce/report/3682751204,判断推理,,单选题,2025-11-23 15:35:24,B,B,正确,模考,,公务员,3,2025下半年省考第二十四季行测模考大赛（江苏A卷）,模考,行测,2026-08-08 23:53:16
12719667,https://www.fenbi.com/spa/tiku/#/xingce/report/3682751204,判断推理,,单选题,2025-11-23 15:35:24,A,A,正确,模考,,公务员,3,2025下半年省考第二十四季行测模考大赛（江苏A卷）,模考,行测,2026-08-08 23:53:16
12310126,https://www.fenbi.com/spa/tiku/#/xingce/report/3682751204,判断推理,,单选题,2025-11-23 15:35:24,A,B,错误,模考,,公务员,7,2025下半年省考第二十四季行测模考大赛（江苏A卷）,模考,行测,2026-08-08 23:53:16
12310146,https://www.fenbi.com/spa/tiku/#/xingce/report/3682751204,判断推理,,单选题,2025-11-23 15:35:24,B,B,正确,模考,,公务员,7,2025下半年省考第二十四季行测模考大赛（江苏A卷）,模考,行测,2026-08-08 23:53:16
12719668,https://www.fenbi.com/spa/tiku/#/xingce/report/3682751204,判断推理,,单选题,2025-11-23 15:35:24,C,C,正确,模考,,公务员,3,2025下半年省考第二十四季行测模考大赛（江苏A卷）,模考,行测,2026-08-08 23:53:16
12310128,https://www.fenbi.com/spa/tiku/#/xingce/report/3682751204,判断推理,,单选题,2025-11-23 15:35:24,0,0,正确,模考,,公务员,3,2025下半年省考第二十四季行测模考大赛（江苏A卷）,模考,行测,2026-08-08 23:53:16
12719594,https://www.fenbi.com/spa/tiku/#/xingce/report/3682751204,判断推理,,单选题,2025-11-23 15:35:24,C,C,正确,模考,,公务员,4,2025下半年省考第二十四季行测模考大赛（江苏A卷）,模考,行测,2026-08-08 23:53:16
12719598,https://www.fenbi.com/spa/tiku/#/xingce/report/3682751204,判断推理,,单选题,2025-11-23 15:35:24,0,0,正确,模考,,公务员,3,2025下半年省考第二十四季行测模考大赛（江苏A卷）,模考,行测,2026-08-08 23:53:16
12719600,https://www.fenbi.com/spa/tiku/#/xingce/report/3682751204,判断推理,,单选题,2025-11-23 15:35:24,0,0,正确,模考,,公务员,3,2025下半年省考第二十四季行测模考大赛（江苏A卷）,模考,行测,2026-08-08 23:53:16
12719602,https://www.fenbi.com/spa/tiku/#/xingce/report/3682751204,判断推理,,单选题,2025-11-23 15:35:24,A,A,正确,模考,,公务员,3,2025下半年省考第二十四季行测模考大赛（江苏A卷）,模考,行测,2026-08-08 23:53:16
10255943,https://www.fenbi.com/spa/tiku/#/xingce/report/3682751204,判断推理,,单选题,2025-11-23 15:35:24,0,A,错误,模考,,公务员,6,2025下半年省考第二十四季行测模考大赛（江苏A卷）,模考,行测,2026-08-08 23:53:16
10255944,https://www.fenbi.com/spa/tiku/#/xingce/report/3682751204,判断推理,,单选题,2025-11-23 15:35:24,B,B,正确,模考,,公务员,3,2025下半年省考第二十四季行测模考大赛（江苏A卷）,模考,行测,2026-08-08 23:53:16
10255952,https://www.fenbi.com/spa/tiku/#/xingce/report/3682751204,判断推理,,单选题,2025-11-23 15:35:24,0,C,错误,模考,,公务员,6,2025下半年省考第二十四季行测模考大赛（江苏A卷）,模考,行测,2026-08-08 23:53:16
10255957,https://www.fenbi.com/spa/tiku/#/xingce/report/3682751204,判断推理,,单选题,2025-11-23 15:35:24,B,B,正确,模考,,公务员,3,2025下半年省考第二十四季行测模考大赛（江苏A卷）,模考,行测,2026-08-08 23:53:16
10255958,https://www.fenbi.com/spa/tiku/#/xingce/report/3682751204,判断推理,,单选题,2025-11-23 15:35:24,C,C,正确,模考,,公务员,3,2025下半年省考第二十四季行测模考大赛（江苏A卷）,模考,行测,2026-08-08 23:53:16
10255959,https://www.fenbi.com/spa/tiku/#/xingce/report/3682751204,判断推理,,单选题,2025-11-23 15:35:24,A,A,正确,模考,,公务员,4,2025下半年省考第二十四季行测模考大赛（江苏A卷）,模考,行测,2026-08-08 23:53:16
12719672,https://www.fenbi.com/spa/tiku/#/xingce/report/3682751204,判断推理,,单选题,2025-11-23 15:35:24,0,0,正确,模考,,公务员,5,2025下半年省考第二十四季行测模考大赛（江苏A卷）,模考,行测,2026-08-08 23:53:16
12719674,https://www.fenbi.com/spa/tiku/#/xingce/report/3682751204,判断推理,,单选题,2025-11-23 15:35:24,C,C,正确,模考,,公务员,4,2025下半年省考第二十四季行测模考大赛（江苏A卷）,模考,行测,2026-08-08 23:53:16
12719676,https://www.fenbi.com/spa/tiku/#/xingce/report/3682751204,判断推理,,单选题,2025-11-23 15:35:24,C,C,正确,模考,,公务员,3,2025下半年省考第二十四季行测模考大赛（江苏A卷）,模考,行测,2026-08-08 23:53:16
12310147,https://www.fenbi.com/spa/tiku/#/xingce/report/3682751204,判断推理,,单选题,2025-11-23 15:35:24,A,C,错误,模考,,公务员,7,2025下半年省考第二十四季行测模考大赛（江苏A卷）,模考,行测,2026-08-08 23:53:16
12310149,https://www.fenbi.com/spa/tiku/#/xingce/report/3682751204,判断推理,,单选题,2025-11-23 15:35:24,A,A,正确,模考,,公务员,4,2025下半年省考第二十四季行测模考大赛（江苏A卷）,模考,行测,2026-08-08 23:53:16
12310150,https://www.fenbi.com/spa/tiku/#/xingce/report/3682751204,判断推理,,单选题,2025-11-23 15:35:24,0,0,正确,模考,,公务员,3,2025下半年省考第二十四季行测模考大赛（江苏A卷）,模考,行测,2026-08-08 23:53:16
12310152,https://www.fenbi.com/spa/tiku/#/xingce/report/3682751204,判断推理,,单选题,2025-11-23 15:35:24,C,C,正确,模考,,公务员,4,2025下半年省考第二十四季行测模考大赛（江苏A卷）,模考,行测,2026-08-08 23:53:16
12310153,https://www.fenbi.com/spa/tiku/#/xingce/report/3682751204,判断推理,,单选题,2025-11-23 15:35:24,A,A,正确,模考,,公务员,6,2025下半年省考第二十四季行测模考大赛（江苏A卷）,模考,行测,2026-08-08 23:53:16
12719678,https://www.fenbi.com/spa/tiku/#/xingce/report/3682751204,判断推理,,单选题,2025-11-23 15:35:24,C,C,正确,模考,,公务员,4,2025下半年省考第二十四季行测模考大赛（江苏A卷）,模考,行测,2026-08-08 23:53:16
12719679,https://www.fenbi.com/spa/tiku/#/xingce/report/3682751204,判断推理,,单选题,2025-11-23 15:35:24,A,A,正确,模考,,公务员,6,2025下半年省考第二十四季行测模考大赛（江苏A卷）,模考,行测,2026-08-08 23:53:16
19954208,https://www.fenbi.com/spa/tiku/#/xingce/report/3682751204,判断推理,,单选题,2025-11-23 15:35:24,0,0,正确,模考,,公务员,5,2025下半年省考第二十四季行测模考大赛（江苏A卷）,模考,行测,2026-08-08 23:53:16
19954210,https://www.fenbi.com/spa/tiku/#/xingce/report/3682751204,判断推理,,单选题,2025-11-23 15:35:24,B,C,错误,模考,,公务员,7,2025下半年省考第二十四季行测模考大赛（江苏A卷）,模考,行测,2026-08-08 23:53:16
10255960,https://www.fenbi.com/spa/tiku/#/xingce/report/3682751204,判断推理,,单选题,2025-11-23 15:35:24,A,A,正确,模考,,公务员,3,2025下半年省考第二十四季行测模考大赛（江苏A卷）,模考,行测,2026-08-08 23:53:16
10255963,https://www.fenbi.com/spa/tiku/#/xingce/report/3682751204,判断推理,,单选题,2025-11-23 15:35:24,A,C,错误,模考,,公务员,3,2025下半年省考第二十四季行测模考大赛（江苏A卷）,模考,行测,2026-08-08 23:53:16
10255964,https://www.fenbi.com/spa/tiku/#/xingce/report/3682751204,判断推理,,单选题,2025-11-23 15:35:24,C,C,正确,模考,,公务员,7,2025下半年省考第二十四季行测模考大赛（江苏A卷）,模考,行测,2026-08-08 23:53:16
12719619,https://www.fenbi.com/spa/tiku/#/xingce/report/3682751204,判断推理,,单选题,2025-11-23 15:35:24,B,B,正确,模考,,公务员,4,2025下半年省考第二十四季行测模考大赛（江苏A卷）,模考,行测,2026-08-08 23:53:16
12719622,https://www.fenbi.com/spa/tiku/#/xingce/report/3682751204,判断推理,,单选题,2025-11-23 15:35:24,0,0,正确,模考,,公务员,4,2025下半年省考第二十四季行测模考大赛（江苏A卷）,模考,行测,2026-08-08 23:53:16
12719628,https://www.fenbi.com/spa/tiku/#/xingce/report/3682751204,判断推理,,单选题,2025-11-23 15:35:24,C,C,正确,模考,,公务员,3,2025下半年省考第二十四季行测模考大赛（江苏A卷）,模考,行测,2026-08-08 23:53:16
12719631,https://www.fenbi.com/spa/tiku/#/xingce/report/3682751204,判断推理,,单选题,2025-11-23 15:35:24,0,0,正确,模考,,公务员,3,2025下半年省考第二十四季行测模考大赛（江苏A卷）,模考,行测,2026-08-08 23:53:16
12719633,https://www.fenbi.com/spa/tiku/#/xingce/report/3682751204,判断推理,,单选题,2025-11-23 15:35:24,A,A,正确,模考,,公务员,3,2025下半年省考第二十四季行测模考大赛（江苏A卷）,模考,行测,2026-08-08 23:53:16
12719644,https://www.fenbi.com/spa/tiku/#/xingce/report/3682751204,判断推理,,单选题,2025-11-23 15:35:24,0,B,错误,模考,,公务员,4,2025下半年省考第二十四季行测模考大赛（江苏A卷）,模考,行测,2026-08-08 23:53:16
12719663,https://www.fenbi.com/spa/tiku/#/xingce/report/3682751204,判断推理,,单选题,2025-11-23 15:35:24,A,A,正确,模考,,公务员,3,2025下半年省考第二十四季行测模考大赛（江苏A卷）,模考,行测,2026-08-08 23:53:16
10116676,https://www.fenbi.com/spa/tiku/#/xingce/report/3682751204,判断推理,,单选题,2025-11-23 15:35:24,B,B,正确,模考,,公务员,3,2025下半年省考第二十四季行测模考大赛（江苏A卷）,模考,行测,2026-08-08 23:53:16
10116677,https://www.fenbi.com/spa/tiku/#/xingce/report/3682751204,判断推理,,单选题,2025-11-23 15:35:24,B,B,正确,模考,,公务员,4,2025下半年省考第二十四季行测模考大赛（江苏A卷）,模考,行测,2026-08-08 23:53:16
10116678,https://www.fenbi.com/spa/tiku/#/xingce/report/3682751204,判断推理,,单选题,2025-11-23 15:35:24,C,C,正确,模考,,公务员,6,2025下半年省考第二十四季行测模考大赛（江苏A卷）,模考,行测,2026-08-08 23:53:16
12719700,https://www.fenbi.com/spa/tiku/#/xingce/report/3682751204,资料分析,,单选题,2025-11-23 15:35:24,0,0,正确,模考,,公务员,4,2025下半年省考第二十四季行测模考大赛（江苏A卷）,模考,行测,2026-08-08 23:53:16
12719701,https://www.fenbi.com/spa/tiku/#/xingce/report/3682751204,资料分析,,单选题,2025-11-23 15:35:24,B,B,正确,模考,,公务员,4,2025下半年省考第二十四季行测模考大赛（江苏A卷）,模考,行测,2026-08-08 23:53:16
12719702,https://www.fenbi.com/spa/tiku/#/xingce/report/3682751204,资料分析,,单选题,2025-11-23 15:35:24,A,A,正确,模考,,公务员,3,2025下半年省考第二十四季行测模考大赛（江苏A卷）,模考,行测,2026-08-08 23:53:16
12719703,https://www.fenbi.com/spa/tiku/#/xingce/report/3682751204,资料分析,,单选题,2025-11-23 15:35:24,B,B,正确,模考,,公务员,4,2025下半年省考第二十四季行测模考大赛（江苏A卷）,模考,行测,2026-08-08 23:53:16
12719704,https://www.fenbi.com/spa/tiku/#/xingce/report/3682751204,资料分析,,单选题,2025-11-23 15:35:24,C,C,正确,模考,,公务员,4,2025下半年省考第二十四季行测模考大赛（江苏A卷）,模考,行测,2026-08-08 23:53:16
12719705,https://www.fenbi.com/spa/tiku/#/xingce/report/3682751204,资料分析,,单选题,2025-11-23 15:35:24,B,A,错误,模考,,公务员,3,2025下半年省考第二十四季行测模考大赛（江苏A卷）,模考,行测,2026-08-08 23:53:16
12719706,https://www.fenbi.com/spa/tiku/#/xingce/report/3682751204,资料分析,,单选题,2025-11-23 15:35:24,0,0,正确,模考,,公务员,4,2025下半年省考第二十四季行测模考大赛（江苏A卷）,模考,行测,2026-08-08 23:53:16
12719707,https://www.fenbi.com/spa/tiku/#/xingce/report/3682751204,资料分析,,单选题,2025-11-23 15:35:24,C,C,正确,模考,,公务员,4,2025下半年省考第二十四季行测模考大赛（江苏A卷）,模考,行测,2026-08-08 23:53:16
12719708,https://www.fenbi.com/spa/tiku/#/xingce/report/3682751204,资料分析,,单选题,2025-11-23 15:35:24,0,0,正确,模考,,公务员,3,2025下半年省考第二十四季行测模考大赛（江苏A卷）,模考,行测,2026-08-08 23:53:16
12719709,https://www.fenbi.com/spa/tiku/#/xingce/report/3682751204,资料分析,,单选题,2025-11-23 15:35:24,C,C,正确,模考,,公务员,4,2025下半年省考第二十四季行测模考大赛（江苏A卷）,模考,行测,2026-08-08 23:53:16
12719710,https://www.fenbi.com/spa/tiku/#/xingce/report/3682751204,资料分析,,单选题,2025-11-23 15:35:24,B,B,正确,模考,,公务员,6,2025下半年省考第二十四季行测模考大赛（江苏A卷）,模考,行测,2026-08-08 23:53:16
12719711,https://www.fenbi.com/spa/tiku/#/xingce/report/3682751204,资料分析,,单选题,2025-11-23 15:35:24,A,A,正确,模考,,公务员,4,2025下半年省考第二十四季行测模考大赛（江苏A卷）,模考,行测,2026-08-08 23:53:16
12719712,https://www.fenbi.com/spa/tiku/#/xingce/report/3682751204,资料分析,,单选题,2025-11-23 15:35:24,0,0,正确,模考,,公务员,4,2025下半年省考第二十四季行测模考大赛（江苏A卷）,模考,行测,2026-08-08 23:53:16
12719713,https://www.fenbi.com/spa/tiku/#/xingce/report/3682751204,资料分析,,单选题,2025-11-23 15:35:24,C,C,正确,模考,,公务员,4,2025下半年省考第二十四季行测模考大赛（江苏A卷）,模考,行测,2026-08-08 23:53:16
12719714,https://www.fenbi.com/spa/tiku/#/xingce/report/3682751204,资料分析,,单选题,2025-11-23 15:35:24,B,C,错误,模考,,公务员,7,2025下半年省考第二十四季行测模考大赛（江苏A卷）,模考,行测,2026-08-08 23:53:16
10116708,https://www.fenbi.com/spa/tiku/#/xingce/report/3682751204,资料分析,,单选题,2025-11-23 15:35:24,A,A,正确,模考,,公务员,4,2025下半年省考第二十四季行测模考大赛（江苏A卷）,模考,行测,2026-08-08 23:53:16
10116709,https://www.fenbi.com/spa/tiku/#/xingce/report/3682751204,资料分析,,单选题,2025-11-23 15:35:24,C,C,正确,模考,,公务员,4,2025下半年省考第二十四季行测模考大赛（江苏A卷）,模考,行测,2026-08-08 23:53:16
10116711,https://www.fenbi.com/spa/tiku/#/xingce/report/3682751204,资料分析,,单选题,2025-11-23 15:35:24,B,B,正确,模考,,公务员,3,2025下半年省考第二十四季行测模考大赛（江苏A卷）,模考,行测,2026-08-08 23:53:16
10116712,https://www.fenbi.com/spa/tiku/#/xingce/report/3682751204,资料分析,,单选题,2025-11-23 15:35:24,0,0,正确,模考,,公务员,4,2025下半年省考第二十四季行测模考大赛（江苏A卷）,模考,行测,2026-08-08 23:53:16
10116713,https://www.fenbi.com/spa/tiku/#/xingce/report/3682751204,资料分析,,单选题,2025-11-23 15:35:24,B,C,错误,模考,,公务员,6,2025下半年省考第二十四季行测模考大赛（江苏A卷）,模考,行测,2026-08-08 23:53:16
10821652,https://www.fenbi.com/spa/tiku/#/xingce/report/3678971416,政治理论,,单选题,2025-11-22 08:43:17,B,A,错误,模考,,公务员,6,2025下半年省考第二十五季行测模考大赛（江苏A卷）,模考,行测,2026-08-08 23:53:16
10821653,https://www.fenbi.com/spa/tiku/#/xingce/report/3678971416,政治理论,,单选题,2025-11-22 08:43:17,B,A,错误,模考,,公务员,7,2025下半年省考第二十五季行测模考大赛（江苏A卷）,模考,行测,2026-08-08 23:53:16
10821655,https://www.fenbi.com/spa/tiku/#/xingce/report/3678971416,政治理论,,单选题,2025-11-22 08:43:17,B,C,错误,模考,,公务员,7,2025下半年省考第二十五季行测模考大赛（江苏A卷）,模考,行测,2026-08-08 23:53:16
10821656,https://www.fenbi.com/spa/tiku/#/xingce/report/3678971416,政治理论,,单选题,2025-11-22 08:43:17,B,C,错误,模考,,公务员,4,2025下半年省考第二十五季行测模考大赛（江苏A卷）,模考,行测,2026-08-08 23:53:16
10821657,https://www.fenbi.com/spa/tiku/#/xingce/report/3678971416,政治理论,,单选题,2025-11-22 08:43:17,B,A,错误,模考,,公务员,4,2025下半年省考第二十五季行测模考大赛（江苏A卷）,模考,行测,2026-08-08 23:53:16
10821659,https://www.fenbi.com/spa/tiku/#/xingce/report/3678971416,政治理论,,单选题,2025-11-22 08:43:17,B,0,错误,模考,,公务员,7,2025下半年省考第二十五季行测模考大赛（江苏A卷）,模考,行测,2026-08-08 23:53:16
10821660,https://www.fenbi.com/spa/tiku/#/xingce/report/3678971416,政治理论,,单选题,2025-11-22 08:43:17,B,0,错误,模考,,公务员,7,2025下半年省考第二十五季行测模考大赛（江苏A卷）,模考,行测,2026-08-08 23:53:16
10821661,https://www.fenbi.com/spa/tiku/#/xingce/report/3678971416,政治理论,,单选题,2025-11-22 08:43:17,B,A,错误,模考,,公务员,6,2025下半年省考第二十五季行测模考大赛（江苏A卷）,模考,行测,2026-08-08 23:53:16
10821662,https://www.fenbi.com/spa/tiku/#/xingce/report/3678971416,政治理论,,单选题,2025-11-22 08:43:17,B,B,正确,模考,,公务员,4,2025下半年省考第二十五季行测模考大赛（江苏A卷）,模考,行测,2026-08-08 23:53:16
10821687,https://www.fenbi.com/spa/tiku/#/xingce/report/3678971416,政治理论,,单选题,2025-11-22 08:43:17,B,B,正确,模考,,公务员,6,2025下半年省考第二十五季行测模考大赛（江苏A卷）,模考,行测,2026-08-08 23:53:16
10821692,https://www.fenbi.com/spa/tiku/#/xingce/report/3678971416,常识判断,,单选题,2025-11-22 08:43:17,A,A,正确,模考,,公务员,3,2025下半年省考第二十五季行测模考大赛（江苏A卷）,模考,行测,2026-08-08 23:53:16
10821700,https://www.fenbi.com/spa/tiku/#/xingce/report/3678971416,常识判断,,单选题,2025-11-22 08:43:17,C,C,正确,模考,,公务员,4,2025下半年省考第二十五季行测模考大赛（江苏A卷）,模考,行测,2026-08-08 23:53:16
10821705,https://www.fenbi.com/spa/tiku/#/xingce/report/3678971416,常识判断,,单选题,2025-11-22 08:43:17,A,A,正确,模考,,公务员,7,2025下半年省考第二十五季行测模考大赛（江苏A卷）,模考,行测,2026-08-08 23:53:16
10821709,https://www.fenbi.com/spa/tiku/#/xingce/report/3678971416,常识判断,,单选题,2025-11-22 08:43:17,A,0,错误,模考,,公务员,7,2025下半年省考第二十五季行测模考大赛（江苏A卷）,模考,行测,2026-08-08 23:53:16
10821740,https://www.fenbi.com/spa/tiku/#/xingce/report/3678971416,常识判断,,单选题,2025-11-22 08:43:17,C,B,错误,模考,,公务员,7,2025下半年省考第二十五季行测模考大赛（江苏A卷）,模考,行测,2026-08-08 23:53:16
10821745,https://www.fenbi.com/spa/tiku/#/xingce/report/3678971416,常识判断,,单选题,2025-11-22 08:43:17,B,B,正确,模考,,公务员,3,2025下半年省考第二十五季行测模考大赛（江苏A卷）,模考,行测,2026-08-08 23:53:16
10821746,https://www.fenbi.com/spa/tiku/#/xingce/report/3678971416,常识判断,,单选题,2025-11-22 08:43:17,B,B,正确,模考,,公务员,3,2025下半年省考第二十五季行测模考大赛（江苏A卷）,模考,行测,2026-08-08 23:53:16
10821748,https://www.fenbi.com/spa/tiku/#/xingce/report/3678971416,常识判断,,单选题,2025-11-22 08:43:17,0,B,错误,模考,,公务员,7,2025下半年省考第二十五季行测模考大赛（江苏A卷）,模考,行测,2026-08-08 23:53:16
10821749,https://www.fenbi.com/spa/tiku/#/xingce/report/3678971416,常识判断,,单选题,2025-11-22 08:43:17,0,C,错误,模考,,公务员,7,2025下半年省考第二十五季行测模考大赛（江苏A卷）,模考,行测,2026-08-08 23:53:16
10821751,https://www.fenbi.com/spa/tiku/#/xingce/report/3678971416,常识判断,,单选题,2025-11-22 08:43:17,A,A,正确,模考,,公务员,5,2025下半年省考第二十五季行测模考大赛（江苏A卷）,模考,行测,2026-08-08 23:53:16
11245774,https://www.fenbi.com/spa/tiku/#/xingce/report/3678971416,言语理解与表达,,单选题,2025-11-22 08:43:17,A,B,错误,模考,,公务员,7,2025下半年省考第二十五季行测模考大赛（江苏A卷）,模考,行测,2026-08-08 23:53:16
19401833,https://www.fenbi.com/spa/tiku/#/xingce/report/3678971416,言语理解与表达,,单选题,2025-11-22 08:43:17,C,C,正确,模考,,公务员,6,2025下半年省考第二十五季行测模考大赛（江苏A卷）,模考,行测,2026-08-08 23:53:16
11245775,https://www.fenbi.com/spa/tiku/#/xingce/report/3678971416,言语理解与表达,,单选题,2025-11-22 08:43:17,C,C,正确,模考,,公务员,4,2025下半年省考第二十五季行测模考大赛（江苏A卷）,模考,行测,2026-08-08 23:53:16
11245777,https://www.fenbi.com/spa/tiku/#/xingce/report/3678971416,言语理解与表达,,单选题,2025-11-22 08:43:17,0,B,错误,模考,,公务员,4,2025下半年省考第二十五季行测模考大赛（江苏A卷）,模考,行测,2026-08-08 23:53:16
11245778,https://www.fenbi.com/spa/tiku/#/xingce/report/3678971416,言语理解与表达,,单选题,2025-11-22 08:43:17,A,0,错误,模考,,公务员,6,2025下半年省考第二十五季行测模考大赛（江苏A卷）,模考,行测,2026-08-08 23:53:16
11245781,https://www.fenbi.com/spa/tiku/#/xingce/report/3678971416,言语理解与表达,,单选题,2025-11-22 08:43:17,A,A,正确,模考,,公务员,6,2025下半年省考第二十五季行测模考大赛（江苏A卷）,模考,行测,2026-08-08 23:53:16
11245782,https://www.fenbi.com/spa/tiku/#/xingce/report/3678971416,言语理解与表达,,单选题,2025-11-22 08:43:17,0,A,错误,模考,,公务员,4,2025下半年省考第二十五季行测模考大赛（江苏A卷）,模考,行测,2026-08-08 23:53:16
11245784,https://www.fenbi.com/spa/tiku/#/xingce/report/3678971416,言语理解与表达,,单选题,2025-11-22 08:43:17,0,0,正确,模考,,公务员,6,2025下半年省考第二十五季行测模考大赛（江苏A卷）,模考,行测,2026-08-08 23:53:16
11245785,https://www.fenbi.com/spa/tiku/#/xingce/report/3678971416,言语理解与表达,,单选题,2025-11-22 08:43:17,B,B,正确,模考,,公务员,3,2025下半年省考第二十五季行测模考大赛（江苏A卷）,模考,行测,2026-08-08 23:53:16
11245789,https://www.fenbi.com/spa/tiku/#/xingce/report/3678971416,言语理解与表达,,单选题,2025-11-22 08:43:17,C,C,正确,模考,,公务员,3,2025下半年省考第二十五季行测模考大赛（江苏A卷）,模考,行测,2026-08-08 23:53:16
11245790,https://www.fenbi.com/spa/tiku/#/xingce/report/3678971416,言语理解与表达,,单选题,2025-11-22 08:43:17,A,0,错误,模考,,公务员,4,2025下半年省考第二十五季行测模考大赛（江苏A卷）,模考,行测,2026-08-08 23:53:16
11245796,https://www.fenbi.com/spa/tiku/#/xingce/report/3678971416,言语理解与表达,,单选题,2025-11-22 08:43:17,0,B,错误,模考,,公务员,3,2025下半年省考第二十五季行测模考大赛（江苏A卷）,模考,行测,2026-08-08 23:53:16
11245797,https://www.fenbi.com/spa/tiku/#/xingce/report/3678971416,言语理解与表达,,单选题,2025-11-22 08:43:17,0,0,正确,模考,,公务员,4,2025下半年省考第二十五季行测模考大赛（江苏A卷）,模考,行测,2026-08-08 23:53:16
19401843,https://www.fenbi.com/spa/tiku/#/xingce/report/3678971416,言语理解与表达,,单选题,2025-11-22 08:43:17,B,B,正确,模考,,公务员,3,2025下半年省考第二十五季行测模考大赛（江苏A卷）,模考,行测,2026-08-08 23:53:16
19401831,https://www.fenbi.com/spa/tiku/#/xingce/report/3678971416,言语理解与表达,,单选题,2025-11-22 08:43:17,A,A,正确,模考,,公务员,3,2025下半年省考第二十五季行测模考大赛（江苏A卷）,模考,行测,2026-08-08 23:53:16
11245736,https://www.fenbi.com/spa/tiku/#/xingce/report/3678971416,言语理解与表达,,单选题,2025-11-22 08:43:17,0,B,错误,模考,,公务员,6,2025下半年省考第二十五季行测模考大赛（江苏A卷）,模考,行测,2026-08-08 23:53:16
11245742,https://www.fenbi.com/spa/tiku/#/xingce/report/3678971416,言语理解与表达,,单选题,2025-11-22 08:43:17,C,B,错误,模考,,公务员,6,2025下半年省考第二十五季行测模考大赛（江苏A卷）,模考,行测,2026-08-08 23:53:16
11245746,https://www.fenbi.com/spa/tiku/#/xingce/report/3678971416,言语理解与表达,,单选题,2025-11-22 08:43:17,A,C,错误,模考,,公务员,6,2025下半年省考第二十五季行测模考大赛（江苏A卷）,模考,行测,2026-08-08 23:53:16
11245749,https://www.fenbi.com/spa/tiku/#/xingce/report/3678971416,言语理解与表达,,单选题,2025-11-22 08:43:17,0,0,正确,模考,,公务员,4,2025下半年省考第二十五季行测模考大赛（江苏A卷）,模考,行测,2026-08-08 23:53:16
11245751,https://www.fenbi.com/spa/tiku/#/xingce/report/3678971416,言语理解与表达,,单选题,2025-11-22 08:43:17,A,C,错误,模考,,公务员,5,2025下半年省考第二十五季行测模考大赛（江苏A卷）,模考,行测,2026-08-08 23:53:16
11245753,https://www.fenbi.com/spa/tiku/#/xingce/report/3678971416,言语理解与表达,,单选题,2025-11-22 08:43:17,A,A,正确,模考,,公务员,4,2025下半年省考第二十五季行测模考大赛（江苏A卷）,模考,行测,2026-08-08 23:53:16
11245763,https://www.fenbi.com/spa/tiku/#/xingce/report/3678971416,言语理解与表达,,单选题,2025-11-22 08:43:17,A,A,正确,模考,,公务员,6,2025下半年省考第二十五季行测模考大赛（江苏A卷）,模考,行测,2026-08-08 23:53:16
11245765,https://www.fenbi.com/spa/tiku/#/xingce/report/3678971416,言语理解与表达,,单选题,2025-11-22 08:43:17,0,0,正确,模考,,公务员,4,2025下半年省考第二十五季行测模考大赛（江苏A卷）,模考,行测,2026-08-08 23:53:16
11245771,https://www.fenbi.com/spa/tiku/#/xingce/report/3678971416,言语理解与表达,,单选题,2025-11-22 08:43:17,B,B,正确,模考,,公务员,6,2025下半年省考第二十五季行测模考大赛（江苏A卷）,模考,行测,2026-08-08 23:53:16
11245773,https://www.fenbi.com/spa/tiku/#/xingce/report/3678971416,言语理解与表达,,单选题,2025-11-22 08:43:17,A,C,错误,模考,,公务员,7,2025下半年省考第二十五季行测模考大赛（江苏A卷）,模考,行测,2026-08-08 23:53:16
19401500,https://www.fenbi.com/spa/tiku/#/xingce/report/3678971416,言语理解与表达,,单选题,2025-11-22 08:43:17,B,B,正确,模考,,公务员,3,2025下半年省考第二十五季行测模考大赛（江苏A卷）,模考,行测,2026-08-08 23:53:16
19401501,https://www.fenbi.com/spa/tiku/#/xingce/report/3678971416,言语理解与表达,,单选题,2025-11-22 08:43:17,B,B,正确,模考,,公务员,3,2025下半年省考第二十五季行测模考大赛（江苏A卷）,模考,行测,2026-08-08 23:53:16
19401502,https://www.fenbi.com/spa/tiku/#/xingce/report/3678971416,言语理解与表达,,单选题,2025-11-22 08:43:17,0,0,正确,模考,,公务员,4,2025下半年省考第二十五季行测模考大赛（江苏A卷）,模考,行测,2026-08-08 23:53:16
19401503,https://www.fenbi.com/spa/tiku/#/xingce/report/3678971416,言语理解与表达,,单选题,2025-11-22 08:43:17,0,0,正确,模考,,公务员,4,2025下半年省考第二十五季行测模考大赛（江苏A卷）,模考,行测,2026-08-08 23:53:16
19401504,https://www.fenbi.com/spa/tiku/#/xingce/report/3678971416,言语理解与表达,,单选题,2025-11-22 08:43:17,C,0,错误,模考,,公务员,4,2025下半年省考第二十五季行测模考大赛（江苏A卷）,模考,行测,2026-08-08 23:53:16
19889281,https://www.fenbi.com/spa/tiku/#/xingce/report/3678971416,数量关系,,单选题,2025-11-22 08:43:17,B,A,错误,模考,,公务员,4,2025下半年省考第二十五季行测模考大赛（江苏A卷）,模考,行测,2026-08-08 23:53:16
19889284,https://www.fenbi.com/spa/tiku/#/xingce/report/3678971416,数量关系,,单选题,2025-11-22 08:43:17,B,B,正确,模考,,公务员,3,2025下半年省考第二十五季行测模考大赛（江苏A卷）,模考,行测,2026-08-08 23:53:16
19889288,https://www.fenbi.com/spa/tiku/#/xingce/report/3678971416,数量关系,,单选题,2025-11-22 08:43:17,C,C,正确,模考,,公务员,6,2025下半年省考第二十五季行测模考大赛（江苏A卷）,模考,行测,2026-08-08 23:53:16
19889299,https://www.fenbi.com/spa/tiku/#/xingce/report/3678971416,数量关系,,单选题,2025-11-22 08:43:17,B,0,错误,模考,,公务员,5,2025下半年省考第二十五季行测模考大赛（江苏A卷）,模考,行测,2026-08-08 23:53:16
19889305,https://www.fenbi.com/spa/tiku/#/xingce/report/3678971416,数量关系,,单选题,2025-11-22 08:43:17,0,0,正确,模考,,公务员,7,2025下半年省考第二十五季行测模考大赛（江苏A卷）,模考,行测,2026-08-08 23:53:16
19889029,https://www.fenbi.com/spa/tiku/#/xingce/report/3678971416,数量关系,,单选题,2025-11-22 08:43:17,0,B,错误,模考,,公务员,5,2025下半年省考第二十五季行测模考大赛（江苏A卷）,模考,行测,2026-08-08 23:53:16
19889030,https://www.fenbi.com/spa/tiku/#/xingce/report/3678971416,数量关系,,单选题,2025-11-22 08:43:17,C,A,错误,模考,,公务员,6,2025下半年省考第二十五季行测模考大赛（江苏A卷）,模考,行测,2026-08-08 23:53:16
19889031,https://www.fenbi.com/spa/tiku/#/xingce/report/3678971416,数量关系,,单选题,2025-11-22 08:43:17,B,B,正确,模考,,公务员,6,2025下半年省考第二十五季行测模考大赛（江苏A卷）,模考,行测,2026-08-08 23:53:16
19889032,https://www.fenbi.com/spa/tiku/#/xingce/report/3678971416,数量关系,,单选题,2025-11-22 08:43:17,C,A,错误,模考,,公务员,6,2025下半年省考第二十五季行测模考大赛（江苏A卷）,模考,行测,2026-08-08 23:53:16
19889033,https://www.fenbi.com/spa/tiku/#/xingce/report/3678971416,数量关系,,单选题,2025-11-22 08:43:17,0,B,错误,模考,,公务员,6,2025下半年省考第二十五季行测模考大赛（江苏A卷）,模考,行测,2026-08-08 23:53:16
19889034,https://www.fenbi.com/spa/tiku/#/xingce/report/3678971416,数量关系,,单选题,2025-11-22 08:43:17,C,C,正确,模考,,公务员,7,2025下半年省考第二十五季行测模考大赛（江苏A卷）,模考,行测,2026-08-08 23:53:16
19889035,https://www.fenbi.com/spa/tiku/#/xingce/report/3678971416,数量关系,,单选题,2025-11-22 08:43:17,C,C,正确,模考,,公务员,7,2025下半年省考第二十五季行测模考大赛（江苏A卷）,模考,行测,2026-08-08 23:53:16
19889036,https://www.fenbi.com/spa/tiku/#/xingce/report/3678971416,数量关系,,单选题,2025-11-22 08:43:17,C,C,正确,模考,,公务员,7,2025下半年省考第二十五季行测模考大赛（江苏A卷）,模考,行测,2026-08-08 23:53:16
19889037,https://www.fenbi.com/spa/tiku/#/xingce/report/3678971416,数量关系,,单选题,2025-11-22 08:43:17,A,0,错误,模考,,公务员,7,2025下半年省考第二十五季行测模考大赛（江苏A卷）,模考,行测,2026-08-08 23:53:16
19889038,https://www.fenbi.com/spa/tiku/#/xingce/report/3678971416,数量关系,,单选题,2025-11-22 08:43:17,0,0,正确,模考,,公务员,7,2025下半年省考第二十五季行测模考大赛（江苏A卷）,模考,行测,2026-08-08 23:53:16
19889039,https://www.fenbi.com/spa/tiku/#/xingce/report/3678971416,数量关系,,单选题,2025-11-22 08:43:17,0,0,正确,模考,,公务员,7,2025下半年省考第二十五季行测模考大赛（江苏A卷）,模考,行测,2026-08-08 23:53:16
19889040,https://www.fenbi.com/spa/tiku/#/xingce/report/3678971416,数量关系,,单选题,2025-11-22 08:43:17,C,C,正确,模考,,公务员,7,2025下半年省考第二十五季行测模考大赛（江苏A卷）,模考,行测,2026-08-08 23:53:16
19889041,https://www.fenbi.com/spa/tiku/#/xingce/report/3678971416,数量关系,,单选题,2025-11-22 08:43:17,B,A,错误,模考,,公务员,7,2025下半年省考第二十五季行测模考大赛（江苏A卷）,模考,行测,2026-08-08 23:53:16
19889042,https://www.fenbi.com/spa/tiku/#/xingce/report/3678971416,数量关系,,单选题,2025-11-22 08:43:17,B,B,正确,模考,,公务员,6,2025下半年省考第二十五季行测模考大赛（江苏A卷）,模考,行测,2026-08-08 23:53:16
19889043,https://www.fenbi.com/spa/tiku/#/xingce/report/3678971416,数量关系,,单选题,2025-11-22 08:43:17,A,A,正确,模考,,公务员,6,2025下半年省考第二十五季行测模考大赛（江苏A卷）,模考,行测,2026-08-08 23:53:16
18932729,https://www.fenbi.com/spa/tiku/#/xingce/report/3678971416,判断推理,,单选题,2025-11-22 08:43:17,C,C,正确,模考,,公务员,5,2025下半年省考第二十五季行测模考大赛（江苏A卷）,模考,行测,2026-08-08 23:53:16
18932730,https://www.fenbi.com/spa/tiku/#/xingce/report/3678971416,判断推理,,单选题,2025-11-22 08:43:17,C,C,正确,模考,,公务员,4,2025下半年省考第二十五季行测模考大赛（江苏A卷）,模考,行测,2026-08-08 23:53:16
13121869,https://www.fenbi.com/spa/tiku/#/xingce/report/3678971416,判断推理,,单选题,2025-11-22 08:43:17,C,C,正确,模考,,公务员,4,2025下半年省考第二十五季行测模考大赛（江苏A卷）,模考,行测,2026-08-08 23:53:16
13121877,https://www.fenbi.com/spa/tiku/#/xingce/report/3678971416,判断推理,,单选题,2025-11-22 08:43:17,C,C,正确,模考,,公务员,3,2025下半年省考第二十五季行测模考大赛（江苏A卷）,模考,行测,2026-08-08 23:53:16
18932731,https://www.fenbi.com/spa/tiku/#/xingce/report/3678971416,判断推理,,单选题,2025-11-22 08:43:17,A,A,正确,模考,,公务员,4,2025下半年省考第二十五季行测模考大赛（江苏A卷）,模考,行测,2026-08-08 23:53:16
18932732,https://www.fenbi.com/spa/tiku/#/xingce/report/3678971416,判断推理,,单选题,2025-11-22 08:43:17,C,C,正确,模考,,公务员,3,2025下半年省考第二十五季行测模考大赛（江苏A卷）,模考,行测,2026-08-08 23:53:16
13121871,https://www.fenbi.com/spa/tiku/#/xingce/report/3678971416,判断推理,,单选题,2025-11-22 08:43:17,0,0,正确,模考,,公务员,3,2025下半年省考第二十五季行测模考大赛（江苏A卷）,模考,行测,2026-08-08 23:53:16
13121878,https://www.fenbi.com/spa/tiku/#/xingce/report/3678971416,判断推理,,单选题,2025-11-22 08:43:17,A,A,正确,模考,,公务员,3,2025下半年省考第二十五季行测模考大赛（江苏A卷）,模考,行测,2026-08-08 23:53:16
18932733,https://www.fenbi.com/spa/tiku/#/xingce/report/3678971416,判断推理,,单选题,2025-11-22 08:43:17,B,0,错误,模考,,公务员,6,2025下半年省考第二十五季行测模考大赛（江苏A卷）,模考,行测,2026-08-08 23:53:16
13121872,https://www.fenbi.com/spa/tiku/#/xingce/report/3678971416,判断推理,,单选题,2025-11-22 08:43:17,A,A,正确,模考,,公务员,3,2025下半年省考第二十五季行测模考大赛（江苏A卷）,模考,行测,2026-08-08 23:53:16
18932706,https://www.fenbi.com/spa/tiku/#/xingce/report/3678971416,判断推理,,单选题,2025-11-22 08:43:17,A,A,正确,模考,,公务员,3,2025下半年省考第二十五季行测模考大赛（江苏A卷）,模考,行测,2026-08-08 23:53:16
18932707,https://www.fenbi.com/spa/tiku/#/xingce/report/3678971416,判断推理,,单选题,2025-11-22 08:43:17,0,0,正确,模考,,公务员,3,2025下半年省考第二十五季行测模考大赛（江苏A卷）,模考,行测,2026-08-08 23:53:16
18932708,https://www.fenbi.com/spa/tiku/#/xingce/report/3678971416,判断推理,,单选题,2025-11-22 08:43:17,B,B,正确,模考,,公务员,3,2025下半年省考第二十五季行测模考大赛（江苏A卷）,模考,行测,2026-08-08 23:53:16
18932709,https://www.fenbi.com/spa/tiku/#/xingce/report/3678971416,判断推理,,单选题,2025-11-22 08:43:17,0,0,正确,模考,,公务员,3,2025下半年省考第二十五季行测模考大赛（江苏A卷）,模考,行测,2026-08-08 23:53:16
13121799,https://www.fenbi.com/spa/tiku/#/xingce/report/3678971416,判断推理,,单选题,2025-11-22 08:43:17,C,C,正确,模考,,公务员,3,2025下半年省考第二十五季行测模考大赛（江苏A卷）,模考,行测,2026-08-08 23:53:16
13121801,https://www.fenbi.com/spa/tiku/#/xingce/report/3678971416,判断推理,,单选题,2025-11-22 08:43:17,0,B,错误,模考,,公务员,4,2025下半年省考第二十五季行测模考大赛（江苏A卷）,模考,行测,2026-08-08 23:53:16
13121804,https://www.fenbi.com/spa/tiku/#/xingce/report/3678971416,判断推理,,单选题,2025-11-22 08:43:17,A,A,正确,模考,,公务员,3,2025下半年省考第二十五季行测模考大赛（江苏A卷）,模考,行测,2026-08-08 23:53:16
13121805,https://www.fenbi.com/spa/tiku/#/xingce/report/3678971416,判断推理,,单选题,2025-11-22 08:43:17,A,C,错误,模考,,公务员,4,2025下半年省考第二十五季行测模考大赛（江苏A卷）,模考,行测,2026-08-08 23:53:16
13121808,https://www.fenbi.com/spa/tiku/#/xingce/report/3678971416,判断推理,,单选题,2025-11-22 08:43:17,0,0,正确,模考,,公务员,3,2025下半年省考第二十五季行测模考大赛（江苏A卷）,模考,行测,2026-08-08 23:53:16
13121809,https://www.fenbi.com/spa/tiku/#/xingce/report/3678971416,判断推理,,单选题,2025-11-22 08:43:17,0,A,错误,模考,,公务员,4,2025下半年省考第二十五季行测模考大赛（江苏A卷）,模考,行测,2026-08-08 23:53:16
18932739,https://www.fenbi.com/spa/tiku/#/xingce/report/3678971416,判断推理,,单选题,2025-11-22 08:43:17,0,0,正确,模考,,公务员,4,2025下半年省考第二十五季行测模考大赛（江苏A卷）,模考,行测,2026-08-08 23:53:16
18932740,https://www.fenbi.com/spa/tiku/#/xingce/report/3678971416,判断推理,,单选题,2025-11-22 08:43:17,B,C,错误,模考,,公务员,6,2025下半年省考第二十五季行测模考大赛（江苏A卷）,模考,行测,2026-08-08 23:53:16
18932742,https://www.fenbi.com/spa/tiku/#/xingce/report/3678971416,判断推理,,单选题,2025-11-22 08:43:17,C,B,错误,模考,,公务员,6,2025下半年省考第二十五季行测模考大赛（江苏A卷）,模考,行测,2026-08-08 23:53:16
13121881,https://www.fenbi.com/spa/tiku/#/xingce/report/3678971416,判断推理,,单选题,2025-11-22 08:43:17,A,A,正确,模考,,公务员,3,2025下半年省考第二十五季行测模考大赛（江苏A卷）,模考,行测,2026-08-08 23:53:16
13121882,https://www.fenbi.com/spa/tiku/#/xingce/report/3678971416,判断推理,,单选题,2025-11-22 08:43:17,A,A,正确,模考,,公务员,4,2025下半年省考第二十五季行测模考大赛（江苏A卷）,模考,行测,2026-08-08 23:53:16
13121883,https://www.fenbi.com/spa/tiku/#/xingce/report/3678971416,判断推理,,单选题,2025-11-22 08:43:17,B,B,正确,模考,,公务员,3,2025下半年省考第二十五季行测模考大赛（江苏A卷）,模考,行测,2026-08-08 23:53:16
13121885,https://www.fenbi.com/spa/tiku/#/xingce/report/3678971416,判断推理,,单选题,2025-11-22 08:43:17,B,B,正确,模考,,公务员,3,2025下半年省考第二十五季行测模考大赛（江苏A卷）,模考,行测,2026-08-08 23:53:16
13121886,https://www.fenbi.com/spa/tiku/#/xingce/report/3678971416,判断推理,,单选题,2025-11-22 08:43:17,B,B,正确,模考,,公务员,4,2025下半年省考第二十五季行测模考大赛（江苏A卷）,模考,行测,2026-08-08 23:53:16
18932744,https://www.fenbi.com/spa/tiku/#/xingce/report/3678971416,判断推理,,单选题,2025-11-22 08:43:17,A,A,正确,模考,,公务员,3,2025下半年省考第二十五季行测模考大赛（江苏A卷）,模考,行测,2026-08-08 23:53:16
18932745,https://www.fenbi.com/spa/tiku/#/xingce/report/3678971416,判断推理,,单选题,2025-11-22 08:43:17,B,B,正确,模考,,公务员,5,2025下半年省考第二十五季行测模考大赛（江苏A卷）,模考,行测,2026-08-08 23:53:16
19889184,https://www.fenbi.com/spa/tiku/#/xingce/report/3678971416,判断推理,,单选题,2025-11-22 08:43:17,B,B,正确,模考,,公务员,3,2025下半年省考第二十五季行测模考大赛（江苏A卷）,模考,行测,2026-08-08 23:53:16
19889182,https://www.fenbi.com/spa/tiku/#/xingce/report/3678971416,判断推理,,单选题,2025-11-22 08:43:17,A,A,正确,模考,,公务员,3,2025下半年省考第二十五季行测模考大赛（江苏A卷）,模考,行测,2026-08-08 23:53:16
13121810,https://www.fenbi.com/spa/tiku/#/xingce/report/3678971416,判断推理,,单选题,2025-11-22 08:43:17,B,B,正确,模考,,公务员,4,2025下半年省考第二十五季行测模考大赛（江苏A卷）,模考,行测,2026-08-08 23:53:16
13121811,https://www.fenbi.com/spa/tiku/#/xingce/report/3678971416,判断推理,,单选题,2025-11-22 08:43:17,0,0,正确,模考,,公务员,7,2025下半年省考第二十五季行测模考大赛（江苏A卷）,模考,行测,2026-08-08 23:53:16
13121813,https://www.fenbi.com/spa/tiku/#/xingce/report/3678971416,判断推理,,单选题,2025-11-22 08:43:17,B,B,正确,模考,,公务员,5,2025下半年省考第二十五季行测模考大赛（江苏A卷）,模考,行测,2026-08-08 23:53:16
18932716,https://www.fenbi.com/spa/tiku/#/xingce/report/3678971416,判断推理,,单选题,2025-11-22 08:43:17,C,A,错误,模考,,公务员,6,2025下半年省考第二十五季行测模考大赛（江苏A卷）,模考,行测,2026-08-08 23:53:16
18932717,https://www.fenbi.com/spa/tiku/#/xingce/report/3678971416,判断推理,,单选题,2025-11-22 08:43:17,C,0,错误,模考,,公务员,4,2025下半年省考第二十五季行测模考大赛（江苏A卷）,模考,行测,2026-08-08 23:53:16
18932719,https://www.fenbi.com/spa/tiku/#/xingce/report/3678971416,判断推理,,单选题,2025-11-22 08:43:17,B,B,正确,模考,,公务员,4,2025下半年省考第二十五季行测模考大赛（江苏A卷）,模考,行测,2026-08-08 23:53:16
18932721,https://www.fenbi.com/spa/tiku/#/xingce/report/3678971416,判断推理,,单选题,2025-11-22 08:43:17,A,A,正确,模考,,公务员,3,2025下半年省考第二十五季行测模考大赛（江苏A卷）,模考,行测,2026-08-08 23:53:16
18932723,https://www.fenbi.com/spa/tiku/#/xingce/report/3678971416,判断推理,,单选题,2025-11-22 08:43:17,B,B,正确,模考,,公务员,3,2025下半年省考第二十五季行测模考大赛（江苏A卷）,模考,行测,2026-08-08 23:53:16
18932726,https://www.fenbi.com/spa/tiku/#/xingce/report/3678971416,判断推理,,单选题,2025-11-22 08:43:17,0,C,错误,模考,,公务员,6,2025下半年省考第二十五季行测模考大赛（江苏A卷）,模考,行测,2026-08-08 23:53:16
18932728,https://www.fenbi.com/spa/tiku/#/xingce/report/3678971416,判断推理,,单选题,2025-11-22 08:43:17,C,C,正确,模考,,公务员,3,2025下半年省考第二十五季行测模考大赛（江苏A卷）,模考,行测,2026-08-08 23:53:16
19401967,https://www.fenbi.com/spa/tiku/#/xingce/report/3678971416,判断推理,,单选题,2025-11-22 08:43:17,A,A,正确,模考,,公务员,3,2025下半年省考第二十五季行测模考大赛（江苏A卷）,模考,行测,2026-08-08 23:53:16
19401969,https://www.fenbi.com/spa/tiku/#/xingce/report/3678971416,判断推理,,单选题,2025-11-22 08:43:17,A,C,错误,模考,,公务员,3,2025下半年省考第二十五季行测模考大赛（江苏A卷）,模考,行测,2026-08-08 23:53:16
19401971,https://www.fenbi.com/spa/tiku/#/xingce/report/3678971416,判断推理,,单选题,2025-11-22 08:43:17,B,B,正确,模考,,公务员,3,2025下半年省考第二十五季行测模考大赛（江苏A卷）,模考,行测,2026-08-08 23:53:16
19889044,https://www.fenbi.com/spa/tiku/#/xingce/report/3678971416,资料分析,,单选题,2025-11-22 08:43:17,C,C,正确,模考,,公务员,4,2025下半年省考第二十五季行测模考大赛（江苏A卷）,模考,行测,2026-08-08 23:53:16
19889045,https://www.fenbi.com/spa/tiku/#/xingce/report/3678971416,资料分析,,单选题,2025-11-22 08:43:17,0,0,正确,模考,,公务员,3,2025下半年省考第二十五季行测模考大赛（江苏A卷）,模考,行测,2026-08-08 23:53:16
19889046,https://www.fenbi.com/spa/tiku/#/xingce/report/3678971416,资料分析,,单选题,2025-11-22 08:43:17,B,B,正确,模考,,公务员,4,2025下半年省考第二十五季行测模考大赛（江苏A卷）,模考,行测,2026-08-08 23:53:16
19889047,https://www.fenbi.com/spa/tiku/#/xingce/report/3678971416,资料分析,,单选题,2025-11-22 08:43:17,C,C,正确,模考,,公务员,3,2025下半年省考第二十五季行测模考大赛（江苏A卷）,模考,行测,2026-08-08 23:53:16
19889048,https://www.fenbi.com/spa/tiku/#/xingce/report/3678971416,资料分析,,单选题,2025-11-22 08:43:17,A,B,错误,模考,,公务员,5,2025下半年省考第二十五季行测模考大赛（江苏A卷）,模考,行测,2026-08-08 23:53:16
19889049,https://www.fenbi.com/spa/tiku/#/xingce/report/3678971416,资料分析,,单选题,2025-11-22 08:43:17,C,B,错误,模考,,公务员,4,2025下半年省考第二十五季行测模考大赛（江苏A卷）,模考,行测,2026-08-08 23:53:16
19889050,https://www.fenbi.com/spa/tiku/#/xingce/report/3678971416,资料分析,,单选题,2025-11-22 08:43:17,B,A,错误,模考,,公务员,4,2025下半年省考第二十五季行测模考大赛（江苏A卷）,模考,行测,2026-08-08 23:53:16
19889051,https://www.fenbi.com/spa/tiku/#/xingce/report/3678971416,资料分析,,单选题,2025-11-22 08:43:17,A,A,正确,模考,,公务员,4,2025下半年省考第二十五季行测模考大赛（江苏A卷）,模考,行测,2026-08-08 23:53:16
19889052,https://www.fenbi.com/spa/tiku/#/xingce/report/3678971416,资料分析,,单选题,2025-11-22 08:43:17,0,0,正确,模考,,公务员,4,2025下半年省考第二十五季行测模考大赛（江苏A卷）,模考,行测,2026-08-08 23:53:16
19889053,https://www.fenbi.com/spa/tiku/#/xingce/report/3678971416,资料分析,,单选题,2025-11-22 08:43:17,B,C,错误,模考,,公务员,7,2025下半年省考第二十五季行测模考大赛（江苏A卷）,模考,行测,2026-08-08 23:53:16
19889054,https://www.fenbi.com/spa/tiku/#/xingce/report/3678971416,资料分析,,单选题,2025-11-22 08:43:17,A,A,正确,模考,,公务员,4,2025下半年省考第二十五季行测模考大赛（江苏A卷）,模考,行测,2026-08-08 23:53:16
19889055,https://www.fenbi.com/spa/tiku/#/xingce/report/3678971416,资料分析,,单选题,2025-11-22 08:43:17,B,0,错误,模考,,公务员,4,2025下半年省考第二十五季行测模考大赛（江苏A卷）,模考,行测,2026-08-08 23:53:16
19889056,https://www.fenbi.com/spa/tiku/#/xingce/report/3678971416,资料分析,,单选题,2025-11-22 08:43:17,0,0,正确,模考,,公务员,4,2025下半年省考第二十五季行测模考大赛（江苏A卷）,模考,行测,2026-08-08 23:53:16
19889057,https://www.fenbi.com/spa/tiku/#/xingce/report/3678971416,资料分析,,单选题,2025-11-22 08:43:17,0,C,错误,模考,,公务员,6,2025下半年省考第二十五季行测模考大赛（江苏A卷）,模考,行测,2026-08-08 23:53:16
19889058,https://www.fenbi.com/spa/tiku/#/xingce/report/3678971416,资料分析,,单选题,2025-11-22 08:43:17,A,A,正确,模考,,公务员,6,2025下半年省考第二十五季行测模考大赛（江苏A卷）,模考,行测,2026-08-08 23:53:16
19889322,https://www.fenbi.com/spa/tiku/#/xingce/report/3678971416,资料分析,,单选题,2025-11-22 08:43:17,C,C,正确,模考,,公务员,3,2025下半年省考第二十五季行测模考大赛（江苏A卷）,模考,行测,2026-08-08 23:53:16
19889329,https://www.fenbi.com/spa/tiku/#/xingce/report/3678971416,资料分析,,单选题,2025-11-22 08:43:17,B,B,正确,模考,,公务员,3,2025下半年省考第二十五季行测模考大赛（江苏A卷）,模考,行测,2026-08-08 23:53:16
19889330,https://www.fenbi.com/spa/tiku/#/xingce/report/3678971416,资料分析,,单选题,2025-11-22 08:43:17,A,A,正确,模考,,公务员,3,2025下半年省考第二十五季行测模考大赛（江苏A卷）,模考,行测,2026-08-08 23:53:16
19889332,https://www.fenbi.com/spa/tiku/#/xingce/report/3678971416,资料分析,,单选题,2025-11-22 08:43:17,C,0,错误,模考,,公务员,3,2025下半年省考第二十五季行测模考大赛（江苏A卷）,模考,行测,2026-08-08 23:53:16
19889334,https://www.fenbi.com/spa/tiku/#/xingce/report/3678971416,资料分析,,单选题,2025-11-22 08:43:17,A,A,正确,模考,,公务员,4,2025下半年省考第二十五季行测模考大赛（江苏A卷）,模考,行测,2026-08-08 23:53:16
4651490,https://www.fenbi.com/spa/tiku/#/xingce/report/3677709691,数量关系,,单选题,2025-11-21 17:42:13,B,B,正确,江苏省考,2022,公务员,5,2022年江苏省公务员录用考试《行测》题（B类）（网友回忆版）,江苏省考,行测,2026-08-08 23:53:16
4651501,https://www.fenbi.com/spa/tiku/#/xingce/report/3677709691,数量关系,,单选题,2025-11-21 17:42:13,A,A,正确,江苏省考,2022,公务员,5,2022年江苏省公务员录用考试《行测》题（B类）（网友回忆版）,江苏省考,行测,2026-08-08 23:53:16
4651476,https://www.fenbi.com/spa/tiku/#/xingce/report/3677709691,数量关系,,单选题,2025-11-21 17:42:13,0,0,正确,江苏省考,2022,公务员,4,2022年江苏省公务员录用考试《行测》题（B类）（网友回忆版）,江苏省考,行测,2026-08-08 23:53:16
4651663,https://www.fenbi.com/spa/tiku/#/xingce/report/3677709691,数量关系,,单选题,2025-11-21 17:42:13,A,A,正确,江苏省考,2022,公务员,5,2022年江苏省公务员录用考试《行测》题（B类）（网友回忆版）,江苏省考,行测,2026-08-08 23:53:16
4651478,https://www.fenbi.com/spa/tiku/#/xingce/report/3677709691,数量关系,,单选题,2025-11-21 17:42:13,C,C,正确,江苏省考,2022,公务员,5,2022年江苏省公务员录用考试《行测》题（B类）（网友回忆版）,江苏省考,行测,2026-08-08 23:53:16
4651490,https://www.fenbi.com/spa/tiku/#/xingce/report/3677597875,数量关系,,单选题,2025-11-21 17:09:20,B,B,正确,江苏省考,2022,公务员,5,2022年江苏省公务员录用考试《行测》题（A类）（网友回忆版）,江苏省考,行测,2026-08-08 23:53:16
4651501,https://www.fenbi.com/spa/tiku/#/xingce/report/3677597875,数量关系,,单选题,2025-11-21 17:09:20,B,A,错误,江苏省考,2022,公务员,5,2022年江苏省公务员录用考试《行测》题（A类）（网友回忆版）,江苏省考,行测,2026-08-08 23:53:16
4651476,https://www.fenbi.com/spa/tiku/#/xingce/report/3677597875,数量关系,,单选题,2025-11-21 17:09:20,0,0,正确,江苏省考,2022,公务员,4,2022年江苏省公务员录用考试《行测》题（A类）（网友回忆版）,江苏省考,行测,2026-08-08 23:53:16
4651478,https://www.fenbi.com/spa/tiku/#/xingce/report/3677597875,数量关系,,单选题,2025-11-21 17:09:20,C,C,正确,江苏省考,2022,公务员,5,2022年江苏省公务员录用考试《行测》题（A类）（网友回忆版）,江苏省考,行测,2026-08-08 23:53:16
4651481,https://www.fenbi.com/spa/tiku/#/xingce/report/3677597875,数量关系,,单选题,2025-11-21 17:09:20,B,B,正确,江苏省考,2022,公务员,4,2022年江苏省公务员录用考试《行测》题（A类）（网友回忆版）,江苏省考,行测,2026-08-08 23:53:16
4651524,https://www.fenbi.com/spa/tiku/#/xingce/report/3675925378,常识判断,,单选题,2025-11-21 08:55:09,B,B,正确,江苏省考,2022,公务员,3,2022年江苏省公务员录用考试《行测》题（A类）（网友回忆版）,江苏省考,行测,2026-08-08 23:53:16
4651562,https://www.fenbi.com/spa/tiku/#/xingce/report/3675925378,常识判断,,单选题,2025-11-21 08:55:09,B,C,错误,江苏省考,2022,公务员,4,2022年江苏省公务员录用考试《行测》题（A类）（网友回忆版）,江苏省考,行测,2026-08-08 23:53:16
4651566,https://www.fenbi.com/spa/tiku/#/xingce/report/3675925378,常识判断,,单选题,2025-11-21 08:55:09,B,0,错误,江苏省考,2022,公务员,5,2022年江苏省公务员录用考试《行测》题（A类）（网友回忆版）,江苏省考,行测,2026-08-08 23:53:16
4651568,https://www.fenbi.com/spa/tiku/#/xingce/report/3675925378,常识判断,,单选题,2025-11-21 08:55:09,B,C,错误,江苏省考,2022,公务员,3,2022年江苏省公务员录用考试《行测》题（A类）（网友回忆版）,江苏省考,行测,2026-08-08 23:53:16
4651569,https://www.fenbi.com/spa/tiku/#/xingce/report/3675925378,常识判断,,单选题,2025-11-21 08:55:09,B,0,错误,江苏省考,2022,公务员,5,2022年江苏省公务员录用考试《行测》题（A类）（网友回忆版）,江苏省考,行测,2026-08-08 23:53:16
4651570,https://www.fenbi.com/spa/tiku/#/xingce/report/3675925378,常识判断,,单选题,2025-11-21 08:55:09,B,A,错误,江苏省考,2022,公务员,3,2022年江苏省公务员录用考试《行测》题（A类）（网友回忆版）,江苏省考,行测,2026-08-08 23:53:16
4651450,https://www.fenbi.com/spa/tiku/#/xingce/report/3675925378,常识判断,,单选题,2025-11-21 08:55:09,B,C,错误,江苏省考,2022,公务员,5,2022年江苏省公务员录用考试《行测》题（A类）（网友回忆版）,江苏省考,行测,2026-08-08 23:53:16
4651455,https://www.fenbi.com/spa/tiku/#/xingce/report/3675925378,常识判断,,单选题,2025-11-21 08:55:09,B,A,错误,江苏省考,2022,公务员,5,2022年江苏省公务员录用考试《行测》题（A类）（网友回忆版）,江苏省考,行测,2026-08-08 23:53:16
4651466,https://www.fenbi.com/spa/tiku/#/xingce/report/3675925378,常识判断,,单选题,2025-11-21 08:55:09,B,0,错误,江苏省考,2022,公务员,5,2022年江苏省公务员录用考试《行测》题（A类）（网友回忆版）,江苏省考,行测,2026-08-08 23:53:16
4651468,https://www.fenbi.com/spa/tiku/#/xingce/report/3675925378,常识判断,,单选题,2025-11-21 08:55:09,B,B,正确,江苏省考,2022,公务员,5,2022年江苏省公务员录用考试《行测》题（A类）（网友回忆版）,江苏省考,行测,2026-08-08 23:53:16
4651471,https://www.fenbi.com/spa/tiku/#/xingce/report/3675925378,常识判断,,单选题,2025-11-21 08:55:09,B,A,错误,江苏省考,2022,公务员,5,2022年江苏省公务员录用考试《行测》题（A类）（网友回忆版）,江苏省考,行测,2026-08-08 23:53:16
4651474,https://www.fenbi.com/spa/tiku/#/xingce/report/3675925378,常识判断,,单选题,2025-11-21 08:55:09,B,A,错误,江苏省考,2022,公务员,5,2022年江苏省公务员录用考试《行测》题（A类）（网友回忆版）,江苏省考,行测,2026-08-08 23:53:16
4651480,https://www.fenbi.com/spa/tiku/#/xingce/report/3675925378,常识判断,,单选题,2025-11-21 08:55:09,B,B,正确,江苏省考,2022,公务员,5,2022年江苏省公务员录用考试《行测》题（A类）（网友回忆版）,江苏省考,行测,2026-08-08 23:53:16
4651457,https://www.fenbi.com/spa/tiku/#/xingce/report/3675925378,常识判断,,单选题,2025-11-21 08:55:09,B,0,错误,江苏省考,2022,公务员,3,2022年江苏省公务员录用考试《行测》题（A类）（网友回忆版）,江苏省考,行测,2026-08-08 23:53:16
4651462,https://www.fenbi.com/spa/tiku/#/xingce/report/3675925378,常识判断,,单选题,2025-11-21 08:55:09,B,A,错误,江苏省考,2022,公务员,5,2022年江苏省公务员录用考试《行测》题（A类）（网友回忆版）,江苏省考,行测,2026-08-08 23:53:16
4651508,https://www.fenbi.com/spa/tiku/#/xingce/report/3675925378,言语理解与表达,,单选题,2025-11-21 08:55:09,A,C,错误,江苏省考,2022,公务员,6,2022年江苏省公务员录用考试《行测》题（A类）（网友回忆版）,江苏省考,行测,2026-08-08 23:53:16
4651512,https://www.fenbi.com/spa/tiku/#/xingce/report/3675925378,言语理解与表达,,单选题,2025-11-21 08:55:09,B,B,正确,江苏省考,2022,公务员,3,2022年江苏省公务员录用考试《行测》题（A类）（网友回忆版）,江苏省考,行测,2026-08-08 23:53:16
4651515,https://www.fenbi.com/spa/tiku/#/xingce/report/3675925378,言语理解与表达,,单选题,2025-11-21 08:55:09,B,B,正确,江苏省考,2022,公务员,4,2022年江苏省公务员录用考试《行测》题（A类）（网友回忆版）,江苏省考,行测,2026-08-08 23:53:16
4651516,https://www.fenbi.com/spa/tiku/#/xingce/report/3675925378,言语理解与表达,,单选题,2025-11-21 08:55:09,A,A,正确,江苏省考,2022,公务员,4,2022年江苏省公务员录用考试《行测》题（A类）（网友回忆版）,江苏省考,行测,2026-08-08 23:53:16
4651521,https://www.fenbi.com/spa/tiku/#/xingce/report/3675925378,言语理解与表达,,单选题,2025-11-21 08:55:09,A,A,正确,江苏省考,2022,公务员,5,2022年江苏省公务员录用考试《行测》题（A类）（网友回忆版）,江苏省考,行测,2026-08-08 23:53:16
4651527,https://www.fenbi.com/spa/tiku/#/xingce/report/3675925378,言语理解与表达,,单选题,2025-11-21 08:55:09,0,0,正确,江苏省考,2022,公务员,6,2022年江苏省公务员录用考试《行测》题（A类）（网友回忆版）,江苏省考,行测,2026-08-08 23:53:16
4651533,https://www.fenbi.com/spa/tiku/#/xingce/report/3675925378,言语理解与表达,,单选题,2025-11-21 08:55:09,C,C,正确,江苏省考,2022,公务员,4,2022年江苏省公务员录用考试《行测》题（A类）（网友回忆版）,江苏省考,行测,2026-08-08 23:53:16
4651539,https://www.fenbi.com/spa/tiku/#/xingce/report/3675925378,言语理解与表达,,单选题,2025-11-21 08:55:09,0,0,正确,江苏省考,2022,公务员,6,2022年江苏省公务员录用考试《行测》题（A类）（网友回忆版）,江苏省考,行测,2026-08-08 23:53:16
4651496,https://www.fenbi.com/spa/tiku/#/xingce/report/3675925378,言语理解与表达,,单选题,2025-11-21 08:55:09,B,B,正确,江苏省考,2022,公务员,4,2022年江苏省公务员录用考试《行测》题（A类）（网友回忆版）,江苏省考,行测,2026-08-08 23:53:16
4651498,https://www.fenbi.com/spa/tiku/#/xingce/report/3675925378,言语理解与表达,,单选题,2025-11-21 08:55:09,0,0,正确,江苏省考,2022,公务员,5,2022年江苏省公务员录用考试《行测》题（A类）（网友回忆版）,江苏省考,行测,2026-08-08 23:53:16
4651502,https://www.fenbi.com/spa/tiku/#/xingce/report/3675925378,言语理解与表达,,单选题,2025-11-21 08:55:09,C,C,正确,江苏省考,2022,公务员,4,2022年江苏省公务员录用考试《行测》题（A类）（网友回忆版）,江苏省考,行测,2026-08-08 23:53:16
4651504,https://www.fenbi.com/spa/tiku/#/xingce/report/3675925378,言语理解与表达,,单选题,2025-11-21 08:55:09,C,C,正确,江苏省考,2022,公务员,4,2022年江苏省公务员录用考试《行测》题（A类）（网友回忆版）,江苏省考,行测,2026-08-08 23:53:16
4651505,https://www.fenbi.com/spa/tiku/#/xingce/report/3675925378,言语理解与表达,,单选题,2025-11-21 08:55:09,0,C,错误,江苏省考,2022,公务员,5,2022年江苏省公务员录用考试《行测》题（A类）（网友回忆版）,江苏省考,行测,2026-08-08 23:53:16
4651506,https://www.fenbi.com/spa/tiku/#/xingce/report/3675925378,言语理解与表达,,单选题,2025-11-21 08:55:09,B,B,正确,江苏省考,2022,公务员,4,2022年江苏省公务员录用考试《行测》题（A类）（网友回忆版）,江苏省考,行测,2026-08-08 23:53:16
4651511,https://www.fenbi.com/spa/tiku/#/xingce/report/3675925378,言语理解与表达,,单选题,2025-11-21 08:55:09,B,B,正确,江苏省考,2022,公务员,4,2022年江苏省公务员录用考试《行测》题（A类）（网友回忆版）,江苏省考,行测,2026-08-08 23:53:16
4651513,https://www.fenbi.com/spa/tiku/#/xingce/report/3675925378,言语理解与表达,,单选题,2025-11-21 08:55:09,0,B,错误,江苏省考,2022,公务员,5,2022年江苏省公务员录用考试《行测》题（A类）（网友回忆版）,江苏省考,行测,2026-08-08 23:53:16
4651509,https://www.fenbi.com/spa/tiku/#/xingce/report/3675925378,言语理解与表达,,单选题,2025-11-21 08:55:09,A,B,错误,江苏省考,2022,公务员,5,2022年江苏省公务员录用考试《行测》题（A类）（网友回忆版）,江苏省考,行测,2026-08-08 23:53:16
4651517,https://www.fenbi.com/spa/tiku/#/xingce/report/3675925378,言语理解与表达,,单选题,2025-11-21 08:55:09,A,A,正确,江苏省考,2022,公务员,4,2022年江苏省公务员录用考试《行测》题（A类）（网友回忆版）,江苏省考,行测,2026-08-08 23:53:16
4651526,https://www.fenbi.com/spa/tiku/#/xingce/report/3675925378,言语理解与表达,,单选题,2025-11-21 08:55:09,A,0,错误,江苏省考,2022,公务员,5,2022年江苏省公务员录用考试《行测》题（A类）（网友回忆版）,江苏省考,行测,2026-08-08 23:53:16
4651534,https://www.fenbi.com/spa/tiku/#/xingce/report/3675925378,言语理解与表达,,单选题,2025-11-21 08:55:09,C,B,错误,江苏省考,2022,公务员,4,2022年江苏省公务员录用考试《行测》题（A类）（网友回忆版）,江苏省考,行测,2026-08-08 23:53:16
4651544,https://www.fenbi.com/spa/tiku/#/xingce/report/3675925378,言语理解与表达,,单选题,2025-11-21 08:55:09,A,B,错误,江苏省考,2022,公务员,4,2022年江苏省公务员录用考试《行测》题（A类）（网友回忆版）,江苏省考,行测,2026-08-08 23:53:16
4651552,https://www.fenbi.com/spa/tiku/#/xingce/report/3675925378,言语理解与表达,,单选题,2025-11-21 08:55:09,A,A,正确,江苏省考,2022,公务员,4,2022年江苏省公务员录用考试《行测》题（A类）（网友回忆版）,江苏省考,行测,2026-08-08 23:53:16
4651557,https://www.fenbi.com/spa/tiku/#/xingce/report/3675925378,言语理解与表达,,单选题,2025-11-21 08:55:09,A,C,错误,江苏省考,2022,公务员,5,2022年江苏省公务员录用考试《行测》题（A类）（网友回忆版）,江苏省考,行测,2026-08-08 23:53:16
4651497,https://www.fenbi.com/spa/tiku/#/xingce/report/3675925378,言语理解与表达,,单选题,2025-11-21 08:55:09,0,0,正确,江苏省考,2022,公务员,6,2022年江苏省公务员录用考试《行测》题（A类）（网友回忆版）,江苏省考,行测,2026-08-08 23:53:16
4651503,https://www.fenbi.com/spa/tiku/#/xingce/report/3675925378,言语理解与表达,,单选题,2025-11-21 08:55:09,0,C,错误,江苏省考,2022,公务员,5,2022年江苏省公务员录用考试《行测》题（A类）（网友回忆版）,江苏省考,行测,2026-08-08 23:53:16
4651520,https://www.fenbi.com/spa/tiku/#/xingce/report/3675925378,言语理解与表达,,单选题,2025-11-21 08:55:09,B,B,正确,江苏省考,2022,公务员,3,2022年江苏省公务员录用考试《行测》题（A类）（网友回忆版）,江苏省考,行测,2026-08-08 23:53:16
4651523,https://www.fenbi.com/spa/tiku/#/xingce/report/3675925378,言语理解与表达,,单选题,2025-11-21 08:55:09,C,C,正确,江苏省考,2022,公务员,3,2022年江苏省公务员录用考试《行测》题（A类）（网友回忆版）,江苏省考,行测,2026-08-08 23:53:16
4651528,https://www.fenbi.com/spa/tiku/#/xingce/report/3675925378,言语理解与表达,,单选题,2025-11-21 08:55:09,A,A,正确,江苏省考,2022,公务员,4,2022年江苏省公务员录用考试《行测》题（A类）（网友回忆版）,江苏省考,行测,2026-08-08 23:53:16
4651532,https://www.fenbi.com/spa/tiku/#/xingce/report/3675925378,言语理解与表达,,单选题,2025-11-21 08:55:09,0,0,正确,江苏省考,2022,公务员,4,2022年江苏省公务员录用考试《行测》题（A类）（网友回忆版）,江苏省考,行测,2026-08-08 23:53:16
4651536,https://www.fenbi.com/spa/tiku/#/xingce/report/3675925378,言语理解与表达,,单选题,2025-11-21 08:55:09,C,C,正确,江苏省考,2022,公务员,5,2022年江苏省公务员录用考试《行测》题（A类）（网友回忆版）,江苏省考,行测,2026-08-08 23:53:16
4651449,https://www.fenbi.com/spa/tiku/#/xingce/report/3675925378,数量关系,,单选题,2025-11-21 08:55:09,C,C,正确,江苏省考,2022,公务员,4,2022年江苏省公务员录用考试《行测》题（A类）（网友回忆版）,江苏省考,行测,2026-08-08 23:53:16
4651453,https://www.fenbi.com/spa/tiku/#/xingce/report/3675925378,数量关系,,单选题,2025-11-21 08:55:09,C,C,正确,江苏省考,2022,公务员,4,2022年江苏省公务员录用考试《行测》题（A类）（网友回忆版）,江苏省考,行测,2026-08-08 23:53:16
4651510,https://www.fenbi.com/spa/tiku/#/xingce/report/3675925378,数量关系,,单选题,2025-11-21 08:55:09,B,A,错误,江苏省考,2022,公务员,5,2022年江苏省公务员录用考试《行测》题（A类）（网友回忆版）,江苏省考,行测,2026-08-08 23:53:16
4651514,https://www.fenbi.com/spa/tiku/#/xingce/report/3675925378,数量关系,,单选题,2025-11-21 08:55:09,0,0,正确,江苏省考,2022,公务员,4,2022年江苏省公务员录用考试《行测》题（A类）（网友回忆版）,江苏省考,行测,2026-08-08 23:53:16
4651469,https://www.fenbi.com/spa/tiku/#/xingce/report/3675925378,数量关系,,单选题,2025-11-21 08:55:09,B,B,正确,江苏省考,2022,公务员,5,2022年江苏省公务员录用考试《行测》题（A类）（网友回忆版）,江苏省考,行测,2026-08-08 23:53:16
4651473,https://www.fenbi.com/spa/tiku/#/xingce/report/3675925378,数量关系,,单选题,2025-11-21 08:55:09,0,B,错误,江苏省考,2022,公务员,5,2022年江苏省公务员录用考试《行测》题（A类）（网友回忆版）,江苏省考,行测,2026-08-08 23:53:16
4651459,https://www.fenbi.com/spa/tiku/#/xingce/report/3675925378,数量关系,,单选题,2025-11-21 08:55:09,0,0,正确,江苏省考,2022,公务员,6,2022年江苏省公务员录用考试《行测》题（A类）（网友回忆版）,江苏省考,行测,2026-08-08 23:53:16
4651461,https://www.fenbi.com/spa/tiku/#/xingce/report/3675925378,数量关系,,单选题,2025-11-21 08:55:09,B,B,正确,江苏省考,2022,公务员,3,2022年江苏省公务员录用考试《行测》题（A类）（网友回忆版）,江苏省考,行测,2026-08-08 23:53:16
4651451,https://www.fenbi.com/spa/tiku/#/xingce/report/3675925378,数量关系,,单选题,2025-11-21 08:55:09,A,A,正确,江苏省考,2022,公务员,4,2022年江苏省公务员录用考试《行测》题（A类）（网友回忆版）,江苏省考,行测,2026-08-08 23:53:16
4651454,https://www.fenbi.com/spa/tiku/#/xingce/report/3675925378,数量关系,,单选题,2025-11-21 08:55:09,0,0,正确,江苏省考,2022,公务员,5,2022年江苏省公务员录用考试《行测》题（A类）（网友回忆版）,江苏省考,行测,2026-08-08 23:53:16
4651456,https://www.fenbi.com/spa/tiku/#/xingce/report/3675925378,数量关系,,单选题,2025-11-21 08:55:09,A,A,正确,江苏省考,2022,公务员,4,2022年江苏省公务员录用考试《行测》题（A类）（网友回忆版）,江苏省考,行测,2026-08-08 23:53:16
4651458,https://www.fenbi.com/spa/tiku/#/xingce/report/3675925378,数量关系,,单选题,2025-11-21 08:55:09,0,0,正确,江苏省考,2022,公务员,4,2022年江苏省公务员录用考试《行测》题（A类）（网友回忆版）,江苏省考,行测,2026-08-08 23:53:16
4651460,https://www.fenbi.com/spa/tiku/#/xingce/report/3675925378,数量关系,,单选题,2025-11-21 08:55:09,A,C,错误,江苏省考,2022,公务员,5,2022年江苏省公务员录用考试《行测》题（A类）（网友回忆版）,江苏省考,行测,2026-08-08 23:53:16
4651463,https://www.fenbi.com/spa/tiku/#/xingce/report/3675925378,数量关系,,单选题,2025-11-21 08:55:09,A,0,错误,江苏省考,2022,公务员,6,2022年江苏省公务员录用考试《行测》题（A类）（网友回忆版）,江苏省考,行测,2026-08-08 23:53:16
4651482,https://www.fenbi.com/spa/tiku/#/xingce/report/3675925378,数量关系,,单选题,2025-11-21 08:55:09,A,C,错误,江苏省考,2022,公务员,5,2022年江苏省公务员录用考试《行测》题（A类）（网友回忆版）,江苏省考,行测,2026-08-08 23:53:16
4651531,https://www.fenbi.com/spa/tiku/#/xingce/report/3675925378,判断推理,,单选题,2025-11-21 08:55:09,A,A,正确,江苏省考,2022,公务员,5,2022年江苏省公务员录用考试《行测》题（A类）（网友回忆版）,江苏省考,行测,2026-08-08 23:53:16
4651538,https://www.fenbi.com/spa/tiku/#/xingce/report/3675925378,判断推理,,单选题,2025-11-21 08:55:09,C,0,错误,江苏省考,2022,公务员,5,2022年江苏省公务员录用考试《行测》题（A类）（网友回忆版）,江苏省考,行测,2026-08-08 23:53:16
4651542,https://www.fenbi.com/spa/tiku/#/xingce/report/3675925378,判断推理,,单选题,2025-11-21 08:55:09,A,A,正确,江苏省考,2022,公务员,5,2022年江苏省公务员录用考试《行测》题（A类）（网友回忆版）,江苏省考,行测,2026-08-08 23:53:16
4651548,https://www.fenbi.com/spa/tiku/#/xingce/report/3675925378,判断推理,,单选题,2025-11-21 08:55:09,B,B,正确,江苏省考,2022,公务员,5,2022年江苏省公务员录用考试《行测》题（A类）（网友回忆版）,江苏省考,行测,2026-08-08 23:53:16
4651529,https://www.fenbi.com/spa/tiku/#/xingce/report/3675925378,判断推理,,单选题,2025-11-21 08:55:09,A,C,错误,江苏省考,2022,公务员,5,2022年江苏省公务员录用考试《行测》题（A类）（网友回忆版）,江苏省考,行测,2026-08-08 23:53:16
4651537,https://www.fenbi.com/spa/tiku/#/xingce/report/3675925378,判断推理,,单选题,2025-11-21 08:55:09,B,B,正确,江苏省考,2022,公务员,5,2022年江苏省公务员录用考试《行测》题（A类）（网友回忆版）,江苏省考,行测,2026-08-08 23:53:16
4651541,https://www.fenbi.com/spa/tiku/#/xingce/report/3675925378,判断推理,,单选题,2025-11-21 08:55:09,C,C,正确,江苏省考,2022,公务员,5,2022年江苏省公务员录用考试《行测》题（A类）（网友回忆版）,江苏省考,行测,2026-08-08 23:53:16
4651550,https://www.fenbi.com/spa/tiku/#/xingce/report/3675925378,判断推理,,单选题,2025-11-21 08:55:09,A,A,正确,江苏省考,2022,公务员,5,2022年江苏省公务员录用考试《行测》题（A类）（网友回忆版）,江苏省考,行测,2026-08-08 23:53:16
4651530,https://www.fenbi.com/spa/tiku/#/xingce/report/3675925378,判断推理,,单选题,2025-11-21 08:55:09,C,C,正确,江苏省考,2022,公务员,5,2022年江苏省公务员录用考试《行测》题（A类）（网友回忆版）,江苏省考,行测,2026-08-08 23:53:16
4651535,https://www.fenbi.com/spa/tiku/#/xingce/report/3675925378,判断推理,,单选题,2025-11-21 08:55:09,A,B,错误,江苏省考,2022,公务员,5,2022年江苏省公务员录用考试《行测》题（A类）（网友回忆版）,江苏省考,行测,2026-08-08 23:53:16
4651565,https://www.fenbi.com/spa/tiku/#/xingce/report/3675925378,判断推理,,单选题,2025-11-21 08:55:09,A,A,正确,江苏省考,2022,公务员,5,2022年江苏省公务员录用考试《行测》题（A类）（网友回忆版）,江苏省考,行测,2026-08-08 23:53:16
4651575,https://www.fenbi.com/spa/tiku/#/xingce/report/3675925378,判断推理,,单选题,2025-11-21 08:55:09,C,C,正确,江苏省考,2022,公务员,5,2022年江苏省公务员录用考试《行测》题（A类）（网友回忆版）,江苏省考,行测,2026-08-08 23:53:16
4651586,https://www.fenbi.com/spa/tiku/#/xingce/report/3675925378,判断推理,,单选题,2025-11-21 08:55:09,0,0,正确,江苏省考,2022,公务员,5,2022年江苏省公务员录用考试《行测》题（A类）（网友回忆版）,江苏省考,行测,2026-08-08 23:53:16
4651783,https://www.fenbi.com/spa/tiku/#/xingce/report/3675925378,判断推理,,单选题,2025-11-21 08:55:09,C,C,正确,江苏省考,2022,公务员,5,2022年江苏省公务员录用考试《行测》题（A类）（网友回忆版）,江苏省考,行测,2026-08-08 23:53:16
4651671,https://www.fenbi.com/spa/tiku/#/xingce/report/3675925378,判断推理,,单选题,2025-11-21 08:55:09,B,B,正确,江苏省考,2022,公务员,5,2022年江苏省公务员录用考试《行测》题（A类）（网友回忆版）,江苏省考,行测,2026-08-08 23:53:16
4651691,https://www.fenbi.com/spa/tiku/#/xingce/report/3675925378,判断推理,,单选题,2025-11-21 08:55:09,A,A,正确,江苏省考,2022,公务员,5,2022年江苏省公务员录用考试《行测》题（A类）（网友回忆版）,江苏省考,行测,2026-08-08 23:53:16
4651582,https://www.fenbi.com/spa/tiku/#/xingce/report/3675925378,判断推理,,单选题,2025-11-21 08:55:09,0,0,正确,江苏省考,2022,公务员,5,2022年江苏省公务员录用考试《行测》题（A类）（网友回忆版）,江苏省考,行测,2026-08-08 23:53:16
4651584,https://www.fenbi.com/spa/tiku/#/xingce/report/3675925378,判断推理,,单选题,2025-11-21 08:55:09,C,C,正确,江苏省考,2022,公务员,5,2022年江苏省公务员录用考试《行测》题（A类）（网友回忆版）,江苏省考,行测,2026-08-08 23:53:16
4651697,https://www.fenbi.com/spa/tiku/#/xingce/report/3675925378,判断推理,,单选题,2025-11-21 08:55:09,0,0,正确,江苏省考,2022,公务员,5,2022年江苏省公务员录用考试《行测》题（A类）（网友回忆版）,江苏省考,行测,2026-08-08 23:53:16
4651690,https://www.fenbi.com/spa/tiku/#/xingce/report/3675925378,判断推理,,单选题,2025-11-21 08:55:09,C,C,正确,江苏省考,2022,公务员,5,2022年江苏省公务员录用考试《行测》题（A类）（网友回忆版）,江苏省考,行测,2026-08-08 23:53:16
4651698,https://www.fenbi.com/spa/tiku/#/xingce/report/3675925378,判断推理,,单选题,2025-11-21 08:55:09,B,B,正确,江苏省考,2022,公务员,5,2022年江苏省公务员录用考试《行测》题（A类）（网友回忆版）,江苏省考,行测,2026-08-08 23:53:16
4651729,https://www.fenbi.com/spa/tiku/#/xingce/report/3675925378,判断推理,,单选题,2025-11-21 08:55:09,A,A,正确,江苏省考,2022,公务员,5,2022年江苏省公务员录用考试《行测》题（A类）（网友回忆版）,江苏省考,行测,2026-08-08 23:53:16
4651742,https://www.fenbi.com/spa/tiku/#/xingce/report/3675925378,判断推理,,单选题,2025-11-21 08:55:09,B,B,正确,江苏省考,2022,公务员,5,2022年江苏省公务员录用考试《行测》题（A类）（网友回忆版）,江苏省考,行测,2026-08-08 23:53:16
4651703,https://www.fenbi.com/spa/tiku/#/xingce/report/3675925378,判断推理,,单选题,2025-11-21 08:55:09,0,0,正确,江苏省考,2022,公务员,5,2022年江苏省公务员录用考试《行测》题（A类）（网友回忆版）,江苏省考,行测,2026-08-08 23:53:16
4651685,https://www.fenbi.com/spa/tiku/#/xingce/report/3675925378,判断推理,,单选题,2025-11-21 08:55:09,C,B,错误,江苏省考,2022,公务员,5,2022年江苏省公务员录用考试《行测》题（A类）（网友回忆版）,江苏省考,行测,2026-08-08 23:53:16
4651543,https://www.fenbi.com/spa/tiku/#/xingce/report/3675925378,判断推理,,单选题,2025-11-21 08:55:09,B,B,正确,江苏省考,2022,公务员,5,2022年江苏省公务员录用考试《行测》题（A类）（网友回忆版）,江苏省考,行测,2026-08-08 23:53:16
4651547,https://www.fenbi.com/spa/tiku/#/xingce/report/3675925378,判断推理,,单选题,2025-11-21 08:55:09,C,A,错误,江苏省考,2022,公务员,5,2022年江苏省公务员录用考试《行测》题（A类）（网友回忆版）,江苏省考,行测,2026-08-08 23:53:16
4651540,https://www.fenbi.com/spa/tiku/#/xingce/report/3675925378,判断推理,,单选题,2025-11-21 08:55:09,B,0,错误,江苏省考,2022,公务员,5,2022年江苏省公务员录用考试《行测》题（A类）（网友回忆版）,江苏省考,行测,2026-08-08 23:53:16
4651740,https://www.fenbi.com/spa/tiku/#/xingce/report/3675925378,判断推理,,单选题,2025-11-21 08:55:09,A,A,正确,江苏省考,2022,公务员,5,2022年江苏省公务员录用考试《行测》题（A类）（网友回忆版）,江苏省考,行测,2026-08-08 23:53:16
4651546,https://www.fenbi.com/spa/tiku/#/xingce/report/3675925378,判断推理,,单选题,2025-11-21 08:55:09,B,B,正确,江苏省考,2022,公务员,5,2022年江苏省公务员录用考试《行测》题（A类）（网友回忆版）,江苏省考,行测,2026-08-08 23:53:16
4651560,https://www.fenbi.com/spa/tiku/#/xingce/report/3675925378,判断推理,,单选题,2025-11-21 08:55:09,C,B,错误,江苏省考,2022,公务员,5,2022年江苏省公务员录用考试《行测》题（A类）（网友回忆版）,江苏省考,行测,2026-08-08 23:53:16
4651563,https://www.fenbi.com/spa/tiku/#/xingce/report/3675925378,判断推理,,单选题,2025-11-21 08:55:09,A,A,正确,江苏省考,2022,公务员,5,2022年江苏省公务员录用考试《行测》题（A类）（网友回忆版）,江苏省考,行测,2026-08-08 23:53:16
4651553,https://www.fenbi.com/spa/tiku/#/xingce/report/3675925378,判断推理,,单选题,2025-11-21 08:55:09,B,B,正确,江苏省考,2022,公务员,5,2022年江苏省公务员录用考试《行测》题（A类）（网友回忆版）,江苏省考,行测,2026-08-08 23:53:16
4651555,https://www.fenbi.com/spa/tiku/#/xingce/report/3675925378,判断推理,,单选题,2025-11-21 08:55:09,A,0,错误,江苏省考,2022,公务员,5,2022年江苏省公务员录用考试《行测》题（A类）（网友回忆版）,江苏省考,行测,2026-08-08 23:53:16
4651561,https://www.fenbi.com/spa/tiku/#/xingce/report/3675925378,判断推理,,单选题,2025-11-21 08:55:09,C,C,正确,江苏省考,2022,公务员,5,2022年江苏省公务员录用考试《行测》题（A类）（网友回忆版）,江苏省考,行测,2026-08-08 23:53:16
4652519,https://www.fenbi.com/spa/tiku/#/xingce/report/3675925378,判断推理,,单选题,2025-11-21 08:55:09,A,A,正确,江苏省考,2022,公务员,5,2022年江苏省公务员录用考试《行测》题（A类）（网友回忆版）,江苏省考,行测,2026-08-08 23:53:16
4652546,https://www.fenbi.com/spa/tiku/#/xingce/report/3675925378,判断推理,,单选题,2025-11-21 08:55:09,0,0,正确,江苏省考,2022,公务员,5,2022年江苏省公务员录用考试《行测》题（A类）（网友回忆版）,江苏省考,行测,2026-08-08 23:53:16
4651564,https://www.fenbi.com/spa/tiku/#/xingce/report/3675925378,判断推理,,单选题,2025-11-21 08:55:09,B,B,正确,江苏省考,2022,公务员,5,2022年江苏省公务员录用考试《行测》题（A类）（网友回忆版）,江苏省考,行测,2026-08-08 23:53:16
4651549,https://www.fenbi.com/spa/tiku/#/xingce/report/3675925378,判断推理,,单选题,2025-11-21 08:55:09,C,C,正确,江苏省考,2022,公务员,5,2022年江苏省公务员录用考试《行测》题（A类）（网友回忆版）,江苏省考,行测,2026-08-08 23:53:16
4651551,https://www.fenbi.com/spa/tiku/#/xingce/report/3675925378,判断推理,,单选题,2025-11-21 08:55:09,B,B,正确,江苏省考,2022,公务员,5,2022年江苏省公务员录用考试《行测》题（A类）（网友回忆版）,江苏省考,行测,2026-08-08 23:53:16
4651556,https://www.fenbi.com/spa/tiku/#/xingce/report/3675925378,判断推理,,单选题,2025-11-21 08:55:09,B,0,错误,江苏省考,2022,公务员,5,2022年江苏省公务员录用考试《行测》题（A类）（网友回忆版）,江苏省考,行测,2026-08-08 23:53:16
4651559,https://www.fenbi.com/spa/tiku/#/xingce/report/3675925378,判断推理,,单选题,2025-11-21 08:55:09,B,0,错误,江苏省考,2022,公务员,5,2022年江苏省公务员录用考试《行测》题（A类）（网友回忆版）,江苏省考,行测,2026-08-08 23:53:16
4651583,https://www.fenbi.com/spa/tiku/#/xingce/report/3675925378,判断推理,,单选题,2025-11-21 08:55:09,B,C,错误,江苏省考,2022,公务员,5,2022年江苏省公务员录用考试《行测》题（A类）（网友回忆版）,江苏省考,行测,2026-08-08 23:53:16
4651580,https://www.fenbi.com/spa/tiku/#/xingce/report/3675925378,判断推理,,单选题,2025-11-21 08:55:09,C,C,正确,江苏省考,2022,公务员,5,2022年江苏省公务员录用考试《行测》题（A类）（网友回忆版）,江苏省考,行测,2026-08-08 23:53:16
4651577,https://www.fenbi.com/spa/tiku/#/xingce/report/3675925378,判断推理,,单选题,2025-11-21 08:55:09,B,A,错误,江苏省考,2022,公务员,5,2022年江苏省公务员录用考试《行测》题（A类）（网友回忆版）,江苏省考,行测,2026-08-08 23:53:16
4651573,https://www.fenbi.com/spa/tiku/#/xingce/report/3675925378,判断推理,,单选题,2025-11-21 08:55:09,A,B,错误,江苏省考,2022,公务员,5,2022年江苏省公务员录用考试《行测》题（A类）（网友回忆版）,江苏省考,行测,2026-08-08 23:53:16
4651716,https://www.fenbi.com/spa/tiku/#/xingce/report/3675925378,判断推理,,单选题,2025-11-21 08:55:09,A,B,错误,江苏省考,2022,公务员,5,2022年江苏省公务员录用考试《行测》题（A类）（网友回忆版）,江苏省考,行测,2026-08-08 23:53:16
4651545,https://www.fenbi.com/spa/tiku/#/xingce/report/3675925378,判断推理,,单选题,2025-11-21 08:55:09,A,A,正确,江苏省考,2022,公务员,5,2022年江苏省公务员录用考试《行测》题（A类）（网友回忆版）,江苏省考,行测,2026-08-08 23:53:16
4651554,https://www.fenbi.com/spa/tiku/#/xingce/report/3675925378,判断推理,,单选题,2025-11-21 08:55:09,C,B,错误,江苏省考,2022,公务员,5,2022年江苏省公务员录用考试《行测》题（A类）（网友回忆版）,江苏省考,行测,2026-08-08 23:53:16
4651723,https://www.fenbi.com/spa/tiku/#/xingce/report/3675925378,判断推理,,单选题,2025-11-21 08:55:09,C,C,正确,江苏省考,2022,公务员,5,2022年江苏省公务员录用考试《行测》题（A类）（网友回忆版）,江苏省考,行测,2026-08-08 23:53:16
4651464,https://www.fenbi.com/spa/tiku/#/xingce/report/3675925378,资料分析,,单选题,2025-11-21 08:55:09,B,B,正确,江苏省考,2022,公务员,3,2022年江苏省公务员录用考试《行测》题（A类）（网友回忆版）,江苏省考,行测,2026-08-08 23:53:16
4651465,https://www.fenbi.com/spa/tiku/#/xingce/report/3675925378,资料分析,,单选题,2025-11-21 08:55:09,B,C,错误,江苏省考,2022,公务员,3,2022年江苏省公务员录用考试《行测》题（A类）（网友回忆版）,江苏省考,行测,2026-08-08 23:53:16
4651467,https://www.fenbi.com/spa/tiku/#/xingce/report/3675925378,资料分析,,单选题,2025-11-21 08:55:09,A,A,正确,江苏省考,2022,公务员,4,2022年江苏省公务员录用考试《行测》题（A类）（网友回忆版）,江苏省考,行测,2026-08-08 23:53:16
4651486,https://www.fenbi.com/spa/tiku/#/xingce/report/3675925378,资料分析,,单选题,2025-11-21 08:55:09,0,0,正确,江苏省考,2022,公务员,5,2022年江苏省公务员录用考试《行测》题（A类）（网友回忆版）,江苏省考,行测,2026-08-08 23:53:16
4651488,https://www.fenbi.com/spa/tiku/#/xingce/report/3675925378,资料分析,,单选题,2025-11-21 08:55:09,0,0,正确,江苏省考,2022,公务员,5,2022年江苏省公务员录用考试《行测》题（A类）（网友回忆版）,江苏省考,行测,2026-08-08 23:53:16
4651485,https://www.fenbi.com/spa/tiku/#/xingce/report/3675925378,资料分析,,单选题,2025-11-21 08:55:09,C,C,正确,江苏省考,2022,公务员,4,2022年江苏省公务员录用考试《行测》题（A类）（网友回忆版）,江苏省考,行测,2026-08-08 23:53:16
4651487,https://www.fenbi.com/spa/tiku/#/xingce/report/3675925378,资料分析,,单选题,2025-11-21 08:55:09,B,B,正确,江苏省考,2022,公务员,4,2022年江苏省公务员录用考试《行测》题（A类）（网友回忆版）,江苏省考,行测,2026-08-08 23:53:16
4651489,https://www.fenbi.com/spa/tiku/#/xingce/report/3675925378,资料分析,,单选题,2025-11-21 08:55:09,0,0,正确,江苏省考,2022,公务员,4,2022年江苏省公务员录用考试《行测》题（A类）（网友回忆版）,江苏省考,行测,2026-08-08 23:53:16
4651518,https://www.fenbi.com/spa/tiku/#/xingce/report/3675925378,资料分析,,单选题,2025-11-21 08:55:09,C,C,正确,江苏省考,2022,公务员,4,2022年江苏省公务员录用考试《行测》题（A类）（网友回忆版）,江苏省考,行测,2026-08-08 23:53:16
4651522,https://www.fenbi.com/spa/tiku/#/xingce/report/3675925378,资料分析,,单选题,2025-11-21 08:55:09,A,A,正确,江苏省考,2022,公务员,5,2022年江苏省公务员录用考试《行测》题（A类）（网友回忆版）,江苏省考,行测,2026-08-08 23:53:16
4651483,https://www.fenbi.com/spa/tiku/#/xingce/report/3675925378,资料分析,,单选题,2025-11-21 08:55:09,C,C,正确,江苏省考,2022,公务员,4,2022年江苏省公务员录用考试《行测》题（A类）（网友回忆版）,江苏省考,行测,2026-08-08 23:53:16
4651484,https://www.fenbi.com/spa/tiku/#/xingce/report/3675925378,资料分析,,单选题,2025-11-21 08:55:09,B,B,正确,江苏省考,2022,公务员,3,2022年江苏省公务员录用考试《行测》题（A类）（网友回忆版）,江苏省考,行测,2026-08-08 23:53:16
4651491,https://www.fenbi.com/spa/tiku/#/xingce/report/3675925378,资料分析,,单选题,2025-11-21 08:55:09,0,0,正确,江苏省考,2022,公务员,4,2022年江苏省公务员录用考试《行测》题（A类）（网友回忆版）,江苏省考,行测,2026-08-08 23:53:16
4651493,https://www.fenbi.com/spa/tiku/#/xingce/report/3675925378,资料分析,,单选题,2025-11-21 08:55:09,A,A,正确,江苏省考,2022,公务员,5,2022年江苏省公务员录用考试《行测》题（A类）（网友回忆版）,江苏省考,行测,2026-08-08 23:53:16
4651494,https://www.fenbi.com/spa/tiku/#/xingce/report/3675925378,资料分析,,单选题,2025-11-21 08:55:09,C,C,正确,江苏省考,2022,公务员,4,2022年江苏省公务员录用考试《行测》题（A类）（网友回忆版）,江苏省考,行测,2026-08-08 23:53:16
4651470,https://www.fenbi.com/spa/tiku/#/xingce/report/3675925378,资料分析,,单选题,2025-11-21 08:55:09,B,B,正确,江苏省考,2022,公务员,3,2022年江苏省公务员录用考试《行测》题（A类）（网友回忆版）,江苏省考,行测,2026-08-08 23:53:16
4651472,https://www.fenbi.com/spa/tiku/#/xingce/report/3675925378,资料分析,,单选题,2025-11-21 08:55:09,A,A,正确,江苏省考,2022,公务员,5,2022年江苏省公务员录用考试《行测》题（A类）（网友回忆版）,江苏省考,行测,2026-08-08 23:53:16
4651475,https://www.fenbi.com/spa/tiku/#/xingce/report/3675925378,资料分析,,单选题,2025-11-21 08:55:09,B,0,错误,江苏省考,2022,公务员,4,2022年江苏省公务员录用考试《行测》题（A类）（网友回忆版）,江苏省考,行测,2026-08-08 23:53:16
4651477,https://www.fenbi.com/spa/tiku/#/xingce/report/3675925378,资料分析,,单选题,2025-11-21 08:55:09,0,0,正确,江苏省考,2022,公务员,4,2022年江苏省公务员录用考试《行测》题（A类）（网友回忆版）,江苏省考,行测,2026-08-08 23:53:16
4651479,https://www.fenbi.com/spa/tiku/#/xingce/report/3675925378,资料分析,,单选题,2025-11-21 08:55:09,B,B,正确,江苏省考,2022,公务员,5,2022年江苏省公务员录用考试《行测》题（A类）（网友回忆版）,江苏省考,行测,2026-08-08 23:53:16
11485335,https://www.fenbi.com/spa/tiku/#/xingce/report/3672543568,政治理论,,单选题,2025-11-20 09:33:43,A,0,错误,模考,,公务员,7,2025下半年省考第二十六季行测模考大赛（江苏A卷）,模考,行测,2026-08-08 23:53:16
11485336,https://www.fenbi.com/spa/tiku/#/xingce/report/3672543568,政治理论,,单选题,2025-11-20 09:33:43,A,0,错误,模考,,公务员,5,2025下半年省考第二十六季行测模考大赛（江苏A卷）,模考,行测,2026-08-08 23:53:16
11485338,https://www.fenbi.com/spa/tiku/#/xingce/report/3672543568,政治理论,,单选题,2025-11-20 09:33:43,A,C,错误,模考,,公务员,4,2025下半年省考第二十六季行测模考大赛（江苏A卷）,模考,行测,2026-08-08 23:53:16
11485339,https://www.fenbi.com/spa/tiku/#/xingce/report/3672543568,政治理论,,单选题,2025-11-20 09:33:43,A,0,错误,模考,,公务员,7,2025下半年省考第二十六季行测模考大赛（江苏A卷）,模考,行测,2026-08-08 23:53:16
11485340,https://www.fenbi.com/spa/tiku/#/xingce/report/3672543568,政治理论,,单选题,2025-11-20 09:33:43,A,C,错误,模考,,公务员,7,2025下半年省考第二十六季行测模考大赛（江苏A卷）,模考,行测,2026-08-08 23:53:16
11485342,https://www.fenbi.com/spa/tiku/#/xingce/report/3672543568,政治理论,,单选题,2025-11-20 09:33:43,A,C,错误,模考,,公务员,6,2025下半年省考第二十六季行测模考大赛（江苏A卷）,模考,行测,2026-08-08 23:53:16
11485343,https://www.fenbi.com/spa/tiku/#/xingce/report/3672543568,政治理论,,单选题,2025-11-20 09:33:43,A,A,正确,模考,,公务员,7,2025下半年省考第二十六季行测模考大赛（江苏A卷）,模考,行测,2026-08-08 23:53:16
11485345,https://www.fenbi.com/spa/tiku/#/xingce/report/3672543568,政治理论,,单选题,2025-11-20 09:33:43,A,C,错误,模考,,公务员,7,2025下半年省考第二十六季行测模考大赛（江苏A卷）,模考,行测,2026-08-08 23:53:16
11485346,https://www.fenbi.com/spa/tiku/#/xingce/report/3672543568,政治理论,,单选题,2025-11-20 09:33:43,A,0,错误,模考,,公务员,6,2025下半年省考第二十六季行测模考大赛（江苏A卷）,模考,行测,2026-08-08 23:53:16
11485363,https://www.fenbi.com/spa/tiku/#/xingce/report/3672543568,政治理论,,单选题,2025-11-20 09:33:43,A,A,正确,模考,,公务员,5,2025下半年省考第二十六季行测模考大赛（江苏A卷）,模考,行测,2026-08-08 23:53:16
11485365,https://www.fenbi.com/spa/tiku/#/xingce/report/3672543568,常识判断,,单选题,2025-11-20 09:33:43,A,B,错误,模考,,公务员,6,2025下半年省考第二十六季行测模考大赛（江苏A卷）,模考,行测,2026-08-08 23:53:16
11485366,https://www.fenbi.com/spa/tiku/#/xingce/report/3672543568,常识判断,,单选题,2025-11-20 09:33:43,A,A,正确,模考,,公务员,7,2025下半年省考第二十六季行测模考大赛（江苏A卷）,模考,行测,2026-08-08 23:53:16
11485367,https://www.fenbi.com/spa/tiku/#/xingce/report/3672543568,常识判断,,单选题,2025-11-20 09:33:43,A,B,错误,模考,,公务员,3,2025下半年省考第二十六季行测模考大赛（江苏A卷）,模考,行测,2026-08-08 23:53:16
11485369,https://www.fenbi.com/spa/tiku/#/xingce/report/3672543568,常识判断,,单选题,2025-11-20 09:33:43,A,A,正确,模考,,公务员,7,2025下半年省考第二十六季行测模考大赛（江苏A卷）,模考,行测,2026-08-08 23:53:16
11485389,https://www.fenbi.com/spa/tiku/#/xingce/report/3672543568,常识判断,,单选题,2025-11-20 09:33:43,A,C,错误,模考,,公务员,6,2025下半年省考第二十六季行测模考大赛（江苏A卷）,模考,行测,2026-08-08 23:53:16
11485394,https://www.fenbi.com/spa/tiku/#/xingce/report/3672543568,常识判断,,单选题,2025-11-20 09:33:43,A,B,错误,模考,,公务员,6,2025下半年省考第二十六季行测模考大赛（江苏A卷）,模考,行测,2026-08-08 23:53:16
11485395,https://www.fenbi.com/spa/tiku/#/xingce/report/3672543568,常识判断,,单选题,2025-11-20 09:33:43,A,B,错误,模考,,公务员,4,2025下半年省考第二十六季行测模考大赛（江苏A卷）,模考,行测,2026-08-08 23:53:16
11485397,https://www.fenbi.com/spa/tiku/#/xingce/report/3672543568,常识判断,,单选题,2025-11-20 09:33:43,A,0,错误,模考,,公务员,6,2025下半年省考第二十六季行测模考大赛（江苏A卷）,模考,行测,2026-08-08 23:53:16
11485398,https://www.fenbi.com/spa/tiku/#/xingce/report/3672543568,常识判断,,单选题,2025-11-20 09:33:43,A,A,正确,模考,,公务员,4,2025下半年省考第二十六季行测模考大赛（江苏A卷）,模考,行测,2026-08-08 23:53:16
11485400,https://www.fenbi.com/spa/tiku/#/xingce/report/3672543568,常识判断,,单选题,2025-11-20 09:33:43,A,C,错误,模考,,公务员,6,2025下半年省考第二十六季行测模考大赛（江苏A卷）,模考,行测,2026-08-08 23:53:16
11484794,https://www.fenbi.com/spa/tiku/#/xingce/report/3672543568,言语理解与表达,,单选题,2025-11-20 09:33:43,C,C,正确,模考,,公务员,3,2025下半年省考第二十六季行测模考大赛（江苏A卷）,模考,行测,2026-08-08 23:53:16
15463999,https://www.fenbi.com/spa/tiku/#/xingce/report/3672543568,言语理解与表达,,单选题,2025-11-20 09:33:43,0,0,正确,模考,,公务员,7,2025下半年省考第二十六季行测模考大赛（江苏A卷）,模考,行测,2026-08-08 23:53:16
11484795,https://www.fenbi.com/spa/tiku/#/xingce/report/3672543568,言语理解与表达,,单选题,2025-11-20 09:33:43,A,A,正确,模考,,公务员,4,2025下半年省考第二十六季行测模考大赛（江苏A卷）,模考,行测,2026-08-08 23:53:16
11484798,https://www.fenbi.com/spa/tiku/#/xingce/report/3672543568,言语理解与表达,,单选题,2025-11-20 09:33:43,B,B,正确,模考,,公务员,6,2025下半年省考第二十六季行测模考大赛（江苏A卷）,模考,行测,2026-08-08 23:53:16
11484800,https://www.fenbi.com/spa/tiku/#/xingce/report/3672543568,言语理解与表达,,单选题,2025-11-20 09:33:43,0,0,正确,模考,,公务员,3,2025下半年省考第二十六季行测模考大赛（江苏A卷）,模考,行测,2026-08-08 23:53:16
11484803,https://www.fenbi.com/spa/tiku/#/xingce/report/3672543568,言语理解与表达,,单选题,2025-11-20 09:33:43,C,C,正确,模考,,公务员,4,2025下半年省考第二十六季行测模考大赛（江苏A卷）,模考,行测,2026-08-08 23:53:16
11484805,https://www.fenbi.com/spa/tiku/#/xingce/report/3672543568,言语理解与表达,,单选题,2025-11-20 09:33:43,A,0,错误,模考,,公务员,6,2025下半年省考第二十六季行测模考大赛（江苏A卷）,模考,行测,2026-08-08 23:53:16
11484809,https://www.fenbi.com/spa/tiku/#/xingce/report/3672543568,言语理解与表达,,单选题,2025-11-20 09:33:43,B,B,正确,模考,,公务员,3,2025下半年省考第二十六季行测模考大赛（江苏A卷）,模考,行测,2026-08-08 23:53:16
11484815,https://www.fenbi.com/spa/tiku/#/xingce/report/3672543568,言语理解与表达,,单选题,2025-11-20 09:33:43,A,A,正确,模考,,公务员,4,2025下半年省考第二十六季行测模考大赛（江苏A卷）,模考,行测,2026-08-08 23:53:16
11484817,https://www.fenbi.com/spa/tiku/#/xingce/report/3672543568,言语理解与表达,,单选题,2025-11-20 09:33:43,A,A,正确,模考,,公务员,3,2025下半年省考第二十六季行测模考大赛（江苏A卷）,模考,行测,2026-08-08 23:53:16
11484818,https://www.fenbi.com/spa/tiku/#/xingce/report/3672543568,言语理解与表达,,单选题,2025-11-20 09:33:43,B,B,正确,模考,,公务员,6,2025下半年省考第二十六季行测模考大赛（江苏A卷）,模考,行测,2026-08-08 23:53:16
11484821,https://www.fenbi.com/spa/tiku/#/xingce/report/3672543568,言语理解与表达,,单选题,2025-11-20 09:33:43,B,B,正确,模考,,公务员,6,2025下半年省考第二十六季行测模考大赛（江苏A卷）,模考,行测,2026-08-08 23:53:16
11484822,https://www.fenbi.com/spa/tiku/#/xingce/report/3672543568,言语理解与表达,,单选题,2025-11-20 09:33:43,B,B,正确,模考,,公务员,4,2025下半年省考第二十六季行测模考大赛（江苏A卷）,模考,行测,2026-08-08 23:53:16
15464008,https://www.fenbi.com/spa/tiku/#/xingce/report/3672543568,言语理解与表达,,单选题,2025-11-20 09:33:43,0,0,正确,模考,,公务员,4,2025下半年省考第二十六季行测模考大赛（江苏A卷）,模考,行测,2026-08-08 23:53:16
15463996,https://www.fenbi.com/spa/tiku/#/xingce/report/3672543568,言语理解与表达,,单选题,2025-11-20 09:33:43,A,B,错误,模考,,公务员,4,2025下半年省考第二十六季行测模考大赛（江苏A卷）,模考,行测,2026-08-08 23:53:16
11484777,https://www.fenbi.com/spa/tiku/#/xingce/report/3672543568,言语理解与表达,,单选题,2025-11-20 09:33:43,0,0,正确,模考,,公务员,4,2025下半年省考第二十六季行测模考大赛（江苏A卷）,模考,行测,2026-08-08 23:53:16
11484779,https://www.fenbi.com/spa/tiku/#/xingce/report/3672543568,言语理解与表达,,单选题,2025-11-20 09:33:43,C,C,正确,模考,,公务员,3,2025下半年省考第二十六季行测模考大赛（江苏A卷）,模考,行测,2026-08-08 23:53:16
11484780,https://www.fenbi.com/spa/tiku/#/xingce/report/3672543568,言语理解与表达,,单选题,2025-11-20 09:33:43,A,A,正确,模考,,公务员,4,2025下半年省考第二十六季行测模考大赛（江苏A卷）,模考,行测,2026-08-08 23:53:16
11484781,https://www.fenbi.com/spa/tiku/#/xingce/report/3672543568,言语理解与表达,,单选题,2025-11-20 09:33:43,0,0,正确,模考,,公务员,4,2025下半年省考第二十六季行测模考大赛（江苏A卷）,模考,行测,2026-08-08 23:53:16
11484782,https://www.fenbi.com/spa/tiku/#/xingce/report/3672543568,言语理解与表达,,单选题,2025-11-20 09:33:43,C,C,正确,模考,,公务员,5,2025下半年省考第二十六季行测模考大赛（江苏A卷）,模考,行测,2026-08-08 23:53:16
11484786,https://www.fenbi.com/spa/tiku/#/xingce/report/3672543568,言语理解与表达,,单选题,2025-11-20 09:33:43,B,B,正确,模考,,公务员,4,2025下半年省考第二十六季行测模考大赛（江苏A卷）,模考,行测,2026-08-08 23:53:16
11484790,https://www.fenbi.com/spa/tiku/#/xingce/report/3672543568,言语理解与表达,,单选题,2025-11-20 09:33:43,0,0,正确,模考,,公务员,3,2025下半年省考第二十六季行测模考大赛（江苏A卷）,模考,行测,2026-08-08 23:53:16
11484791,https://www.fenbi.com/spa/tiku/#/xingce/report/3672543568,言语理解与表达,,单选题,2025-11-20 09:33:43,B,B,正确,模考,,公务员,3,2025下半年省考第二十六季行测模考大赛（江苏A卷）,模考,行测,2026-08-08 23:53:16
11484792,https://www.fenbi.com/spa/tiku/#/xingce/report/3672543568,言语理解与表达,,单选题,2025-11-20 09:33:43,B,A,错误,模考,,公务员,5,2025下半年省考第二十六季行测模考大赛（江苏A卷）,模考,行测,2026-08-08 23:53:16
11484793,https://www.fenbi.com/spa/tiku/#/xingce/report/3672543568,言语理解与表达,,单选题,2025-11-20 09:33:43,B,B,正确,模考,,公务员,4,2025下半年省考第二十六季行测模考大赛（江苏A卷）,模考,行测,2026-08-08 23:53:16
11485132,https://www.fenbi.com/spa/tiku/#/xingce/report/3672543568,言语理解与表达,,单选题,2025-11-20 09:33:43,A,A,正确,模考,,公务员,7,2025下半年省考第二十六季行测模考大赛（江苏A卷）,模考,行测,2026-08-08 23:53:16
11485133,https://www.fenbi.com/spa/tiku/#/xingce/report/3672543568,言语理解与表达,,单选题,2025-11-20 09:33:43,A,A,正确,模考,,公务员,5,2025下半年省考第二十六季行测模考大赛（江苏A卷）,模考,行测,2026-08-08 23:53:16
11485134,https://www.fenbi.com/spa/tiku/#/xingce/report/3672543568,言语理解与表达,,单选题,2025-11-20 09:33:43,0,C,错误,模考,,公务员,4,2025下半年省考第二十六季行测模考大赛（江苏A卷）,模考,行测,2026-08-08 23:53:16
11485135,https://www.fenbi.com/spa/tiku/#/xingce/report/3672543568,言语理解与表达,,单选题,2025-11-20 09:33:43,A,A,正确,模考,,公务员,4,2025下半年省考第二十六季行测模考大赛（江苏A卷）,模考,行测,2026-08-08 23:53:16
11485137,https://www.fenbi.com/spa/tiku/#/xingce/report/3672543568,言语理解与表达,,单选题,2025-11-20 09:33:43,0,A,错误,模考,,公务员,7,2025下半年省考第二十六季行测模考大赛（江苏A卷）,模考,行测,2026-08-08 23:53:16
17619294,https://www.fenbi.com/spa/tiku/#/xingce/report/3672543568,数量关系,,单选题,2025-11-20 09:33:43,B,A,错误,模考,,公务员,4,2025下半年省考第二十六季行测模考大赛（江苏A卷）,模考,行测,2026-08-08 23:53:16
17619297,https://www.fenbi.com/spa/tiku/#/xingce/report/3672543568,数量关系,,单选题,2025-11-20 09:33:43,B,B,正确,模考,,公务员,6,2025下半年省考第二十六季行测模考大赛（江苏A卷）,模考,行测,2026-08-08 23:53:16
17619299,https://www.fenbi.com/spa/tiku/#/xingce/report/3672543568,数量关系,,单选题,2025-11-20 09:33:43,B,0,错误,模考,,公务员,6,2025下半年省考第二十六季行测模考大赛（江苏A卷）,模考,行测,2026-08-08 23:53:16
17619300,https://www.fenbi.com/spa/tiku/#/xingce/report/3672543568,数量关系,,单选题,2025-11-20 09:33:43,B,C,错误,模考,,公务员,7,2025下半年省考第二十六季行测模考大赛（江苏A卷）,模考,行测,2026-08-08 23:53:16
17619301,https://www.fenbi.com/spa/tiku/#/xingce/report/3672543568,数量关系,,单选题,2025-11-20 09:33:43,B,0,错误,模考,,公务员,6,2025下半年省考第二十六季行测模考大赛（江苏A卷）,模考,行测,2026-08-08 23:53:16
13534915,https://www.fenbi.com/spa/tiku/#/xingce/report/3672543568,数量关系,,单选题,2025-11-20 09:33:43,C,C,正确,模考,,公务员,7,2025下半年省考第二十六季行测模考大赛（江苏A卷）,模考,行测,2026-08-08 23:53:16
13534916,https://www.fenbi.com/spa/tiku/#/xingce/report/3672543568,数量关系,,单选题,2025-11-20 09:33:43,B,B,正确,模考,,公务员,4,2025下半年省考第二十六季行测模考大赛（江苏A卷）,模考,行测,2026-08-08 23:53:16
13534917,https://www.fenbi.com/spa/tiku/#/xingce/report/3672543568,数量关系,,单选题,2025-11-20 09:33:43,C,A,错误,模考,,公务员,7,2025下半年省考第二十六季行测模考大赛（江苏A卷）,模考,行测,2026-08-08 23:53:16
13534918,https://www.fenbi.com/spa/tiku/#/xingce/report/3672543568,数量关系,,单选题,2025-11-20 09:33:43,0,C,错误,模考,,公务员,7,2025下半年省考第二十六季行测模考大赛（江苏A卷）,模考,行测,2026-08-08 23:53:16
13534919,https://www.fenbi.com/spa/tiku/#/xingce/report/3672543568,数量关系,,单选题,2025-11-20 09:33:43,B,A,错误,模考,,公务员,6,2025下半年省考第二十六季行测模考大赛（江苏A卷）,模考,行测,2026-08-08 23:53:16
13534920,https://www.fenbi.com/spa/tiku/#/xingce/report/3672543568,数量关系,,单选题,2025-11-20 09:33:43,B,0,错误,模考,,公务员,7,2025下半年省考第二十六季行测模考大赛（江苏A卷）,模考,行测,2026-08-08 23:53:16
13534921,https://www.fenbi.com/spa/tiku/#/xingce/report/3672543568,数量关系,,单选题,2025-11-20 09:33:43,B,A,错误,模考,,公务员,6,2025下半年省考第二十六季行测模考大赛（江苏A卷）,模考,行测,2026-08-08 23:53:16
13534922,https://www.fenbi.com/spa/tiku/#/xingce/report/3672543568,数量关系,,单选题,2025-11-20 09:33:43,B,A,错误,模考,,公务员,6,2025下半年省考第二十六季行测模考大赛（江苏A卷）,模考,行测,2026-08-08 23:53:16
13534923,https://www.fenbi.com/spa/tiku/#/xingce/report/3672543568,数量关系,,单选题,2025-11-20 09:33:43,B,A,错误,模考,,公务员,6,2025下半年省考第二十六季行测模考大赛（江苏A卷）,模考,行测,2026-08-08 23:53:16
13534924,https://www.fenbi.com/spa/tiku/#/xingce/report/3672543568,数量关系,,单选题,2025-11-20 09:33:43,B,A,错误,模考,,公务员,6,2025下半年省考第二十六季行测模考大赛（江苏A卷）,模考,行测,2026-08-08 23:53:16
13534925,https://www.fenbi.com/spa/tiku/#/xingce/report/3672543568,数量关系,,单选题,2025-11-20 09:33:43,B,A,错误,模考,,公务员,7,2025下半年省考第二十六季行测模考大赛（江苏A卷）,模考,行测,2026-08-08 23:53:16
13534926,https://www.fenbi.com/spa/tiku/#/xingce/report/3672543568,数量关系,,单选题,2025-11-20 09:33:43,B,A,错误,模考,,公务员,7,2025下半年省考第二十六季行测模考大赛（江苏A卷）,模考,行测,2026-08-08 23:53:16
13534927,https://www.fenbi.com/spa/tiku/#/xingce/report/3672543568,数量关系,,单选题,2025-11-20 09:33:43,B,B,正确,模考,,公务员,6,2025下半年省考第二十六季行测模考大赛（江苏A卷）,模考,行测,2026-08-08 23:53:16
13534928,https://www.fenbi.com/spa/tiku/#/xingce/report/3672543568,数量关系,,单选题,2025-11-20 09:33:43,B,0,错误,模考,,公务员,7,2025下半年省考第二十六季行测模考大赛（江苏A卷）,模考,行测,2026-08-08 23:53:16
13534929,https://www.fenbi.com/spa/tiku/#/xingce/report/3672543568,数量关系,,单选题,2025-11-20 09:33:43,B,A,错误,模考,,公务员,7,2025下半年省考第二十六季行测模考大赛（江苏A卷）,模考,行测,2026-08-08 23:53:16
15464180,https://www.fenbi.com/spa/tiku/#/xingce/report/3672543568,判断推理,,单选题,2025-11-20 09:33:43,A,A,正确,模考,,公务员,3,2025下半年省考第二十六季行测模考大赛（江苏A卷）,模考,行测,2026-08-08 23:53:16
15464181,https://www.fenbi.com/spa/tiku/#/xingce/report/3672543568,判断推理,,单选题,2025-11-20 09:33:43,A,C,错误,模考,,公务员,7,2025下半年省考第二十六季行测模考大赛（江苏A卷）,模考,行测,2026-08-08 23:53:16
13852987,https://www.fenbi.com/spa/tiku/#/xingce/report/3672543568,判断推理,,单选题,2025-11-20 09:33:43,B,B,正确,模考,,公务员,4,2025下半年省考第二十六季行测模考大赛（江苏A卷）,模考,行测,2026-08-08 23:53:16
13853003,https://www.fenbi.com/spa/tiku/#/xingce/report/3672543568,判断推理,,单选题,2025-11-20 09:33:43,C,B,错误,模考,,公务员,4,2025下半年省考第二十六季行测模考大赛（江苏A卷）,模考,行测,2026-08-08 23:53:16
15464184,https://www.fenbi.com/spa/tiku/#/xingce/report/3672543568,判断推理,,单选题,2025-11-20 09:33:43,C,C,正确,模考,,公务员,5,2025下半年省考第二十六季行测模考大赛（江苏A卷）,模考,行测,2026-08-08 23:53:16
15464187,https://www.fenbi.com/spa/tiku/#/xingce/report/3672543568,判断推理,,单选题,2025-11-20 09:33:43,B,B,正确,模考,,公务员,3,2025下半年省考第二十六季行测模考大赛（江苏A卷）,模考,行测,2026-08-08 23:53:16
13852989,https://www.fenbi.com/spa/tiku/#/xingce/report/3672543568,判断推理,,单选题,2025-11-20 09:33:43,B,B,正确,模考,,公务员,6,2025下半年省考第二十六季行测模考大赛（江苏A卷）,模考,行测,2026-08-08 23:53:16
13853004,https://www.fenbi.com/spa/tiku/#/xingce/report/3672543568,判断推理,,单选题,2025-11-20 09:33:43,0,0,正确,模考,,公务员,3,2025下半年省考第二十六季行测模考大赛（江苏A卷）,模考,行测,2026-08-08 23:53:16
15464189,https://www.fenbi.com/spa/tiku/#/xingce/report/3672543568,判断推理,,单选题,2025-11-20 09:33:43,C,0,错误,模考,,公务员,4,2025下半年省考第二十六季行测模考大赛（江苏A卷）,模考,行测,2026-08-08 23:53:16
13852991,https://www.fenbi.com/spa/tiku/#/xingce/report/3672543568,判断推理,,单选题,2025-11-20 09:33:43,A,A,正确,模考,,公务员,6,2025下半年省考第二十六季行测模考大赛（江苏A卷）,模考,行测,2026-08-08 23:53:16
15464131,https://www.fenbi.com/spa/tiku/#/xingce/report/3672543568,判断推理,,单选题,2025-11-20 09:33:43,0,0,正确,模考,,公务员,3,2025下半年省考第二十六季行测模考大赛（江苏A卷）,模考,行测,2026-08-08 23:53:16
15464134,https://www.fenbi.com/spa/tiku/#/xingce/report/3672543568,判断推理,,单选题,2025-11-20 09:33:43,A,A,正确,模考,,公务员,4,2025下半年省考第二十六季行测模考大赛（江苏A卷）,模考,行测,2026-08-08 23:53:16
15464135,https://www.fenbi.com/spa/tiku/#/xingce/report/3672543568,判断推理,,单选题,2025-11-20 09:33:43,B,0,错误,模考,,公务员,6,2025下半年省考第二十六季行测模考大赛（江苏A卷）,模考,行测,2026-08-08 23:53:16
15464137,https://www.fenbi.com/spa/tiku/#/xingce/report/3672543568,判断推理,,单选题,2025-11-20 09:33:43,B,B,正确,模考,,公务员,3,2025下半年省考第二十六季行测模考大赛（江苏A卷）,模考,行测,2026-08-08 23:53:16
18898910,https://www.fenbi.com/spa/tiku/#/xingce/report/3672543568,判断推理,,单选题,2025-11-20 09:33:43,B,B,正确,模考,,公务员,4,2025下半年省考第二十六季行测模考大赛（江苏A卷）,模考,行测,2026-08-08 23:53:16
18898912,https://www.fenbi.com/spa/tiku/#/xingce/report/3672543568,判断推理,,单选题,2025-11-20 09:33:43,B,0,错误,模考,,公务员,5,2025下半年省考第二十六季行测模考大赛（江苏A卷）,模考,行测,2026-08-08 23:53:16
18898915,https://www.fenbi.com/spa/tiku/#/xingce/report/3672543568,判断推理,,单选题,2025-11-20 09:33:43,A,A,正确,模考,,公务员,4,2025下半年省考第二十六季行测模考大赛（江苏A卷）,模考,行测,2026-08-08 23:53:16
18898918,https://www.fenbi.com/spa/tiku/#/xingce/report/3672543568,判断推理,,单选题,2025-11-20 09:33:43,A,A,正确,模考,,公务员,4,2025下半年省考第二十六季行测模考大赛（江苏A卷）,模考,行测,2026-08-08 23:53:16
18898921,https://www.fenbi.com/spa/tiku/#/xingce/report/3672543568,判断推理,,单选题,2025-11-20 09:33:43,C,C,正确,模考,,公务员,4,2025下半年省考第二十六季行测模考大赛（江苏A卷）,模考,行测,2026-08-08 23:53:16
18898924,https://www.fenbi.com/spa/tiku/#/xingce/report/3672543568,判断推理,,单选题,2025-11-20 09:33:43,C,B,错误,模考,,公务员,4,2025下半年省考第二十六季行测模考大赛（江苏A卷）,模考,行测,2026-08-08 23:53:16
15464194,https://www.fenbi.com/spa/tiku/#/xingce/report/3672543568,判断推理,,单选题,2025-11-20 09:33:43,A,0,错误,模考,,公务员,7,2025下半年省考第二十六季行测模考大赛（江苏A卷）,模考,行测,2026-08-08 23:53:16
15464197,https://www.fenbi.com/spa/tiku/#/xingce/report/3672543568,判断推理,,单选题,2025-11-20 09:33:43,A,A,正确,模考,,公务员,3,2025下半年省考第二十六季行测模考大赛（江苏A卷）,模考,行测,2026-08-08 23:53:16
15464199,https://www.fenbi.com/spa/tiku/#/xingce/report/3672543568,判断推理,,单选题,2025-11-20 09:33:43,C,C,正确,模考,,公务员,4,2025下半年省考第二十六季行测模考大赛（江苏A卷）,模考,行测,2026-08-08 23:53:16
13853007,https://www.fenbi.com/spa/tiku/#/xingce/report/3672543568,判断推理,,单选题,2025-11-20 09:33:43,A,A,正确,模考,,公务员,4,2025下半年省考第二十六季行测模考大赛（江苏A卷）,模考,行测,2026-08-08 23:53:16
13853009,https://www.fenbi.com/spa/tiku/#/xingce/report/3672543568,判断推理,,单选题,2025-11-20 09:33:43,A,A,正确,模考,,公务员,3,2025下半年省考第二十六季行测模考大赛（江苏A卷）,模考,行测,2026-08-08 23:53:16
13853012,https://www.fenbi.com/spa/tiku/#/xingce/report/3672543568,判断推理,,单选题,2025-11-20 09:33:43,B,B,正确,模考,,公务员,4,2025下半年省考第二十六季行测模考大赛（江苏A卷）,模考,行测,2026-08-08 23:53:16
13853014,https://www.fenbi.com/spa/tiku/#/xingce/report/3672543568,判断推理,,单选题,2025-11-20 09:33:43,0,A,错误,模考,,公务员,3,2025下半年省考第二十六季行测模考大赛（江苏A卷）,模考,行测,2026-08-08 23:53:16
13853015,https://www.fenbi.com/spa/tiku/#/xingce/report/3672543568,判断推理,,单选题,2025-11-20 09:33:43,B,B,正确,模考,,公务员,4,2025下半年省考第二十六季行测模考大赛（江苏A卷）,模考,行测,2026-08-08 23:53:16
15464202,https://www.fenbi.com/spa/tiku/#/xingce/report/3672543568,判断推理,,单选题,2025-11-20 09:33:43,B,C,错误,模考,,公务员,5,2025下半年省考第二十六季行测模考大赛（江苏A卷）,模考,行测,2026-08-08 23:53:16
15464203,https://www.fenbi.com/spa/tiku/#/xingce/report/3672543568,判断推理,,单选题,2025-11-20 09:33:43,B,A,错误,模考,,公务员,4,2025下半年省考第二十六季行测模考大赛（江苏A卷）,模考,行测,2026-08-08 23:53:16
18899033,https://www.fenbi.com/spa/tiku/#/xingce/report/3672543568,判断推理,,单选题,2025-11-20 09:33:43,B,0,错误,模考,,公务员,6,2025下半年省考第二十六季行测模考大赛（江苏A卷）,模考,行测,2026-08-08 23:53:16
18899036,https://www.fenbi.com/spa/tiku/#/xingce/report/3672543568,判断推理,,单选题,2025-11-20 09:33:43,0,B,错误,模考,,公务员,4,2025下半年省考第二十六季行测模考大赛（江苏A卷）,模考,行测,2026-08-08 23:53:16
18898927,https://www.fenbi.com/spa/tiku/#/xingce/report/3672543568,判断推理,,单选题,2025-11-20 09:33:43,B,A,错误,模考,,公务员,6,2025下半年省考第二十六季行测模考大赛（江苏A卷）,模考,行测,2026-08-08 23:53:16
18898930,https://www.fenbi.com/spa/tiku/#/xingce/report/3672543568,判断推理,,单选题,2025-11-20 09:33:43,B,0,错误,模考,,公务员,7,2025下半年省考第二十六季行测模考大赛（江苏A卷）,模考,行测,2026-08-08 23:53:16
18898934,https://www.fenbi.com/spa/tiku/#/xingce/report/3672543568,判断推理,,单选题,2025-11-20 09:33:43,B,B,正确,模考,,公务员,6,2025下半年省考第二十六季行测模考大赛（江苏A卷）,模考,行测,2026-08-08 23:53:16
15464154,https://www.fenbi.com/spa/tiku/#/xingce/report/3672543568,判断推理,,单选题,2025-11-20 09:33:43,B,B,正确,模考,,公务员,3,2025下半年省考第二十六季行测模考大赛（江苏A卷）,模考,行测,2026-08-08 23:53:16
15464157,https://www.fenbi.com/spa/tiku/#/xingce/report/3672543568,判断推理,,单选题,2025-11-20 09:33:43,C,C,正确,模考,,公务员,4,2025下半年省考第二十六季行测模考大赛（江苏A卷）,模考,行测,2026-08-08 23:53:16
15464165,https://www.fenbi.com/spa/tiku/#/xingce/report/3672543568,判断推理,,单选题,2025-11-20 09:33:43,A,A,正确,模考,,公务员,3,2025下半年省考第二十六季行测模考大赛（江苏A卷）,模考,行测,2026-08-08 23:53:16
15464168,https://www.fenbi.com/spa/tiku/#/xingce/report/3672543568,判断推理,,单选题,2025-11-20 09:33:43,A,A,正确,模考,,公务员,4,2025下半年省考第二十六季行测模考大赛（江苏A卷）,模考,行测,2026-08-08 23:53:16
15464170,https://www.fenbi.com/spa/tiku/#/xingce/report/3672543568,判断推理,,单选题,2025-11-20 09:33:43,B,B,正确,模考,,公务员,3,2025下半年省考第二十六季行测模考大赛（江苏A卷）,模考,行测,2026-08-08 23:53:16
15464173,https://www.fenbi.com/spa/tiku/#/xingce/report/3672543568,判断推理,,单选题,2025-11-20 09:33:43,B,B,正确,模考,,公务员,3,2025下半年省考第二十六季行测模考大赛（江苏A卷）,模考,行测,2026-08-08 23:53:16
15464178,https://www.fenbi.com/spa/tiku/#/xingce/report/3672543568,判断推理,,单选题,2025-11-20 09:33:43,A,A,正确,模考,,公务员,4,2025下半年省考第二十六季行测模考大赛（江苏A卷）,模考,行测,2026-08-08 23:53:16
18899009,https://www.fenbi.com/spa/tiku/#/xingce/report/3672543568,判断推理,,单选题,2025-11-20 09:33:43,C,C,正确,模考,,公务员,4,2025下半年省考第二十六季行测模考大赛（江苏A卷）,模考,行测,2026-08-08 23:53:16
18899010,https://www.fenbi.com/spa/tiku/#/xingce/report/3672543568,判断推理,,单选题,2025-11-20 09:33:43,C,C,正确,模考,,公务员,3,2025下半年省考第二十六季行测模考大赛（江苏A卷）,模考,行测,2026-08-08 23:53:16
18899012,https://www.fenbi.com/spa/tiku/#/xingce/report/3672543568,判断推理,,单选题,2025-11-20 09:33:43,B,B,正确,模考,,公务员,3,2025下半年省考第二十六季行测模考大赛（江苏A卷）,模考,行测,2026-08-08 23:53:16
13534895,https://www.fenbi.com/spa/tiku/#/xingce/report/3672543568,资料分析,,单选题,2025-11-20 09:33:43,A,A,正确,模考,,公务员,3,2025下半年省考第二十六季行测模考大赛（江苏A卷）,模考,行测,2026-08-08 23:53:16
13534896,https://www.fenbi.com/spa/tiku/#/xingce/report/3672543568,资料分析,,单选题,2025-11-20 09:33:43,B,B,正确,模考,,公务员,4,2025下半年省考第二十六季行测模考大赛（江苏A卷）,模考,行测,2026-08-08 23:53:16
13534897,https://www.fenbi.com/spa/tiku/#/xingce/report/3672543568,资料分析,,单选题,2025-11-20 09:33:43,A,C,错误,模考,,公务员,4,2025下半年省考第二十六季行测模考大赛（江苏A卷）,模考,行测,2026-08-08 23:53:16
13534898,https://www.fenbi.com/spa/tiku/#/xingce/report/3672543568,资料分析,,单选题,2025-11-20 09:33:43,A,A,正确,模考,,公务员,4,2025下半年省考第二十六季行测模考大赛（江苏A卷）,模考,行测,2026-08-08 23:53:16
13534899,https://www.fenbi.com/spa/tiku/#/xingce/report/3672543568,资料分析,,单选题,2025-11-20 09:33:43,0,C,错误,模考,,公务员,4,2025下半年省考第二十六季行测模考大赛（江苏A卷）,模考,行测,2026-08-08 23:53:16
13534900,https://www.fenbi.com/spa/tiku/#/xingce/report/3672543568,资料分析,,单选题,2025-11-20 09:33:43,0,0,正确,模考,,公务员,4,2025下半年省考第二十六季行测模考大赛（江苏A卷）,模考,行测,2026-08-08 23:53:16
13534901,https://www.fenbi.com/spa/tiku/#/xingce/report/3672543568,资料分析,,单选题,2025-11-20 09:33:43,A,A,正确,模考,,公务员,4,2025下半年省考第二十六季行测模考大赛（江苏A卷）,模考,行测,2026-08-08 23:53:16
13534902,https://www.fenbi.com/spa/tiku/#/xingce/report/3672543568,资料分析,,单选题,2025-11-20 09:33:43,A,C,错误,模考,,公务员,6,2025下半年省考第二十六季行测模考大赛（江苏A卷）,模考,行测,2026-08-08 23:53:16
13534903,https://www.fenbi.com/spa/tiku/#/xingce/report/3672543568,资料分析,,单选题,2025-11-20 09:33:43,0,0,正确,模考,,公务员,3,2025下半年省考第二十六季行测模考大赛（江苏A卷）,模考,行测,2026-08-08 23:53:16
13534904,https://www.fenbi.com/spa/tiku/#/xingce/report/3672543568,资料分析,,单选题,2025-11-20 09:33:43,B,B,正确,模考,,公务员,3,2025下半年省考第二十六季行测模考大赛（江苏A卷）,模考,行测,2026-08-08 23:53:16
13534905,https://www.fenbi.com/spa/tiku/#/xingce/report/3672543568,资料分析,,单选题,2025-11-20 09:33:43,A,A,正确,模考,,公务员,3,2025下半年省考第二十六季行测模考大赛（江苏A卷）,模考,行测,2026-08-08 23:53:16
13534906,https://www.fenbi.com/spa/tiku/#/xingce/report/3672543568,资料分析,,单选题,2025-11-20 09:33:43,B,A,错误,模考,,公务员,6,2025下半年省考第二十六季行测模考大赛（江苏A卷）,模考,行测,2026-08-08 23:53:16
13534907,https://www.fenbi.com/spa/tiku/#/xingce/report/3672543568,资料分析,,单选题,2025-11-20 09:33:43,A,C,错误,模考,,公务员,4,2025下半年省考第二十六季行测模考大赛（江苏A卷）,模考,行测,2026-08-08 23:53:16
13534908,https://www.fenbi.com/spa/tiku/#/xingce/report/3672543568,资料分析,,单选题,2025-11-20 09:33:43,0,0,正确,模考,,公务员,4,2025下半年省考第二十六季行测模考大赛（江苏A卷）,模考,行测,2026-08-08 23:53:16
13534909,https://www.fenbi.com/spa/tiku/#/xingce/report/3672543568,资料分析,,单选题,2025-11-20 09:33:43,A,A,正确,模考,,公务员,6,2025下半年省考第二十六季行测模考大赛（江苏A卷）,模考,行测,2026-08-08 23:53:16
17619316,https://www.fenbi.com/spa/tiku/#/xingce/report/3672543568,资料分析,,单选题,2025-11-20 09:33:43,C,C,正确,模考,,公务员,3,2025下半年省考第二十六季行测模考大赛（江苏A卷）,模考,行测,2026-08-08 23:53:16
17619317,https://www.fenbi.com/spa/tiku/#/xingce/report/3672543568,资料分析,,单选题,2025-11-20 09:33:43,B,B,正确,模考,,公务员,3,2025下半年省考第二十六季行测模考大赛（江苏A卷）,模考,行测,2026-08-08 23:53:16
17619319,https://www.fenbi.com/spa/tiku/#/xingce/report/3672543568,资料分析,,单选题,2025-11-20 09:33:43,A,A,正确,模考,,公务员,5,2025下半年省考第二十六季行测模考大赛（江苏A卷）,模考,行测,2026-08-08 23:53:16
17619330,https://www.fenbi.com/spa/tiku/#/xingce/report/3672543568,资料分析,,单选题,2025-11-20 09:33:43,C,C,正确,模考,,公务员,3,2025下半年省考第二十六季行测模考大赛（江苏A卷）,模考,行测,2026-08-08 23:53:16
17619331,https://www.fenbi.com/spa/tiku/#/xingce/report/3672543568,资料分析,,单选题,2025-11-20 09:33:43,0,0,正确,模考,,公务员,6,2025下半年省考第二十六季行测模考大赛（江苏A卷）,模考,行测,2026-08-08 23:53:16
14440576,https://www.fenbi.com/spa/tiku/#/xingce/report/3668882030,政治理论,,单选题,2025-11-19 09:18:31,B,A,错误,模考,,公务员,6,2025下半年省考第二十七季行测模考大赛（江苏A卷）,模考,行测,2026-08-08 23:53:16
14440577,https://www.fenbi.com/spa/tiku/#/xingce/report/3668882030,政治理论,,单选题,2025-11-19 09:18:31,B,A,错误,模考,,公务员,6,2025下半年省考第二十七季行测模考大赛（江苏A卷）,模考,行测,2026-08-08 23:53:16
14440579,https://www.fenbi.com/spa/tiku/#/xingce/report/3668882030,政治理论,,单选题,2025-11-19 09:18:31,B,B,正确,模考,,公务员,3,2025下半年省考第二十七季行测模考大赛（江苏A卷）,模考,行测,2026-08-08 23:53:16
14440580,https://www.fenbi.com/spa/tiku/#/xingce/report/3668882030,政治理论,,单选题,2025-11-19 09:18:31,B,B,正确,模考,,公务员,7,2025下半年省考第二十七季行测模考大赛（江苏A卷）,模考,行测,2026-08-08 23:53:16
14440581,https://www.fenbi.com/spa/tiku/#/xingce/report/3668882030,政治理论,,单选题,2025-11-19 09:18:31,B,0,错误,模考,,公务员,7,2025下半年省考第二十七季行测模考大赛（江苏A卷）,模考,行测,2026-08-08 23:53:16
14440583,https://www.fenbi.com/spa/tiku/#/xingce/report/3668882030,政治理论,,单选题,2025-11-19 09:18:31,B,C,错误,模考,,公务员,4,2025下半年省考第二十七季行测模考大赛（江苏A卷）,模考,行测,2026-08-08 23:53:16
14440584,https://www.fenbi.com/spa/tiku/#/xingce/report/3668882030,政治理论,,单选题,2025-11-19 09:18:31,B,B,正确,模考,,公务员,4,2025下半年省考第二十七季行测模考大赛（江苏A卷）,模考,行测,2026-08-08 23:53:16
14440585,https://www.fenbi.com/spa/tiku/#/xingce/report/3668882030,政治理论,,单选题,2025-11-19 09:18:31,B,C,错误,模考,,公务员,3,2025下半年省考第二十七季行测模考大赛（江苏A卷）,模考,行测,2026-08-08 23:53:16
14440586,https://www.fenbi.com/spa/tiku/#/xingce/report/3668882030,政治理论,,单选题,2025-11-19 09:18:31,B,B,正确,模考,,公务员,4,2025下半年省考第二十七季行测模考大赛（江苏A卷）,模考,行测,2026-08-08 23:53:16
14440600,https://www.fenbi.com/spa/tiku/#/xingce/report/3668882030,政治理论,,单选题,2025-11-19 09:18:31,B,0,错误,模考,,公务员,5,2025下半年省考第二十七季行测模考大赛（江苏A卷）,模考,行测,2026-08-08 23:53:16
14440602,https://www.fenbi.com/spa/tiku/#/xingce/report/3668882030,常识判断,,单选题,2025-11-19 09:18:31,B,A,错误,模考,,公务员,6,2025下半年省考第二十七季行测模考大赛（江苏A卷）,模考,行测,2026-08-08 23:53:16
14440604,https://www.fenbi.com/spa/tiku/#/xingce/report/3668882030,常识判断,,单选题,2025-11-19 09:18:31,B,0,错误,模考,,公务员,4,2025下半年省考第二十七季行测模考大赛（江苏A卷）,模考,行测,2026-08-08 23:53:16
14440605,https://www.fenbi.com/spa/tiku/#/xingce/report/3668882030,常识判断,,单选题,2025-11-19 09:18:31,B,C,错误,模考,,公务员,7,2025下半年省考第二十七季行测模考大赛（江苏A卷）,模考,行测,2026-08-08 23:53:16
14440606,https://www.fenbi.com/spa/tiku/#/xingce/report/3668882030,常识判断,,单选题,2025-11-19 09:18:31,B,C,错误,模考,,公务员,5,2025下半年省考第二十七季行测模考大赛（江苏A卷）,模考,行测,2026-08-08 23:53:16
14440622,https://www.fenbi.com/spa/tiku/#/xingce/report/3668882030,常识判断,,单选题,2025-11-19 09:18:31,B,C,错误,模考,,公务员,7,2025下半年省考第二十七季行测模考大赛（江苏A卷）,模考,行测,2026-08-08 23:53:16
14440627,https://www.fenbi.com/spa/tiku/#/xingce/report/3668882030,常识判断,,单选题,2025-11-19 09:18:31,B,B,正确,模考,,公务员,3,2025下半年省考第二十七季行测模考大赛（江苏A卷）,模考,行测,2026-08-08 23:53:16
14440628,https://www.fenbi.com/spa/tiku/#/xingce/report/3668882030,常识判断,,单选题,2025-11-19 09:18:31,B,A,错误,模考,,公务员,4,2025下半年省考第二十七季行测模考大赛（江苏A卷）,模考,行测,2026-08-08 23:53:16
14440630,https://www.fenbi.com/spa/tiku/#/xingce/report/3668882030,常识判断,,单选题,2025-11-19 09:18:31,B,A,错误,模考,,公务员,7,2025下半年省考第二十七季行测模考大赛（江苏A卷）,模考,行测,2026-08-08 23:53:16
14440631,https://www.fenbi.com/spa/tiku/#/xingce/report/3668882030,常识判断,,单选题,2025-11-19 09:18:31,B,0,错误,模考,,公务员,7,2025下半年省考第二十七季行测模考大赛（江苏A卷）,模考,行测,2026-08-08 23:53:16
14440633,https://www.fenbi.com/spa/tiku/#/xingce/report/3668882030,常识判断,,单选题,2025-11-19 09:18:31,B,A,错误,模考,,公务员,6,2025下半年省考第二十七季行测模考大赛（江苏A卷）,模考,行测,2026-08-08 23:53:16
11196677,https://www.fenbi.com/spa/tiku/#/xingce/report/3668882030,言语理解与表达,,单选题,2025-11-19 09:18:31,B,B,正确,模考,,公务员,4,2025下半年省考第二十七季行测模考大赛（江苏A卷）,模考,行测,2026-08-08 23:53:16
14733105,https://www.fenbi.com/spa/tiku/#/xingce/report/3668882030,言语理解与表达,,单选题,2025-11-19 09:18:31,B,B,正确,模考,,公务员,3,2025下半年省考第二十七季行测模考大赛（江苏A卷）,模考,行测,2026-08-08 23:53:16
11196679,https://www.fenbi.com/spa/tiku/#/xingce/report/3668882030,言语理解与表达,,单选题,2025-11-19 09:18:31,C,C,正确,模考,,公务员,4,2025下半年省考第二十七季行测模考大赛（江苏A卷）,模考,行测,2026-08-08 23:53:16
11196681,https://www.fenbi.com/spa/tiku/#/xingce/report/3668882030,言语理解与表达,,单选题,2025-11-19 09:18:31,C,A,错误,模考,,公务员,6,2025下半年省考第二十七季行测模考大赛（江苏A卷）,模考,行测,2026-08-08 23:53:16
11196683,https://www.fenbi.com/spa/tiku/#/xingce/report/3668882030,言语理解与表达,,单选题,2025-11-19 09:18:31,0,0,正确,模考,,公务员,3,2025下半年省考第二十七季行测模考大赛（江苏A卷）,模考,行测,2026-08-08 23:53:16
11196686,https://www.fenbi.com/spa/tiku/#/xingce/report/3668882030,言语理解与表达,,单选题,2025-11-19 09:18:31,C,C,正确,模考,,公务员,3,2025下半年省考第二十七季行测模考大赛（江苏A卷）,模考,行测,2026-08-08 23:53:16
11196687,https://www.fenbi.com/spa/tiku/#/xingce/report/3668882030,言语理解与表达,,单选题,2025-11-19 09:18:31,C,B,错误,模考,,公务员,6,2025下半年省考第二十七季行测模考大赛（江苏A卷）,模考,行测,2026-08-08 23:53:16
11196690,https://www.fenbi.com/spa/tiku/#/xingce/report/3668882030,言语理解与表达,,单选题,2025-11-19 09:18:31,B,B,正确,模考,,公务员,4,2025下半年省考第二十七季行测模考大赛（江苏A卷）,模考,行测,2026-08-08 23:53:16
11196693,https://www.fenbi.com/spa/tiku/#/xingce/report/3668882030,言语理解与表达,,单选题,2025-11-19 09:18:31,A,A,正确,模考,,公务员,3,2025下半年省考第二十七季行测模考大赛（江苏A卷）,模考,行测,2026-08-08 23:53:16
11196697,https://www.fenbi.com/spa/tiku/#/xingce/report/3668882030,言语理解与表达,,单选题,2025-11-19 09:18:31,A,A,正确,模考,,公务员,3,2025下半年省考第二十七季行测模考大赛（江苏A卷）,模考,行测,2026-08-08 23:53:16
11196700,https://www.fenbi.com/spa/tiku/#/xingce/report/3668882030,言语理解与表达,,单选题,2025-11-19 09:18:31,A,A,正确,模考,,公务员,3,2025下半年省考第二十七季行测模考大赛（江苏A卷）,模考,行测,2026-08-08 23:53:16
11196709,https://www.fenbi.com/spa/tiku/#/xingce/report/3668882030,言语理解与表达,,单选题,2025-11-19 09:18:31,A,A,正确,模考,,公务员,6,2025下半年省考第二十七季行测模考大赛（江苏A卷）,模考,行测,2026-08-08 23:53:16
11196712,https://www.fenbi.com/spa/tiku/#/xingce/report/3668882030,言语理解与表达,,单选题,2025-11-19 09:18:31,C,C,正确,模考,,公务员,3,2025下半年省考第二十七季行测模考大赛（江苏A卷）,模考,行测,2026-08-08 23:53:16
14733117,https://www.fenbi.com/spa/tiku/#/xingce/report/3668882030,言语理解与表达,,单选题,2025-11-19 09:18:31,A,A,正确,模考,,公务员,3,2025下半年省考第二十七季行测模考大赛（江苏A卷）,模考,行测,2026-08-08 23:53:16
14733103,https://www.fenbi.com/spa/tiku/#/xingce/report/3668882030,言语理解与表达,,单选题,2025-11-19 09:18:31,0,0,正确,模考,,公务员,3,2025下半年省考第二十七季行测模考大赛（江苏A卷）,模考,行测,2026-08-08 23:53:16
11196658,https://www.fenbi.com/spa/tiku/#/xingce/report/3668882030,言语理解与表达,,单选题,2025-11-19 09:18:31,A,A,正确,模考,,公务员,3,2025下半年省考第二十七季行测模考大赛（江苏A卷）,模考,行测,2026-08-08 23:53:16
11196663,https://www.fenbi.com/spa/tiku/#/xingce/report/3668882030,言语理解与表达,,单选题,2025-11-19 09:18:31,0,B,错误,模考,,公务员,6,2025下半年省考第二十七季行测模考大赛（江苏A卷）,模考,行测,2026-08-08 23:53:16
11196664,https://www.fenbi.com/spa/tiku/#/xingce/report/3668882030,言语理解与表达,,单选题,2025-11-19 09:18:31,C,C,正确,模考,,公务员,6,2025下半年省考第二十七季行测模考大赛（江苏A卷）,模考,行测,2026-08-08 23:53:16
11196665,https://www.fenbi.com/spa/tiku/#/xingce/report/3668882030,言语理解与表达,,单选题,2025-11-19 09:18:31,0,0,正确,模考,,公务员,3,2025下半年省考第二十七季行测模考大赛（江苏A卷）,模考,行测,2026-08-08 23:53:16
11196667,https://www.fenbi.com/spa/tiku/#/xingce/report/3668882030,言语理解与表达,,单选题,2025-11-19 09:18:31,C,C,正确,模考,,公务员,4,2025下半年省考第二十七季行测模考大赛（江苏A卷）,模考,行测,2026-08-08 23:53:16
11196669,https://www.fenbi.com/spa/tiku/#/xingce/report/3668882030,言语理解与表达,,单选题,2025-11-19 09:18:31,0,0,正确,模考,,公务员,4,2025下半年省考第二十七季行测模考大赛（江苏A卷）,模考,行测,2026-08-08 23:53:16
11196672,https://www.fenbi.com/spa/tiku/#/xingce/report/3668882030,言语理解与表达,,单选题,2025-11-19 09:18:31,A,0,错误,模考,,公务员,4,2025下半年省考第二十七季行测模考大赛（江苏A卷）,模考,行测,2026-08-08 23:53:16
11196673,https://www.fenbi.com/spa/tiku/#/xingce/report/3668882030,言语理解与表达,,单选题,2025-11-19 09:18:31,B,B,正确,模考,,公务员,3,2025下半年省考第二十七季行测模考大赛（江苏A卷）,模考,行测,2026-08-08 23:53:16
11196674,https://www.fenbi.com/spa/tiku/#/xingce/report/3668882030,言语理解与表达,,单选题,2025-11-19 09:18:31,A,A,正确,模考,,公务员,4,2025下半年省考第二十七季行测模考大赛（江苏A卷）,模考,行测,2026-08-08 23:53:16
11196675,https://www.fenbi.com/spa/tiku/#/xingce/report/3668882030,言语理解与表达,,单选题,2025-11-19 09:18:31,0,A,错误,模考,,公务员,3,2025下半年省考第二十七季行测模考大赛（江苏A卷）,模考,行测,2026-08-08 23:53:16
11197106,https://www.fenbi.com/spa/tiku/#/xingce/report/3668882030,言语理解与表达,,单选题,2025-11-19 09:18:31,A,A,正确,模考,,公务员,3,2025下半年省考第二十七季行测模考大赛（江苏A卷）,模考,行测,2026-08-08 23:53:16
11197109,https://www.fenbi.com/spa/tiku/#/xingce/report/3668882030,言语理解与表达,,单选题,2025-11-19 09:18:31,C,C,正确,模考,,公务员,3,2025下半年省考第二十七季行测模考大赛（江苏A卷）,模考,行测,2026-08-08 23:53:16
11197111,https://www.fenbi.com/spa/tiku/#/xingce/report/3668882030,言语理解与表达,,单选题,2025-11-19 09:18:31,A,A,正确,模考,,公务员,4,2025下半年省考第二十七季行测模考大赛（江苏A卷）,模考,行测,2026-08-08 23:53:16
11197113,https://www.fenbi.com/spa/tiku/#/xingce/report/3668882030,言语理解与表达,,单选题,2025-11-19 09:18:31,0,0,正确,模考,,公务员,4,2025下半年省考第二十七季行测模考大赛（江苏A卷）,模考,行测,2026-08-08 23:53:16
11197116,https://www.fenbi.com/spa/tiku/#/xingce/report/3668882030,言语理解与表达,,单选题,2025-11-19 09:18:31,C,C,正确,模考,,公务员,4,2025下半年省考第二十七季行测模考大赛（江苏A卷）,模考,行测,2026-08-08 23:53:16
11446189,https://www.fenbi.com/spa/tiku/#/xingce/report/3668882030,数量关系,,单选题,2025-11-19 09:18:31,A,B,错误,模考,,公务员,6,2025下半年省考第二十七季行测模考大赛（江苏A卷）,模考,行测,2026-08-08 23:53:16
11446193,https://www.fenbi.com/spa/tiku/#/xingce/report/3668882030,数量关系,,单选题,2025-11-19 09:18:31,A,C,错误,模考,,公务员,4,2025下半年省考第二十七季行测模考大赛（江苏A卷）,模考,行测,2026-08-08 23:53:16
11446195,https://www.fenbi.com/spa/tiku/#/xingce/report/3668882030,数量关系,,单选题,2025-11-19 09:18:31,A,0,错误,模考,,公务员,4,2025下半年省考第二十七季行测模考大赛（江苏A卷）,模考,行测,2026-08-08 23:53:16
11446197,https://www.fenbi.com/spa/tiku/#/xingce/report/3668882030,数量关系,,单选题,2025-11-19 09:18:31,A,B,错误,模考,,公务员,5,2025下半年省考第二十七季行测模考大赛（江苏A卷）,模考,行测,2026-08-08 23:53:16
11446200,https://www.fenbi.com/spa/tiku/#/xingce/report/3668882030,数量关系,,单选题,2025-11-19 09:18:31,A,A,正确,模考,,公务员,4,2025下半年省考第二十七季行测模考大赛（江苏A卷）,模考,行测,2026-08-08 23:53:16
14440956,https://www.fenbi.com/spa/tiku/#/xingce/report/3668882030,数量关系,,单选题,2025-11-19 09:18:31,A,B,错误,模考,,公务员,5,2025下半年省考第二十七季行测模考大赛（江苏A卷）,模考,行测,2026-08-08 23:53:16
14440957,https://www.fenbi.com/spa/tiku/#/xingce/report/3668882030,数量关系,,单选题,2025-11-19 09:18:31,A,C,错误,模考,,公务员,7,2025下半年省考第二十七季行测模考大赛（江苏A卷）,模考,行测,2026-08-08 23:53:16
14440958,https://www.fenbi.com/spa/tiku/#/xingce/report/3668882030,数量关系,,单选题,2025-11-19 09:18:31,A,A,正确,模考,,公务员,5,2025下半年省考第二十七季行测模考大赛（江苏A卷）,模考,行测,2026-08-08 23:53:16
14440959,https://www.fenbi.com/spa/tiku/#/xingce/report/3668882030,数量关系,,单选题,2025-11-19 09:18:31,A,0,错误,模考,,公务员,7,2025下半年省考第二十七季行测模考大赛（江苏A卷）,模考,行测,2026-08-08 23:53:16
14440960,https://www.fenbi.com/spa/tiku/#/xingce/report/3668882030,数量关系,,单选题,2025-11-19 09:18:31,A,C,错误,模考,,公务员,7,2025下半年省考第二十七季行测模考大赛（江苏A卷）,模考,行测,2026-08-08 23:53:16
14440961,https://www.fenbi.com/spa/tiku/#/xingce/report/3668882030,数量关系,,单选题,2025-11-19 09:18:31,A,B,错误,模考,,公务员,6,2025下半年省考第二十七季行测模考大赛（江苏A卷）,模考,行测,2026-08-08 23:53:16
14440962,https://www.fenbi.com/spa/tiku/#/xingce/report/3668882030,数量关系,,单选题,2025-11-19 09:18:31,A,A,正确,模考,,公务员,6,2025下半年省考第二十七季行测模考大赛（江苏A卷）,模考,行测,2026-08-08 23:53:16
14440963,https://www.fenbi.com/spa/tiku/#/xingce/report/3668882030,数量关系,,单选题,2025-11-19 09:18:31,A,0,错误,模考,,公务员,7,2025下半年省考第二十七季行测模考大赛（江苏A卷）,模考,行测,2026-08-08 23:53:16
14440964,https://www.fenbi.com/spa/tiku/#/xingce/report/3668882030,数量关系,,单选题,2025-11-19 09:18:31,A,C,错误,模考,,公务员,7,2025下半年省考第二十七季行测模考大赛（江苏A卷）,模考,行测,2026-08-08 23:53:16
14440965,https://www.fenbi.com/spa/tiku/#/xingce/report/3668882030,数量关系,,单选题,2025-11-19 09:18:31,A,C,错误,模考,,公务员,7,2025下半年省考第二十七季行测模考大赛（江苏A卷）,模考,行测,2026-08-08 23:53:16
14440966,https://www.fenbi.com/spa/tiku/#/xingce/report/3668882030,数量关系,,单选题,2025-11-19 09:18:31,A,C,错误,模考,,公务员,7,2025下半年省考第二十七季行测模考大赛（江苏A卷）,模考,行测,2026-08-08 23:53:16
14440967,https://www.fenbi.com/spa/tiku/#/xingce/report/3668882030,数量关系,,单选题,2025-11-19 09:18:31,A,B,错误,模考,,公务员,6,2025下半年省考第二十七季行测模考大赛（江苏A卷）,模考,行测,2026-08-08 23:53:16
14440968,https://www.fenbi.com/spa/tiku/#/xingce/report/3668882030,数量关系,,单选题,2025-11-19 09:18:31,A,0,错误,模考,,公务员,7,2025下半年省考第二十七季行测模考大赛（江苏A卷）,模考,行测,2026-08-08 23:53:16
14440969,https://www.fenbi.com/spa/tiku/#/xingce/report/3668882030,数量关系,,单选题,2025-11-19 09:18:31,A,0,错误,模考,,公务员,7,2025下半年省考第二十七季行测模考大赛（江苏A卷）,模考,行测,2026-08-08 23:53:16
14440970,https://www.fenbi.com/spa/tiku/#/xingce/report/3668882030,数量关系,,单选题,2025-11-19 09:18:31,A,A,正确,模考,,公务员,6,2025下半年省考第二十七季行测模考大赛（江苏A卷）,模考,行测,2026-08-08 23:53:16
11196964,https://www.fenbi.com/spa/tiku/#/xingce/report/3668882030,判断推理,,单选题,2025-11-19 09:18:31,C,B,错误,模考,,公务员,6,2025下半年省考第二十七季行测模考大赛（江苏A卷）,模考,行测,2026-08-08 23:53:16
11196965,https://www.fenbi.com/spa/tiku/#/xingce/report/3668882030,判断推理,,单选题,2025-11-19 09:18:31,C,C,正确,模考,,公务员,3,2025下半年省考第二十七季行测模考大赛（江苏A卷）,模考,行测,2026-08-08 23:53:16
14733177,https://www.fenbi.com/spa/tiku/#/xingce/report/3668882030,判断推理,,单选题,2025-11-19 09:18:31,A,A,正确,模考,,公务员,4,2025下半年省考第二十七季行测模考大赛（江苏A卷）,模考,行测,2026-08-08 23:53:16
14733183,https://www.fenbi.com/spa/tiku/#/xingce/report/3668882030,判断推理,,单选题,2025-11-19 09:18:31,A,B,错误,模考,,公务员,5,2025下半年省考第二十七季行测模考大赛（江苏A卷）,模考,行测,2026-08-08 23:53:16
11196966,https://www.fenbi.com/spa/tiku/#/xingce/report/3668882030,判断推理,,单选题,2025-11-19 09:18:31,A,A,正确,模考,,公务员,3,2025下半年省考第二十七季行测模考大赛（江苏A卷）,模考,行测,2026-08-08 23:53:16
11196967,https://www.fenbi.com/spa/tiku/#/xingce/report/3668882030,判断推理,,单选题,2025-11-19 09:18:31,B,0,错误,模考,,公务员,4,2025下半年省考第二十七季行测模考大赛（江苏A卷）,模考,行测,2026-08-08 23:53:16
14733178,https://www.fenbi.com/spa/tiku/#/xingce/report/3668882030,判断推理,,单选题,2025-11-19 09:18:31,B,B,正确,模考,,公务员,4,2025下半年省考第二十七季行测模考大赛（江苏A卷）,模考,行测,2026-08-08 23:53:16
14733184,https://www.fenbi.com/spa/tiku/#/xingce/report/3668882030,判断推理,,单选题,2025-11-19 09:18:31,A,A,正确,模考,,公务员,3,2025下半年省考第二十七季行测模考大赛（江苏A卷）,模考,行测,2026-08-08 23:53:16
11196968,https://www.fenbi.com/spa/tiku/#/xingce/report/3668882030,判断推理,,单选题,2025-11-19 09:18:31,B,B,正确,模考,,公务员,4,2025下半年省考第二十七季行测模考大赛（江苏A卷）,模考,行测,2026-08-08 23:53:16
14733179,https://www.fenbi.com/spa/tiku/#/xingce/report/3668882030,判断推理,,单选题,2025-11-19 09:18:31,C,C,正确,模考,,公务员,4,2025下半年省考第二十七季行测模考大赛（江苏A卷）,模考,行测,2026-08-08 23:53:16
11196938,https://www.fenbi.com/spa/tiku/#/xingce/report/3668882030,判断推理,,单选题,2025-11-19 09:18:31,B,B,正确,模考,,公务员,4,2025下半年省考第二十七季行测模考大赛（江苏A卷）,模考,行测,2026-08-08 23:53:16
11196939,https://www.fenbi.com/spa/tiku/#/xingce/report/3668882030,判断推理,,单选题,2025-11-19 09:18:31,A,A,正确,模考,,公务员,4,2025下半年省考第二十七季行测模考大赛（江苏A卷）,模考,行测,2026-08-08 23:53:16
11196941,https://www.fenbi.com/spa/tiku/#/xingce/report/3668882030,判断推理,,单选题,2025-11-19 09:18:31,A,A,正确,模考,,公务员,7,2025下半年省考第二十七季行测模考大赛（江苏A卷）,模考,行测,2026-08-08 23:53:16
11196942,https://www.fenbi.com/spa/tiku/#/xingce/report/3668882030,判断推理,,单选题,2025-11-19 09:18:31,C,C,正确,模考,,公务员,6,2025下半年省考第二十七季行测模考大赛（江苏A卷）,模考,行测,2026-08-08 23:53:16
11197306,https://www.fenbi.com/spa/tiku/#/xingce/report/3668882030,判断推理,,单选题,2025-11-19 09:18:31,A,A,正确,模考,,公务员,4,2025下半年省考第二十七季行测模考大赛（江苏A卷）,模考,行测,2026-08-08 23:53:16
11197308,https://www.fenbi.com/spa/tiku/#/xingce/report/3668882030,判断推理,,单选题,2025-11-19 09:18:31,0,0,正确,模考,,公务员,4,2025下半年省考第二十七季行测模考大赛（江苏A卷）,模考,行测,2026-08-08 23:53:16
11197311,https://www.fenbi.com/spa/tiku/#/xingce/report/3668882030,判断推理,,单选题,2025-11-19 09:18:31,A,A,正确,模考,,公务员,3,2025下半年省考第二十七季行测模考大赛（江苏A卷）,模考,行测,2026-08-08 23:53:16
11197312,https://www.fenbi.com/spa/tiku/#/xingce/report/3668882030,判断推理,,单选题,2025-11-19 09:18:31,C,C,正确,模考,,公务员,5,2025下半年省考第二十七季行测模考大赛（江苏A卷）,模考,行测,2026-08-08 23:53:16
11197315,https://www.fenbi.com/spa/tiku/#/xingce/report/3668882030,判断推理,,单选题,2025-11-19 09:18:31,A,C,错误,模考,,公务员,3,2025下半年省考第二十七季行测模考大赛（江苏A卷）,模考,行测,2026-08-08 23:53:16
11197316,https://www.fenbi.com/spa/tiku/#/xingce/report/3668882030,判断推理,,单选题,2025-11-19 09:18:31,0,0,正确,模考,,公务员,6,2025下半年省考第二十七季行测模考大赛（江苏A卷）,模考,行测,2026-08-08 23:53:16
11196972,https://www.fenbi.com/spa/tiku/#/xingce/report/3668882030,判断推理,,单选题,2025-11-19 09:18:31,B,B,正确,模考,,公务员,4,2025下半年省考第二十七季行测模考大赛（江苏A卷）,模考,行测,2026-08-08 23:53:16
11196973,https://www.fenbi.com/spa/tiku/#/xingce/report/3668882030,判断推理,,单选题,2025-11-19 09:18:31,C,C,正确,模考,,公务员,3,2025下半年省考第二十七季行测模考大赛（江苏A卷）,模考,行测,2026-08-08 23:53:16
11196974,https://www.fenbi.com/spa/tiku/#/xingce/report/3668882030,判断推理,,单选题,2025-11-19 09:18:31,A,A,正确,模考,,公务员,4,2025下半年省考第二十七季行测模考大赛（江苏A卷）,模考,行测,2026-08-08 23:53:16
14733185,https://www.fenbi.com/spa/tiku/#/xingce/report/3668882030,判断推理,,单选题,2025-11-19 09:18:31,B,B,正确,模考,,公务员,3,2025下半年省考第二十七季行测模考大赛（江苏A卷）,模考,行测,2026-08-08 23:53:16
14733186,https://www.fenbi.com/spa/tiku/#/xingce/report/3668882030,判断推理,,单选题,2025-11-19 09:18:31,C,C,正确,模考,,公务员,6,2025下半年省考第二十七季行测模考大赛（江苏A卷）,模考,行测,2026-08-08 23:53:16
14733187,https://www.fenbi.com/spa/tiku/#/xingce/report/3668882030,判断推理,,单选题,2025-11-19 09:18:31,0,B,错误,模考,,公务员,7,2025下半年省考第二十七季行测模考大赛（江苏A卷）,模考,行测,2026-08-08 23:53:16
14733188,https://www.fenbi.com/spa/tiku/#/xingce/report/3668882030,判断推理,,单选题,2025-11-19 09:18:31,A,A,正确,模考,,公务员,3,2025下半年省考第二十七季行测模考大赛（江苏A卷）,模考,行测,2026-08-08 23:53:16
14733189,https://www.fenbi.com/spa/tiku/#/xingce/report/3668882030,判断推理,,单选题,2025-11-19 09:18:31,C,C,正确,模考,,公务员,3,2025下半年省考第二十七季行测模考大赛（江苏A卷）,模考,行测,2026-08-08 23:53:16
11196977,https://www.fenbi.com/spa/tiku/#/xingce/report/3668882030,判断推理,,单选题,2025-11-19 09:18:31,A,A,正确,模考,,公务员,4,2025下半年省考第二十七季行测模考大赛（江苏A卷）,模考,行测,2026-08-08 23:53:16
11196978,https://www.fenbi.com/spa/tiku/#/xingce/report/3668882030,判断推理,,单选题,2025-11-19 09:18:31,C,B,错误,模考,,公务员,6,2025下半年省考第二十七季行测模考大赛（江苏A卷）,模考,行测,2026-08-08 23:53:16
14441172,https://www.fenbi.com/spa/tiku/#/xingce/report/3668882030,判断推理,,单选题,2025-11-19 09:18:31,A,A,正确,模考,,公务员,3,2025下半年省考第二十七季行测模考大赛（江苏A卷）,模考,行测,2026-08-08 23:53:16
14441171,https://www.fenbi.com/spa/tiku/#/xingce/report/3668882030,判断推理,,单选题,2025-11-19 09:18:31,B,C,错误,模考,,公务员,7,2025下半年省考第二十七季行测模考大赛（江苏A卷）,模考,行测,2026-08-08 23:53:16
11197318,https://www.fenbi.com/spa/tiku/#/xingce/report/3668882030,判断推理,,单选题,2025-11-19 09:18:31,0,0,正确,模考,,公务员,7,2025下半年省考第二十七季行测模考大赛（江苏A卷）,模考,行测,2026-08-08 23:53:16
11197319,https://www.fenbi.com/spa/tiku/#/xingce/report/3668882030,判断推理,,单选题,2025-11-19 09:18:31,A,A,正确,模考,,公务员,6,2025下半年省考第二十七季行测模考大赛（江苏A卷）,模考,行测,2026-08-08 23:53:16
11197320,https://www.fenbi.com/spa/tiku/#/xingce/report/3668882030,判断推理,,单选题,2025-11-19 09:18:31,A,B,错误,模考,,公务员,4,2025下半年省考第二十七季行测模考大赛（江苏A卷）,模考,行测,2026-08-08 23:53:16
11196952,https://www.fenbi.com/spa/tiku/#/xingce/report/3668882030,判断推理,,单选题,2025-11-19 09:18:31,C,C,正确,模考,,公务员,4,2025下半年省考第二十七季行测模考大赛（江苏A卷）,模考,行测,2026-08-08 23:53:16
11196953,https://www.fenbi.com/spa/tiku/#/xingce/report/3668882030,判断推理,,单选题,2025-11-19 09:18:31,B,B,正确,模考,,公务员,4,2025下半年省考第二十七季行测模考大赛（江苏A卷）,模考,行测,2026-08-08 23:53:16
11196955,https://www.fenbi.com/spa/tiku/#/xingce/report/3668882030,判断推理,,单选题,2025-11-19 09:18:31,A,A,正确,模考,,公务员,3,2025下半年省考第二十七季行测模考大赛（江苏A卷）,模考,行测,2026-08-08 23:53:16
11196956,https://www.fenbi.com/spa/tiku/#/xingce/report/3668882030,判断推理,,单选题,2025-11-19 09:18:31,B,B,正确,模考,,公务员,3,2025下半年省考第二十七季行测模考大赛（江苏A卷）,模考,行测,2026-08-08 23:53:16
11196960,https://www.fenbi.com/spa/tiku/#/xingce/report/3668882030,判断推理,,单选题,2025-11-19 09:18:31,A,A,正确,模考,,公务员,3,2025下半年省考第二十七季行测模考大赛（江苏A卷）,模考,行测,2026-08-08 23:53:16
11196961,https://www.fenbi.com/spa/tiku/#/xingce/report/3668882030,判断推理,,单选题,2025-11-19 09:18:31,C,C,正确,模考,,公务员,3,2025下半年省考第二十七季行测模考大赛（江苏A卷）,模考,行测,2026-08-08 23:53:16
11196963,https://www.fenbi.com/spa/tiku/#/xingce/report/3668882030,判断推理,,单选题,2025-11-19 09:18:31,B,B,正确,模考,,公务员,3,2025下半年省考第二十七季行测模考大赛（江苏A卷）,模考,行测,2026-08-08 23:53:16
14440942,https://www.fenbi.com/spa/tiku/#/xingce/report/3668882030,判断推理,,单选题,2025-11-19 09:18:31,B,B,正确,模考,,公务员,3,2025下半年省考第二十七季行测模考大赛（江苏A卷）,模考,行测,2026-08-08 23:53:16
14440944,https://www.fenbi.com/spa/tiku/#/xingce/report/3668882030,判断推理,,单选题,2025-11-19 09:18:31,A,A,正确,模考,,公务员,3,2025下半年省考第二十七季行测模考大赛（江苏A卷）,模考,行测,2026-08-08 23:53:16
14440945,https://www.fenbi.com/spa/tiku/#/xingce/report/3668882030,判断推理,,单选题,2025-11-19 09:18:31,C,C,正确,模考,,公务员,3,2025下半年省考第二十七季行测模考大赛（江苏A卷）,模考,行测,2026-08-08 23:53:16
14440971,https://www.fenbi.com/spa/tiku/#/xingce/report/3668882030,资料分析,,单选题,2025-11-19 09:18:31,A,A,正确,模考,,公务员,3,2025下半年省考第二十七季行测模考大赛（江苏A卷）,模考,行测,2026-08-08 23:53:16
14440972,https://www.fenbi.com/spa/tiku/#/xingce/report/3668882030,资料分析,,单选题,2025-11-19 09:18:31,C,0,错误,模考,,公务员,6,2025下半年省考第二十七季行测模考大赛（江苏A卷）,模考,行测,2026-08-08 23:53:16
14440973,https://www.fenbi.com/spa/tiku/#/xingce/report/3668882030,资料分析,,单选题,2025-11-19 09:18:31,B,B,正确,模考,,公务员,3,2025下半年省考第二十七季行测模考大赛（江苏A卷）,模考,行测,2026-08-08 23:53:16
14440974,https://www.fenbi.com/spa/tiku/#/xingce/report/3668882030,资料分析,,单选题,2025-11-19 09:18:31,0,A,错误,模考,,公务员,4,2025下半年省考第二十七季行测模考大赛（江苏A卷）,模考,行测,2026-08-08 23:53:16
14440975,https://www.fenbi.com/spa/tiku/#/xingce/report/3668882030,资料分析,,单选题,2025-11-19 09:18:31,C,C,正确,模考,,公务员,4,2025下半年省考第二十七季行测模考大赛（江苏A卷）,模考,行测,2026-08-08 23:53:16
14440976,https://www.fenbi.com/spa/tiku/#/xingce/report/3668882030,资料分析,,单选题,2025-11-19 09:18:31,A,A,正确,模考,,公务员,3,2025下半年省考第二十七季行测模考大赛（江苏A卷）,模考,行测,2026-08-08 23:53:16
14440977,https://www.fenbi.com/spa/tiku/#/xingce/report/3668882030,资料分析,,单选题,2025-11-19 09:18:31,0,B,错误,模考,,公务员,4,2025下半年省考第二十七季行测模考大赛（江苏A卷）,模考,行测,2026-08-08 23:53:16
14440978,https://www.fenbi.com/spa/tiku/#/xingce/report/3668882030,资料分析,,单选题,2025-11-19 09:18:31,A,B,错误,模考,,公务员,5,2025下半年省考第二十七季行测模考大赛（江苏A卷）,模考,行测,2026-08-08 23:53:16
14440979,https://www.fenbi.com/spa/tiku/#/xingce/report/3668882030,资料分析,,单选题,2025-11-19 09:18:31,0,0,正确,模考,,公务员,6,2025下半年省考第二十七季行测模考大赛（江苏A卷）,模考,行测,2026-08-08 23:53:16
14440980,https://www.fenbi.com/spa/tiku/#/xingce/report/3668882030,资料分析,,单选题,2025-11-19 09:18:31,C,C,正确,模考,,公务员,6,2025下半年省考第二十七季行测模考大赛（江苏A卷）,模考,行测,2026-08-08 23:53:16
14440981,https://www.fenbi.com/spa/tiku/#/xingce/report/3668882030,资料分析,,单选题,2025-11-19 09:18:31,0,0,正确,模考,,公务员,3,2025下半年省考第二十七季行测模考大赛（江苏A卷）,模考,行测,2026-08-08 23:53:16
14440982,https://www.fenbi.com/spa/tiku/#/xingce/report/3668882030,资料分析,,单选题,2025-11-19 09:18:31,B,B,正确,模考,,公务员,4,2025下半年省考第二十七季行测模考大赛（江苏A卷）,模考,行测,2026-08-08 23:53:16
14440983,https://www.fenbi.com/spa/tiku/#/xingce/report/3668882030,资料分析,,单选题,2025-11-19 09:18:31,A,A,正确,模考,,公务员,4,2025下半年省考第二十七季行测模考大赛（江苏A卷）,模考,行测,2026-08-08 23:53:16
14440984,https://www.fenbi.com/spa/tiku/#/xingce/report/3668882030,资料分析,,单选题,2025-11-19 09:18:31,C,C,正确,模考,,公务员,3,2025下半年省考第二十七季行测模考大赛（江苏A卷）,模考,行测,2026-08-08 23:53:16
14440985,https://www.fenbi.com/spa/tiku/#/xingce/report/3668882030,资料分析,,单选题,2025-11-19 09:18:31,B,0,错误,模考,,公务员,6,2025下半年省考第二十七季行测模考大赛（江苏A卷）,模考,行测,2026-08-08 23:53:16
11446204,https://www.fenbi.com/spa/tiku/#/xingce/report/3668882030,资料分析,,单选题,2025-11-19 09:18:31,C,C,正确,模考,,公务员,3,2025下半年省考第二十七季行测模考大赛（江苏A卷）,模考,行测,2026-08-08 23:53:16
11446205,https://www.fenbi.com/spa/tiku/#/xingce/report/3668882030,资料分析,,单选题,2025-11-19 09:18:31,A,A,正确,模考,,公务员,4,2025下半年省考第二十七季行测模考大赛（江苏A卷）,模考,行测,2026-08-08 23:53:16
11446206,https://www.fenbi.com/spa/tiku/#/xingce/report/3668882030,资料分析,,单选题,2025-11-19 09:18:31,B,B,正确,模考,,公务员,3,2025下半年省考第二十七季行测模考大赛（江苏A卷）,模考,行测,2026-08-08 23:53:16
11446207,https://www.fenbi.com/spa/tiku/#/xingce/report/3668882030,资料分析,,单选题,2025-11-19 09:18:31,C,C,正确,模考,,公务员,3,2025下半年省考第二十七季行测模考大赛（江苏A卷）,模考,行测,2026-08-08 23:53:16
11446209,https://www.fenbi.com/spa/tiku/#/xingce/report/3668882030,资料分析,,单选题,2025-11-19 09:18:31,0,0,正确,模考,,公务员,4,2025下半年省考第二十七季行测模考大赛（江苏A卷）,模考,行测,2026-08-08 23:53:16
11125900,https://www.fenbi.com/spa/tiku/#/xingce/report/3660182238,政治理论,,单选题,2025-11-16 18:13:34,A,A,正确,模考,,公务员,6,2025下半年省考第三十五季行测模考大赛（江苏A卷）,模考,行测,2026-08-08 23:53:16
11125901,https://www.fenbi.com/spa/tiku/#/xingce/report/3660182238,政治理论,,单选题,2025-11-16 18:13:34,A,C,错误,模考,,公务员,6,2025下半年省考第三十五季行测模考大赛（江苏A卷）,模考,行测,2026-08-08 23:53:16
11125904,https://www.fenbi.com/spa/tiku/#/xingce/report/3660182238,政治理论,,单选题,2025-11-16 18:13:34,A,A,正确,模考,,公务员,4,2025下半年省考第三十五季行测模考大赛（江苏A卷）,模考,行测,2026-08-08 23:53:16
11125906,https://www.fenbi.com/spa/tiku/#/xingce/report/3660182238,政治理论,,单选题,2025-11-16 18:13:34,A,0,错误,模考,,公务员,5,2025下半年省考第三十五季行测模考大赛（江苏A卷）,模考,行测,2026-08-08 23:53:16
11125907,https://www.fenbi.com/spa/tiku/#/xingce/report/3660182238,政治理论,,单选题,2025-11-16 18:13:34,A,C,错误,模考,,公务员,4,2025下半年省考第三十五季行测模考大赛（江苏A卷）,模考,行测,2026-08-08 23:53:16
11125908,https://www.fenbi.com/spa/tiku/#/xingce/report/3660182238,政治理论,,单选题,2025-11-16 18:13:34,A,A,正确,模考,,公务员,4,2025下半年省考第三十五季行测模考大赛（江苏A卷）,模考,行测,2026-08-08 23:53:16
11125909,https://www.fenbi.com/spa/tiku/#/xingce/report/3660182238,政治理论,,单选题,2025-11-16 18:13:34,A,C,错误,模考,,公务员,4,2025下半年省考第三十五季行测模考大赛（江苏A卷）,模考,行测,2026-08-08 23:53:16
11125910,https://www.fenbi.com/spa/tiku/#/xingce/report/3660182238,政治理论,,单选题,2025-11-16 18:13:34,A,B,错误,模考,,公务员,4,2025下半年省考第三十五季行测模考大赛（江苏A卷）,模考,行测,2026-08-08 23:53:16
11125911,https://www.fenbi.com/spa/tiku/#/xingce/report/3660182238,政治理论,,单选题,2025-11-16 18:13:34,A,C,错误,模考,,公务员,5,2025下半年省考第三十五季行测模考大赛（江苏A卷）,模考,行测,2026-08-08 23:53:16
18277510,https://www.fenbi.com/spa/tiku/#/xingce/report/3660182238,政治理论,,单选题,2025-11-16 18:13:34,A,0,错误,模考,,公务员,6,2025下半年省考第三十五季行测模考大赛（江苏A卷）,模考,行测,2026-08-08 23:53:16
11125924,https://www.fenbi.com/spa/tiku/#/xingce/report/3660182238,常识判断,,单选题,2025-11-16 18:13:34,A,B,错误,模考,,公务员,7,2025下半年省考第三十五季行测模考大赛（江苏A卷）,模考,行测,2026-08-08 23:53:16
18277512,https://www.fenbi.com/spa/tiku/#/xingce/report/3660182238,常识判断,,单选题,2025-11-16 18:13:34,A,C,错误,模考,,公务员,6,2025下半年省考第三十五季行测模考大赛（江苏A卷）,模考,行测,2026-08-08 23:53:16
11125927,https://www.fenbi.com/spa/tiku/#/xingce/report/3660182238,常识判断,,单选题,2025-11-16 18:13:34,A,A,正确,模考,,公务员,4,2025下半年省考第三十五季行测模考大赛（江苏A卷）,模考,行测,2026-08-08 23:53:16
18277513,https://www.fenbi.com/spa/tiku/#/xingce/report/3660182238,常识判断,,单选题,2025-11-16 18:13:34,A,C,错误,模考,,公务员,6,2025下半年省考第三十五季行测模考大赛（江苏A卷）,模考,行测,2026-08-08 23:53:16
18277519,https://www.fenbi.com/spa/tiku/#/xingce/report/3660182238,常识判断,,单选题,2025-11-16 18:13:34,A,C,错误,模考,,公务员,6,2025下半年省考第三十五季行测模考大赛（江苏A卷）,模考,行测,2026-08-08 23:53:16
18277534,https://www.fenbi.com/spa/tiku/#/xingce/report/3660182238,常识判断,,单选题,2025-11-16 18:13:34,A,0,错误,模考,,公务员,3,2025下半年省考第三十五季行测模考大赛（江苏A卷）,模考,行测,2026-08-08 23:53:16
18277535,https://www.fenbi.com/spa/tiku/#/xingce/report/3660182238,常识判断,,单选题,2025-11-16 18:13:34,A,0,错误,模考,,公务员,6,2025下半年省考第三十五季行测模考大赛（江苏A卷）,模考,行测,2026-08-08 23:53:16
11125957,https://www.fenbi.com/spa/tiku/#/xingce/report/3660182238,常识判断,,单选题,2025-11-16 18:13:34,A,A,正确,模考,,公务员,7,2025下半年省考第三十五季行测模考大赛（江苏A卷）,模考,行测,2026-08-08 23:53:16
18277538,https://www.fenbi.com/spa/tiku/#/xingce/report/3660182238,常识判断,,单选题,2025-11-16 18:13:34,A,0,错误,模考,,公务员,7,2025下半年省考第三十五季行测模考大赛（江苏A卷）,模考,行测,2026-08-08 23:53:16
18277540,https://www.fenbi.com/spa/tiku/#/xingce/report/3660182238,常识判断,,单选题,2025-11-16 18:13:34,A,C,错误,模考,,公务员,7,2025下半年省考第三十五季行测模考大赛（江苏A卷）,模考,行测,2026-08-08 23:53:16
18277136,https://www.fenbi.com/spa/tiku/#/xingce/report/3660182238,言语理解与表达,,单选题,2025-11-16 18:13:34,A,A,正确,模考,,公务员,3,2025下半年省考第三十五季行测模考大赛（江苏A卷）,模考,行测,2026-08-08 23:53:16
18277328,https://www.fenbi.com/spa/tiku/#/xingce/report/3660182238,言语理解与表达,,单选题,2025-11-16 18:13:34,A,0,错误,模考,,公务员,4,2025下半年省考第三十五季行测模考大赛（江苏A卷）,模考,行测,2026-08-08 23:53:16
18277137,https://www.fenbi.com/spa/tiku/#/xingce/report/3660182238,言语理解与表达,,单选题,2025-11-16 18:13:34,A,A,正确,模考,,公务员,4,2025下半年省考第三十五季行测模考大赛（江苏A卷）,模考,行测,2026-08-08 23:53:16
18277138,https://www.fenbi.com/spa/tiku/#/xingce/report/3660182238,言语理解与表达,,单选题,2025-11-16 18:13:34,A,A,正确,模考,,公务员,5,2025下半年省考第三十五季行测模考大赛（江苏A卷）,模考,行测,2026-08-08 23:53:16
18277139,https://www.fenbi.com/spa/tiku/#/xingce/report/3660182238,言语理解与表达,,单选题,2025-11-16 18:13:34,A,A,正确,模考,,公务员,5,2025下半年省考第三十五季行测模考大赛（江苏A卷）,模考,行测,2026-08-08 23:53:16
18277140,https://www.fenbi.com/spa/tiku/#/xingce/report/3660182238,言语理解与表达,,单选题,2025-11-16 18:13:34,C,C,正确,模考,,公务员,4,2025下半年省考第三十五季行测模考大赛（江苏A卷）,模考,行测,2026-08-08 23:53:16
18277141,https://www.fenbi.com/spa/tiku/#/xingce/report/3660182238,言语理解与表达,,单选题,2025-11-16 18:13:34,C,C,正确,模考,,公务员,7,2025下半年省考第三十五季行测模考大赛（江苏A卷）,模考,行测,2026-08-08 23:53:16
18277142,https://www.fenbi.com/spa/tiku/#/xingce/report/3660182238,言语理解与表达,,单选题,2025-11-16 18:13:34,A,0,错误,模考,,公务员,4,2025下半年省考第三十五季行测模考大赛（江苏A卷）,模考,行测,2026-08-08 23:53:16
18277143,https://www.fenbi.com/spa/tiku/#/xingce/report/3660182238,言语理解与表达,,单选题,2025-11-16 18:13:34,A,A,正确,模考,,公务员,3,2025下半年省考第三十五季行测模考大赛（江苏A卷）,模考,行测,2026-08-08 23:53:16
18277145,https://www.fenbi.com/spa/tiku/#/xingce/report/3660182238,言语理解与表达,,单选题,2025-11-16 18:13:34,C,C,正确,模考,,公务员,3,2025下半年省考第三十五季行测模考大赛（江苏A卷）,模考,行测,2026-08-08 23:53:16
18277146,https://www.fenbi.com/spa/tiku/#/xingce/report/3660182238,言语理解与表达,,单选题,2025-11-16 18:13:34,0,0,正确,模考,,公务员,4,2025下半年省考第三十五季行测模考大赛（江苏A卷）,模考,行测,2026-08-08 23:53:16
18277149,https://www.fenbi.com/spa/tiku/#/xingce/report/3660182238,言语理解与表达,,单选题,2025-11-16 18:13:34,B,C,错误,模考,,公务员,3,2025下半年省考第三十五季行测模考大赛（江苏A卷）,模考,行测,2026-08-08 23:53:16
18277150,https://www.fenbi.com/spa/tiku/#/xingce/report/3660182238,言语理解与表达,,单选题,2025-11-16 18:13:34,A,A,正确,模考,,公务员,4,2025下半年省考第三十五季行测模考大赛（江苏A卷）,模考,行测,2026-08-08 23:53:16
18277350,https://www.fenbi.com/spa/tiku/#/xingce/report/3660182238,言语理解与表达,,单选题,2025-11-16 18:13:34,B,B,正确,模考,,公务员,5,2025下半年省考第三十五季行测模考大赛（江苏A卷）,模考,行测,2026-08-08 23:53:16
18277326,https://www.fenbi.com/spa/tiku/#/xingce/report/3660182238,言语理解与表达,,单选题,2025-11-16 18:13:34,A,A,正确,模考,,公务员,7,2025下半年省考第三十五季行测模考大赛（江苏A卷）,模考,行测,2026-08-08 23:53:16
18277123,https://www.fenbi.com/spa/tiku/#/xingce/report/3660182238,言语理解与表达,,单选题,2025-11-16 18:13:34,0,0,正确,模考,,公务员,3,2025下半年省考第三十五季行测模考大赛（江苏A卷）,模考,行测,2026-08-08 23:53:16
18277125,https://www.fenbi.com/spa/tiku/#/xingce/report/3660182238,言语理解与表达,,单选题,2025-11-16 18:13:34,C,C,正确,模考,,公务员,3,2025下半年省考第三十五季行测模考大赛（江苏A卷）,模考,行测,2026-08-08 23:53:16
18277126,https://www.fenbi.com/spa/tiku/#/xingce/report/3660182238,言语理解与表达,,单选题,2025-11-16 18:13:34,B,B,正确,模考,,公务员,6,2025下半年省考第三十五季行测模考大赛（江苏A卷）,模考,行测,2026-08-08 23:53:16
18277127,https://www.fenbi.com/spa/tiku/#/xingce/report/3660182238,言语理解与表达,,单选题,2025-11-16 18:13:34,0,B,错误,模考,,公务员,4,2025下半年省考第三十五季行测模考大赛（江苏A卷）,模考,行测,2026-08-08 23:53:16
18277128,https://www.fenbi.com/spa/tiku/#/xingce/report/3660182238,言语理解与表达,,单选题,2025-11-16 18:13:34,B,C,错误,模考,,公务员,3,2025下半年省考第三十五季行测模考大赛（江苏A卷）,模考,行测,2026-08-08 23:53:16
18277129,https://www.fenbi.com/spa/tiku/#/xingce/report/3660182238,言语理解与表达,,单选题,2025-11-16 18:13:34,0,A,错误,模考,,公务员,5,2025下半年省考第三十五季行测模考大赛（江苏A卷）,模考,行测,2026-08-08 23:53:16
18277132,https://www.fenbi.com/spa/tiku/#/xingce/report/3660182238,言语理解与表达,,单选题,2025-11-16 18:13:34,C,0,错误,模考,,公务员,4,2025下半年省考第三十五季行测模考大赛（江苏A卷）,模考,行测,2026-08-08 23:53:16
18277133,https://www.fenbi.com/spa/tiku/#/xingce/report/3660182238,言语理解与表达,,单选题,2025-11-16 18:13:34,C,C,正确,模考,,公务员,3,2025下半年省考第三十五季行测模考大赛（江苏A卷）,模考,行测,2026-08-08 23:53:16
18277134,https://www.fenbi.com/spa/tiku/#/xingce/report/3660182238,言语理解与表达,,单选题,2025-11-16 18:13:34,A,A,正确,模考,,公务员,4,2025下半年省考第三十五季行测模考大赛（江苏A卷）,模考,行测,2026-08-08 23:53:16
18277135,https://www.fenbi.com/spa/tiku/#/xingce/report/3660182238,言语理解与表达,,单选题,2025-11-16 18:13:34,B,B,正确,模考,,公务员,4,2025下半年省考第三十五季行测模考大赛（江苏A卷）,模考,行测,2026-08-08 23:53:16
18277806,https://www.fenbi.com/spa/tiku/#/xingce/report/3660182238,言语理解与表达,,单选题,2025-11-16 18:13:34,C,C,正确,模考,,公务员,3,2025下半年省考第三十五季行测模考大赛（江苏A卷）,模考,行测,2026-08-08 23:53:16
18277808,https://www.fenbi.com/spa/tiku/#/xingce/report/3660182238,言语理解与表达,,单选题,2025-11-16 18:13:34,A,A,正确,模考,,公务员,3,2025下半年省考第三十五季行测模考大赛（江苏A卷）,模考,行测,2026-08-08 23:53:16
18277810,https://www.fenbi.com/spa/tiku/#/xingce/report/3660182238,言语理解与表达,,单选题,2025-11-16 18:13:34,0,0,正确,模考,,公务员,3,2025下半年省考第三十五季行测模考大赛（江苏A卷）,模考,行测,2026-08-08 23:53:16
18277812,https://www.fenbi.com/spa/tiku/#/xingce/report/3660182238,言语理解与表达,,单选题,2025-11-16 18:13:34,0,0,正确,模考,,公务员,6,2025下半年省考第三十五季行测模考大赛（江苏A卷）,模考,行测,2026-08-08 23:53:16
18277814,https://www.fenbi.com/spa/tiku/#/xingce/report/3660182238,言语理解与表达,,单选题,2025-11-16 18:13:34,B,0,错误,模考,,公务员,7,2025下半年省考第三十五季行测模考大赛（江苏A卷）,模考,行测,2026-08-08 23:53:16
14095963,https://www.fenbi.com/spa/tiku/#/xingce/report/3660182238,数量关系,,单选题,2025-11-16 18:13:34,0,0,正确,模考,,公务员,4,2025下半年省考第三十五季行测模考大赛（江苏A卷）,模考,行测,2026-08-08 23:53:16
14095964,https://www.fenbi.com/spa/tiku/#/xingce/report/3660182238,数量关系,,单选题,2025-11-16 18:13:34,A,A,正确,模考,,公务员,4,2025下半年省考第三十五季行测模考大赛（江苏A卷）,模考,行测,2026-08-08 23:53:16
14095966,https://www.fenbi.com/spa/tiku/#/xingce/report/3660182238,数量关系,,单选题,2025-11-16 18:13:34,B,C,错误,模考,,公务员,6,2025下半年省考第三十五季行测模考大赛（江苏A卷）,模考,行测,2026-08-08 23:53:16
14095974,https://www.fenbi.com/spa/tiku/#/xingce/report/3660182238,数量关系,,单选题,2025-11-16 18:13:34,B,C,错误,模考,,公务员,6,2025下半年省考第三十五季行测模考大赛（江苏A卷）,模考,行测,2026-08-08 23:53:16
14095987,https://www.fenbi.com/spa/tiku/#/xingce/report/3660182238,数量关系,,单选题,2025-11-16 18:13:34,B,B,正确,模考,,公务员,5,2025下半年省考第三十五季行测模考大赛（江苏A卷）,模考,行测,2026-08-08 23:53:16
11126233,https://www.fenbi.com/spa/tiku/#/xingce/report/3660182238,数量关系,,单选题,2025-11-16 18:13:34,B,B,正确,模考,,公务员,6,2025下半年省考第三十五季行测模考大赛（江苏A卷）,模考,行测,2026-08-08 23:53:16
11126234,https://www.fenbi.com/spa/tiku/#/xingce/report/3660182238,数量关系,,单选题,2025-11-16 18:13:34,A,B,错误,模考,,公务员,6,2025下半年省考第三十五季行测模考大赛（江苏A卷）,模考,行测,2026-08-08 23:53:16
11126235,https://www.fenbi.com/spa/tiku/#/xingce/report/3660182238,数量关系,,单选题,2025-11-16 18:13:34,A,A,正确,模考,,公务员,6,2025下半年省考第三十五季行测模考大赛（江苏A卷）,模考,行测,2026-08-08 23:53:16
11126236,https://www.fenbi.com/spa/tiku/#/xingce/report/3660182238,数量关系,,单选题,2025-11-16 18:13:34,0,0,正确,模考,,公务员,7,2025下半年省考第三十五季行测模考大赛（江苏A卷）,模考,行测,2026-08-08 23:53:16
11126237,https://www.fenbi.com/spa/tiku/#/xingce/report/3660182238,数量关系,,单选题,2025-11-16 18:13:34,B,C,错误,模考,,公务员,7,2025下半年省考第三十五季行测模考大赛（江苏A卷）,模考,行测,2026-08-08 23:53:16
11126238,https://www.fenbi.com/spa/tiku/#/xingce/report/3660182238,数量关系,,单选题,2025-11-16 18:13:34,A,A,正确,模考,,公务员,6,2025下半年省考第三十五季行测模考大赛（江苏A卷）,模考,行测,2026-08-08 23:53:16
11126239,https://www.fenbi.com/spa/tiku/#/xingce/report/3660182238,数量关系,,单选题,2025-11-16 18:13:34,B,B,正确,模考,,公务员,4,2025下半年省考第三十五季行测模考大赛（江苏A卷）,模考,行测,2026-08-08 23:53:16
11126240,https://www.fenbi.com/spa/tiku/#/xingce/report/3660182238,数量关系,,单选题,2025-11-16 18:13:34,B,0,错误,模考,,公务员,7,2025下半年省考第三十五季行测模考大赛（江苏A卷）,模考,行测,2026-08-08 23:53:16
11126241,https://www.fenbi.com/spa/tiku/#/xingce/report/3660182238,数量关系,,单选题,2025-11-16 18:13:34,B,A,错误,模考,,公务员,6,2025下半年省考第三十五季行测模考大赛（江苏A卷）,模考,行测,2026-08-08 23:53:16
11126242,https://www.fenbi.com/spa/tiku/#/xingce/report/3660182238,数量关系,,单选题,2025-11-16 18:13:34,B,B,正确,模考,,公务员,5,2025下半年省考第三十五季行测模考大赛（江苏A卷）,模考,行测,2026-08-08 23:53:16
11126243,https://www.fenbi.com/spa/tiku/#/xingce/report/3660182238,数量关系,,单选题,2025-11-16 18:13:34,B,A,错误,模考,,公务员,6,2025下半年省考第三十五季行测模考大赛（江苏A卷）,模考,行测,2026-08-08 23:53:16
11126244,https://www.fenbi.com/spa/tiku/#/xingce/report/3660182238,数量关系,,单选题,2025-11-16 18:13:34,B,C,错误,模考,,公务员,7,2025下半年省考第三十五季行测模考大赛（江苏A卷）,模考,行测,2026-08-08 23:53:16
11126245,https://www.fenbi.com/spa/tiku/#/xingce/report/3660182238,数量关系,,单选题,2025-11-16 18:13:34,B,B,正确,模考,,公务员,6,2025下半年省考第三十五季行测模考大赛（江苏A卷）,模考,行测,2026-08-08 23:53:16
11126246,https://www.fenbi.com/spa/tiku/#/xingce/report/3660182238,数量关系,,单选题,2025-11-16 18:13:34,B,0,错误,模考,,公务员,7,2025下半年省考第三十五季行测模考大赛（江苏A卷）,模考,行测,2026-08-08 23:53:16
11126247,https://www.fenbi.com/spa/tiku/#/xingce/report/3660182238,数量关系,,单选题,2025-11-16 18:13:34,B,C,错误,模考,,公务员,7,2025下半年省考第三十五季行测模考大赛（江苏A卷）,模考,行测,2026-08-08 23:53:16
12688020,https://www.fenbi.com/spa/tiku/#/xingce/report/3660182238,判断推理,,单选题,2025-11-16 18:13:34,A,A,正确,模考,,公务员,3,2025下半年省考第三十五季行测模考大赛（江苏A卷）,模考,行测,2026-08-08 23:53:16
12688021,https://www.fenbi.com/spa/tiku/#/xingce/report/3660182238,判断推理,,单选题,2025-11-16 18:13:34,B,A,错误,模考,,公务员,4,2025下半年省考第三十五季行测模考大赛（江苏A卷）,模考,行测,2026-08-08 23:53:16
11126323,https://www.fenbi.com/spa/tiku/#/xingce/report/3660182238,判断推理,,单选题,2025-11-16 18:13:34,C,C,正确,模考,,公务员,3,2025下半年省考第三十五季行测模考大赛（江苏A卷）,模考,行测,2026-08-08 23:53:16
11126330,https://www.fenbi.com/spa/tiku/#/xingce/report/3660182238,判断推理,,单选题,2025-11-16 18:13:34,C,C,正确,模考,,公务员,3,2025下半年省考第三十五季行测模考大赛（江苏A卷）,模考,行测,2026-08-08 23:53:16
12688022,https://www.fenbi.com/spa/tiku/#/xingce/report/3660182238,判断推理,,单选题,2025-11-16 18:13:34,B,B,正确,模考,,公务员,4,2025下半年省考第三十五季行测模考大赛（江苏A卷）,模考,行测,2026-08-08 23:53:16
12688023,https://www.fenbi.com/spa/tiku/#/xingce/report/3660182238,判断推理,,单选题,2025-11-16 18:13:34,A,A,正确,模考,,公务员,3,2025下半年省考第三十五季行测模考大赛（江苏A卷）,模考,行测,2026-08-08 23:53:16
11126324,https://www.fenbi.com/spa/tiku/#/xingce/report/3660182238,判断推理,,单选题,2025-11-16 18:13:34,B,B,正确,模考,,公务员,3,2025下半年省考第三十五季行测模考大赛（江苏A卷）,模考,行测,2026-08-08 23:53:16
11126331,https://www.fenbi.com/spa/tiku/#/xingce/report/3660182238,判断推理,,单选题,2025-11-16 18:13:34,A,B,错误,模考,,公务员,6,2025下半年省考第三十五季行测模考大赛（江苏A卷）,模考,行测,2026-08-08 23:53:16
12688024,https://www.fenbi.com/spa/tiku/#/xingce/report/3660182238,判断推理,,单选题,2025-11-16 18:13:34,C,0,错误,模考,,公务员,7,2025下半年省考第三十五季行测模考大赛（江苏A卷）,模考,行测,2026-08-08 23:53:16
11126326,https://www.fenbi.com/spa/tiku/#/xingce/report/3660182238,判断推理,,单选题,2025-11-16 18:13:34,0,0,正确,模考,,公务员,4,2025下半年省考第三十五季行测模考大赛（江苏A卷）,模考,行测,2026-08-08 23:53:16
12688000,https://www.fenbi.com/spa/tiku/#/xingce/report/3660182238,判断推理,,单选题,2025-11-16 18:13:34,A,A,正确,模考,,公务员,6,2025下半年省考第三十五季行测模考大赛（江苏A卷）,模考,行测,2026-08-08 23:53:16
12688001,https://www.fenbi.com/spa/tiku/#/xingce/report/3660182238,判断推理,,单选题,2025-11-16 18:13:34,0,0,正确,模考,,公务员,3,2025下半年省考第三十五季行测模考大赛（江苏A卷）,模考,行测,2026-08-08 23:53:16
12688002,https://www.fenbi.com/spa/tiku/#/xingce/report/3660182238,判断推理,,单选题,2025-11-16 18:13:34,B,B,正确,模考,,公务员,4,2025下半年省考第三十五季行测模考大赛（江苏A卷）,模考,行测,2026-08-08 23:53:16
12688003,https://www.fenbi.com/spa/tiku/#/xingce/report/3660182238,判断推理,,单选题,2025-11-16 18:13:34,C,C,正确,模考,,公务员,3,2025下半年省考第三十五季行测模考大赛（江苏A卷）,模考,行测,2026-08-08 23:53:16
11126461,https://www.fenbi.com/spa/tiku/#/xingce/report/3660182238,判断推理,,单选题,2025-11-16 18:13:34,B,B,正确,模考,,公务员,4,2025下半年省考第三十五季行测模考大赛（江苏A卷）,模考,行测,2026-08-08 23:53:16
11126462,https://www.fenbi.com/spa/tiku/#/xingce/report/3660182238,判断推理,,单选题,2025-11-16 18:13:34,B,B,正确,模考,,公务员,4,2025下半年省考第三十五季行测模考大赛（江苏A卷）,模考,行测,2026-08-08 23:53:16
11126463,https://www.fenbi.com/spa/tiku/#/xingce/report/3660182238,判断推理,,单选题,2025-11-16 18:13:34,C,C,正确,模考,,公务员,5,2025下半年省考第三十五季行测模考大赛（江苏A卷）,模考,行测,2026-08-08 23:53:16
11126464,https://www.fenbi.com/spa/tiku/#/xingce/report/3660182238,判断推理,,单选题,2025-11-16 18:13:34,C,C,正确,模考,,公务员,4,2025下半年省考第三十五季行测模考大赛（江苏A卷）,模考,行测,2026-08-08 23:53:16
11126465,https://www.fenbi.com/spa/tiku/#/xingce/report/3660182238,判断推理,,单选题,2025-11-16 18:13:34,B,B,正确,模考,,公务员,4,2025下半年省考第三十五季行测模考大赛（江苏A卷）,模考,行测,2026-08-08 23:53:16
11126466,https://www.fenbi.com/spa/tiku/#/xingce/report/3660182238,判断推理,,单选题,2025-11-16 18:13:34,C,C,正确,模考,,公务员,4,2025下半年省考第三十五季行测模考大赛（江苏A卷）,模考,行测,2026-08-08 23:53:16
12688027,https://www.fenbi.com/spa/tiku/#/xingce/report/3660182238,判断推理,,单选题,2025-11-16 18:13:34,A,C,错误,模考,,公务员,6,2025下半年省考第三十五季行测模考大赛（江苏A卷）,模考,行测,2026-08-08 23:53:16
12688028,https://www.fenbi.com/spa/tiku/#/xingce/report/3660182238,判断推理,,单选题,2025-11-16 18:13:34,B,B,正确,模考,,公务员,3,2025下半年省考第三十五季行测模考大赛（江苏A卷）,模考,行测,2026-08-08 23:53:16
12688029,https://www.fenbi.com/spa/tiku/#/xingce/report/3660182238,判断推理,,单选题,2025-11-16 18:13:34,B,B,正确,模考,,公务员,3,2025下半年省考第三十五季行测模考大赛（江苏A卷）,模考,行测,2026-08-08 23:53:16
11126332,https://www.fenbi.com/spa/tiku/#/xingce/report/3660182238,判断推理,,单选题,2025-11-16 18:13:34,0,0,正确,模考,,公务员,6,2025下半年省考第三十五季行测模考大赛（江苏A卷）,模考,行测,2026-08-08 23:53:16
11126333,https://www.fenbi.com/spa/tiku/#/xingce/report/3660182238,判断推理,,单选题,2025-11-16 18:13:34,B,B,正确,模考,,公务员,4,2025下半年省考第三十五季行测模考大赛（江苏A卷）,模考,行测,2026-08-08 23:53:16
11126334,https://www.fenbi.com/spa/tiku/#/xingce/report/3660182238,判断推理,,单选题,2025-11-16 18:13:34,A,A,正确,模考,,公务员,4,2025下半年省考第三十五季行测模考大赛（江苏A卷）,模考,行测,2026-08-08 23:53:16
11126335,https://www.fenbi.com/spa/tiku/#/xingce/report/3660182238,判断推理,,单选题,2025-11-16 18:13:34,A,A,正确,模考,,公务员,4,2025下半年省考第三十五季行测模考大赛（江苏A卷）,模考,行测,2026-08-08 23:53:16
11126336,https://www.fenbi.com/spa/tiku/#/xingce/report/3660182238,判断推理,,单选题,2025-11-16 18:13:34,B,B,正确,模考,,公务员,4,2025下半年省考第三十五季行测模考大赛（江苏A卷）,模考,行测,2026-08-08 23:53:16
12688031,https://www.fenbi.com/spa/tiku/#/xingce/report/3660182238,判断推理,,单选题,2025-11-16 18:13:34,A,A,正确,模考,,公务员,4,2025下半年省考第三十五季行测模考大赛（江苏A卷）,模考,行测,2026-08-08 23:53:16
12688032,https://www.fenbi.com/spa/tiku/#/xingce/report/3660182238,判断推理,,单选题,2025-11-16 18:13:34,A,A,正确,模考,,公务员,6,2025下半年省考第三十五季行测模考大赛（江苏A卷）,模考,行测,2026-08-08 23:53:16
11126062,https://www.fenbi.com/spa/tiku/#/xingce/report/3660182238,判断推理,,单选题,2025-11-16 18:13:34,C,C,正确,模考,,公务员,4,2025下半年省考第三十五季行测模考大赛（江苏A卷）,模考,行测,2026-08-08 23:53:16
11126060,https://www.fenbi.com/spa/tiku/#/xingce/report/3660182238,判断推理,,单选题,2025-11-16 18:13:34,C,C,正确,模考,,公务员,4,2025下半年省考第三十五季行测模考大赛（江苏A卷）,模考,行测,2026-08-08 23:53:16
11126467,https://www.fenbi.com/spa/tiku/#/xingce/report/3660182238,判断推理,,单选题,2025-11-16 18:13:34,A,A,正确,模考,,公务员,6,2025下半年省考第三十五季行测模考大赛（江苏A卷）,模考,行测,2026-08-08 23:53:16
11126468,https://www.fenbi.com/spa/tiku/#/xingce/report/3660182238,判断推理,,单选题,2025-11-16 18:13:34,0,0,正确,模考,,公务员,7,2025下半年省考第三十五季行测模考大赛（江苏A卷）,模考,行测,2026-08-08 23:53:16
11126469,https://www.fenbi.com/spa/tiku/#/xingce/report/3660182238,判断推理,,单选题,2025-11-16 18:13:34,C,C,正确,模考,,公务员,7,2025下半年省考第三十五季行测模考大赛（江苏A卷）,模考,行测,2026-08-08 23:53:16
12688010,https://www.fenbi.com/spa/tiku/#/xingce/report/3660182238,判断推理,,单选题,2025-11-16 18:13:34,0,B,错误,模考,,公务员,4,2025下半年省考第三十五季行测模考大赛（江苏A卷）,模考,行测,2026-08-08 23:53:16
12688012,https://www.fenbi.com/spa/tiku/#/xingce/report/3660182238,判断推理,,单选题,2025-11-16 18:13:34,0,0,正确,模考,,公务员,3,2025下半年省考第三十五季行测模考大赛（江苏A卷）,模考,行测,2026-08-08 23:53:16
12688013,https://www.fenbi.com/spa/tiku/#/xingce/report/3660182238,判断推理,,单选题,2025-11-16 18:13:34,A,A,正确,模考,,公务员,6,2025下半年省考第三十五季行测模考大赛（江苏A卷）,模考,行测,2026-08-08 23:53:16
12688014,https://www.fenbi.com/spa/tiku/#/xingce/report/3660182238,判断推理,,单选题,2025-11-16 18:13:34,A,B,错误,模考,,公务员,4,2025下半年省考第三十五季行测模考大赛（江苏A卷）,模考,行测,2026-08-08 23:53:16
12688015,https://www.fenbi.com/spa/tiku/#/xingce/report/3660182238,判断推理,,单选题,2025-11-16 18:13:34,A,A,正确,模考,,公务员,3,2025下半年省考第三十五季行测模考大赛（江苏A卷）,模考,行测,2026-08-08 23:53:16
12688016,https://www.fenbi.com/spa/tiku/#/xingce/report/3660182238,判断推理,,单选题,2025-11-16 18:13:34,B,B,正确,模考,,公务员,4,2025下半年省考第三十五季行测模考大赛（江苏A卷）,模考,行测,2026-08-08 23:53:16
12688018,https://www.fenbi.com/spa/tiku/#/xingce/report/3660182238,判断推理,,单选题,2025-11-16 18:13:34,C,C,正确,模考,,公务员,3,2025下半年省考第三十五季行测模考大赛（江苏A卷）,模考,行测,2026-08-08 23:53:16
11126571,https://www.fenbi.com/spa/tiku/#/xingce/report/3660182238,判断推理,,单选题,2025-11-16 18:13:34,A,A,正确,模考,,公务员,4,2025下半年省考第三十五季行测模考大赛（江苏A卷）,模考,行测,2026-08-08 23:53:16
11126572,https://www.fenbi.com/spa/tiku/#/xingce/report/3660182238,判断推理,,单选题,2025-11-16 18:13:34,C,C,正确,模考,,公务员,3,2025下半年省考第三十五季行测模考大赛（江苏A卷）,模考,行测,2026-08-08 23:53:16
11126573,https://www.fenbi.com/spa/tiku/#/xingce/report/3660182238,判断推理,,单选题,2025-11-16 18:13:34,B,B,正确,模考,,公务员,3,2025下半年省考第三十五季行测模考大赛（江苏A卷）,模考,行测,2026-08-08 23:53:16
11126248,https://www.fenbi.com/spa/tiku/#/xingce/report/3660182238,资料分析,,单选题,2025-11-16 18:13:34,A,A,正确,模考,,公务员,4,2025下半年省考第三十五季行测模考大赛（江苏A卷）,模考,行测,2026-08-08 23:53:16
11126249,https://www.fenbi.com/spa/tiku/#/xingce/report/3660182238,资料分析,,单选题,2025-11-16 18:13:34,0,0,正确,模考,,公务员,7,2025下半年省考第三十五季行测模考大赛（江苏A卷）,模考,行测,2026-08-08 23:53:16
11126250,https://www.fenbi.com/spa/tiku/#/xingce/report/3660182238,资料分析,,单选题,2025-11-16 18:13:34,B,B,正确,模考,,公务员,4,2025下半年省考第三十五季行测模考大赛（江苏A卷）,模考,行测,2026-08-08 23:53:16
11126251,https://www.fenbi.com/spa/tiku/#/xingce/report/3660182238,资料分析,,单选题,2025-11-16 18:13:34,C,C,正确,模考,,公务员,6,2025下半年省考第三十五季行测模考大赛（江苏A卷）,模考,行测,2026-08-08 23:53:16
11126252,https://www.fenbi.com/spa/tiku/#/xingce/report/3660182238,资料分析,,单选题,2025-11-16 18:13:34,B,B,正确,模考,,公务员,6,2025下半年省考第三十五季行测模考大赛（江苏A卷）,模考,行测,2026-08-08 23:53:16
11126253,https://www.fenbi.com/spa/tiku/#/xingce/report/3660182238,资料分析,,单选题,2025-11-16 18:13:34,0,0,正确,模考,,公务员,4,2025下半年省考第三十五季行测模考大赛（江苏A卷）,模考,行测,2026-08-08 23:53:16
11126254,https://www.fenbi.com/spa/tiku/#/xingce/report/3660182238,资料分析,,单选题,2025-11-16 18:13:34,B,B,正确,模考,,公务员,4,2025下半年省考第三十五季行测模考大赛（江苏A卷）,模考,行测,2026-08-08 23:53:16
11126255,https://www.fenbi.com/spa/tiku/#/xingce/report/3660182238,资料分析,,单选题,2025-11-16 18:13:34,0,0,正确,模考,,公务员,4,2025下半年省考第三十五季行测模考大赛（江苏A卷）,模考,行测,2026-08-08 23:53:16
11126256,https://www.fenbi.com/spa/tiku/#/xingce/report/3660182238,资料分析,,单选题,2025-11-16 18:13:34,A,A,正确,模考,,公务员,3,2025下半年省考第三十五季行测模考大赛（江苏A卷）,模考,行测,2026-08-08 23:53:16
11126257,https://www.fenbi.com/spa/tiku/#/xingce/report/3660182238,资料分析,,单选题,2025-11-16 18:13:34,C,C,正确,模考,,公务员,5,2025下半年省考第三十五季行测模考大赛（江苏A卷）,模考,行测,2026-08-08 23:53:16
11126258,https://www.fenbi.com/spa/tiku/#/xingce/report/3660182238,资料分析,,单选题,2025-11-16 18:13:34,C,C,正确,模考,,公务员,6,2025下半年省考第三十五季行测模考大赛（江苏A卷）,模考,行测,2026-08-08 23:53:16
11126259,https://www.fenbi.com/spa/tiku/#/xingce/report/3660182238,资料分析,,单选题,2025-11-16 18:13:34,A,A,正确,模考,,公务员,4,2025下半年省考第三十五季行测模考大赛（江苏A卷）,模考,行测,2026-08-08 23:53:16
11126260,https://www.fenbi.com/spa/tiku/#/xingce/report/3660182238,资料分析,,单选题,2025-11-16 18:13:34,0,0,正确,模考,,公务员,6,2025下半年省考第三十五季行测模考大赛（江苏A卷）,模考,行测,2026-08-08 23:53:16
11126261,https://www.fenbi.com/spa/tiku/#/xingce/report/3660182238,资料分析,,单选题,2025-11-16 18:13:34,B,B,正确,模考,,公务员,4,2025下半年省考第三十五季行测模考大赛（江苏A卷）,模考,行测,2026-08-08 23:53:16
11126262,https://www.fenbi.com/spa/tiku/#/xingce/report/3660182238,资料分析,,单选题,2025-11-16 18:13:34,C,C,正确,模考,,公务员,6,2025下半年省考第三十五季行测模考大赛（江苏A卷）,模考,行测,2026-08-08 23:53:16
14095991,https://www.fenbi.com/spa/tiku/#/xingce/report/3660182238,资料分析,,单选题,2025-11-16 18:13:34,A,A,正确,模考,,公务员,4,2025下半年省考第三十五季行测模考大赛（江苏A卷）,模考,行测,2026-08-08 23:53:16
14095993,https://www.fenbi.com/spa/tiku/#/xingce/report/3660182238,资料分析,,单选题,2025-11-16 18:13:34,B,0,错误,模考,,公务员,5,2025下半年省考第三十五季行测模考大赛（江苏A卷）,模考,行测,2026-08-08 23:53:16
14095995,https://www.fenbi.com/spa/tiku/#/xingce/report/3660182238,资料分析,,单选题,2025-11-16 18:13:34,B,0,错误,模考,,公务员,4,2025下半年省考第三十五季行测模考大赛（江苏A卷）,模考,行测,2026-08-08 23:53:16
14095996,https://www.fenbi.com/spa/tiku/#/xingce/report/3660182238,资料分析,,单选题,2025-11-16 18:13:34,B,B,正确,模考,,公务员,3,2025下半年省考第三十五季行测模考大赛（江苏A卷）,模考,行测,2026-08-08 23:53:16
14095997,https://www.fenbi.com/spa/tiku/#/xingce/report/3660182238,资料分析,,单选题,2025-11-16 18:13:34,C,C,正确,模考,,公务员,7,2025下半年省考第三十五季行测模考大赛（江苏A卷）,模考,行测,2026-08-08 23:53:16
19227437,https://www.fenbi.com/spa/tiku/#/xingce/report/3649041760,政治理论,,单选题,2025-11-13 08:33:20,B,B,正确,模考,,公务员,3,2025下半年省考第三十四季行测模考大赛（江苏A卷）,模考,行测,2026-08-08 23:53:16
19227438,https://www.fenbi.com/spa/tiku/#/xingce/report/3649041760,政治理论,,单选题,2025-11-13 08:33:20,B,C,错误,模考,,公务员,5,2025下半年省考第三十四季行测模考大赛（江苏A卷）,模考,行测,2026-08-08 23:53:16
19227440,https://www.fenbi.com/spa/tiku/#/xingce/report/3649041760,政治理论,,单选题,2025-11-13 08:33:20,B,B,正确,模考,,公务员,7,2025下半年省考第三十四季行测模考大赛（江苏A卷）,模考,行测,2026-08-08 23:53:16
19227441,https://www.fenbi.com/spa/tiku/#/xingce/report/3649041760,政治理论,,单选题,2025-11-13 08:33:20,B,A,错误,模考,,公务员,5,2025下半年省考第三十四季行测模考大赛（江苏A卷）,模考,行测,2026-08-08 23:53:16
19227442,https://www.fenbi.com/spa/tiku/#/xingce/report/3649041760,政治理论,,单选题,2025-11-13 08:33:20,B,A,错误,模考,,公务员,4,2025下半年省考第三十四季行测模考大赛（江苏A卷）,模考,行测,2026-08-08 23:53:16
19227444,https://www.fenbi.com/spa/tiku/#/xingce/report/3649041760,政治理论,,单选题,2025-11-13 08:33:20,B,0,错误,模考,,公务员,7,2025下半年省考第三十四季行测模考大赛（江苏A卷）,模考,行测,2026-08-08 23:53:16
19227445,https://www.fenbi.com/spa/tiku/#/xingce/report/3649041760,政治理论,,单选题,2025-11-13 08:33:20,B,B,正确,模考,,公务员,6,2025下半年省考第三十四季行测模考大赛（江苏A卷）,模考,行测,2026-08-08 23:53:16
19227446,https://www.fenbi.com/spa/tiku/#/xingce/report/3649041760,政治理论,,单选题,2025-11-13 08:33:20,B,0,错误,模考,,公务员,7,2025下半年省考第三十四季行测模考大赛（江苏A卷）,模考,行测,2026-08-08 23:53:16
19227447,https://www.fenbi.com/spa/tiku/#/xingce/report/3649041760,政治理论,,单选题,2025-11-13 08:33:20,B,B,正确,模考,,公务员,3,2025下半年省考第三十四季行测模考大赛（江苏A卷）,模考,行测,2026-08-08 23:53:16
19227461,https://www.fenbi.com/spa/tiku/#/xingce/report/3649041760,政治理论,,单选题,2025-11-13 08:33:20,B,C,错误,模考,,公务员,7,2025下半年省考第三十四季行测模考大赛（江苏A卷）,模考,行测,2026-08-08 23:53:16
19227463,https://www.fenbi.com/spa/tiku/#/xingce/report/3649041760,常识判断,,单选题,2025-11-13 08:33:20,B,B,正确,模考,,公务员,6,2025下半年省考第三十四季行测模考大赛（江苏A卷）,模考,行测,2026-08-08 23:53:16
19227464,https://www.fenbi.com/spa/tiku/#/xingce/report/3649041760,常识判断,,单选题,2025-11-13 08:33:20,B,0,错误,模考,,公务员,6,2025下半年省考第三十四季行测模考大赛（江苏A卷）,模考,行测,2026-08-08 23:53:16
19227465,https://www.fenbi.com/spa/tiku/#/xingce/report/3649041760,常识判断,,单选题,2025-11-13 08:33:20,B,B,正确,模考,,公务员,7,2025下半年省考第三十四季行测模考大赛（江苏A卷）,模考,行测,2026-08-08 23:53:16
19227466,https://www.fenbi.com/spa/tiku/#/xingce/report/3649041760,常识判断,,单选题,2025-11-13 08:33:20,B,C,错误,模考,,公务员,4,2025下半年省考第三十四季行测模考大赛（江苏A卷）,模考,行测,2026-08-08 23:53:16
19227484,https://www.fenbi.com/spa/tiku/#/xingce/report/3649041760,常识判断,,单选题,2025-11-13 08:33:20,B,B,正确,模考,,公务员,7,2025下半年省考第三十四季行测模考大赛（江苏A卷）,模考,行测,2026-08-08 23:53:16
19227489,https://www.fenbi.com/spa/tiku/#/xingce/report/3649041760,常识判断,,单选题,2025-11-13 08:33:20,B,A,错误,模考,,公务员,6,2025下半年省考第三十四季行测模考大赛（江苏A卷）,模考,行测,2026-08-08 23:53:16
19227490,https://www.fenbi.com/spa/tiku/#/xingce/report/3649041760,常识判断,,单选题,2025-11-13 08:33:20,B,0,错误,模考,,公务员,4,2025下半年省考第三十四季行测模考大赛（江苏A卷）,模考,行测,2026-08-08 23:53:16
19227492,https://www.fenbi.com/spa/tiku/#/xingce/report/3649041760,常识判断,,单选题,2025-11-13 08:33:20,B,C,错误,模考,,公务员,6,2025下半年省考第三十四季行测模考大赛（江苏A卷）,模考,行测,2026-08-08 23:53:16
19227493,https://www.fenbi.com/spa/tiku/#/xingce/report/3649041760,常识判断,,单选题,2025-11-13 08:33:20,B,B,正确,模考,,公务员,5,2025下半年省考第三十四季行测模考大赛（江苏A卷）,模考,行测,2026-08-08 23:53:16
19227495,https://www.fenbi.com/spa/tiku/#/xingce/report/3649041760,常识判断,,单选题,2025-11-13 08:33:20,B,C,错误,模考,,公务员,4,2025下半年省考第三十四季行测模考大赛（江苏A卷）,模考,行测,2026-08-08 23:53:16
19724372,https://www.fenbi.com/spa/tiku/#/xingce/report/3649041760,言语理解与表达,,单选题,2025-11-13 08:33:20,0,A,错误,模考,,公务员,6,2025下半年省考第三十四季行测模考大赛（江苏A卷）,模考,行测,2026-08-08 23:53:16
19724605,https://www.fenbi.com/spa/tiku/#/xingce/report/3649041760,言语理解与表达,,单选题,2025-11-13 08:33:20,A,A,正确,模考,,公务员,4,2025下半年省考第三十四季行测模考大赛（江苏A卷）,模考,行测,2026-08-08 23:53:16
19724373,https://www.fenbi.com/spa/tiku/#/xingce/report/3649041760,言语理解与表达,,单选题,2025-11-13 08:33:20,B,B,正确,模考,,公务员,6,2025下半年省考第三十四季行测模考大赛（江苏A卷）,模考,行测,2026-08-08 23:53:16
19724374,https://www.fenbi.com/spa/tiku/#/xingce/report/3649041760,言语理解与表达,,单选题,2025-11-13 08:33:20,0,0,正确,模考,,公务员,4,2025下半年省考第三十四季行测模考大赛（江苏A卷）,模考,行测,2026-08-08 23:53:16
19724375,https://www.fenbi.com/spa/tiku/#/xingce/report/3649041760,言语理解与表达,,单选题,2025-11-13 08:33:20,A,A,正确,模考,,公务员,3,2025下半年省考第三十四季行测模考大赛（江苏A卷）,模考,行测,2026-08-08 23:53:16
19724376,https://www.fenbi.com/spa/tiku/#/xingce/report/3649041760,言语理解与表达,,单选题,2025-11-13 08:33:20,A,A,正确,模考,,公务员,3,2025下半年省考第三十四季行测模考大赛（江苏A卷）,模考,行测,2026-08-08 23:53:16
19724377,https://www.fenbi.com/spa/tiku/#/xingce/report/3649041760,言语理解与表达,,单选题,2025-11-13 08:33:20,0,A,错误,模考,,公务员,4,2025下半年省考第三十四季行测模考大赛（江苏A卷）,模考,行测,2026-08-08 23:53:16
19724378,https://www.fenbi.com/spa/tiku/#/xingce/report/3649041760,言语理解与表达,,单选题,2025-11-13 08:33:20,0,A,错误,模考,,公务员,7,2025下半年省考第三十四季行测模考大赛（江苏A卷）,模考,行测,2026-08-08 23:53:16
19724379,https://www.fenbi.com/spa/tiku/#/xingce/report/3649041760,言语理解与表达,,单选题,2025-11-13 08:33:20,B,B,正确,模考,,公务员,3,2025下半年省考第三十四季行测模考大赛（江苏A卷）,模考,行测,2026-08-08 23:53:16
19724381,https://www.fenbi.com/spa/tiku/#/xingce/report/3649041760,言语理解与表达,,单选题,2025-11-13 08:33:20,B,B,正确,模考,,公务员,3,2025下半年省考第三十四季行测模考大赛（江苏A卷）,模考,行测,2026-08-08 23:53:16
19724382,https://www.fenbi.com/spa/tiku/#/xingce/report/3649041760,言语理解与表达,,单选题,2025-11-13 08:33:20,A,A,正确,模考,,公务员,5,2025下半年省考第三十四季行测模考大赛（江苏A卷）,模考,行测,2026-08-08 23:53:16
19724385,https://www.fenbi.com/spa/tiku/#/xingce/report/3649041760,言语理解与表达,,单选题,2025-11-13 08:33:20,0,0,正确,模考,,公务员,3,2025下半年省考第三十四季行测模考大赛（江苏A卷）,模考,行测,2026-08-08 23:53:16
19724386,https://www.fenbi.com/spa/tiku/#/xingce/report/3649041760,言语理解与表达,,单选题,2025-11-13 08:33:20,C,C,正确,模考,,公务员,3,2025下半年省考第三十四季行测模考大赛（江苏A卷）,模考,行测,2026-08-08 23:53:16
19724619,https://www.fenbi.com/spa/tiku/#/xingce/report/3649041760,言语理解与表达,,单选题,2025-11-13 08:33:20,A,0,错误,模考,,公务员,7,2025下半年省考第三十四季行测模考大赛（江苏A卷）,模考,行测,2026-08-08 23:53:16
19724603,https://www.fenbi.com/spa/tiku/#/xingce/report/3649041760,言语理解与表达,,单选题,2025-11-13 08:33:20,A,0,错误,模考,,公务员,7,2025下半年省考第三十四季行测模考大赛（江苏A卷）,模考,行测,2026-08-08 23:53:16
19724360,https://www.fenbi.com/spa/tiku/#/xingce/report/3649041760,言语理解与表达,,单选题,2025-11-13 08:33:20,B,B,正确,模考,,公务员,4,2025下半年省考第三十四季行测模考大赛（江苏A卷）,模考,行测,2026-08-08 23:53:16
19724362,https://www.fenbi.com/spa/tiku/#/xingce/report/3649041760,言语理解与表达,,单选题,2025-11-13 08:33:20,B,0,错误,模考,,公务员,6,2025下半年省考第三十四季行测模考大赛（江苏A卷）,模考,行测,2026-08-08 23:53:16
19724363,https://www.fenbi.com/spa/tiku/#/xingce/report/3649041760,言语理解与表达,,单选题,2025-11-13 08:33:20,B,B,正确,模考,,公务员,3,2025下半年省考第三十四季行测模考大赛（江苏A卷）,模考,行测,2026-08-08 23:53:16
19724364,https://www.fenbi.com/spa/tiku/#/xingce/report/3649041760,言语理解与表达,,单选题,2025-11-13 08:33:20,B,B,正确,模考,,公务员,4,2025下半年省考第三十四季行测模考大赛（江苏A卷）,模考,行测,2026-08-08 23:53:16
19724365,https://www.fenbi.com/spa/tiku/#/xingce/report/3649041760,言语理解与表达,,单选题,2025-11-13 08:33:20,B,0,错误,模考,,公务员,7,2025下半年省考第三十四季行测模考大赛（江苏A卷）,模考,行测,2026-08-08 23:53:16
19724366,https://www.fenbi.com/spa/tiku/#/xingce/report/3649041760,言语理解与表达,,单选题,2025-11-13 08:33:20,A,A,正确,模考,,公务员,6,2025下半年省考第三十四季行测模考大赛（江苏A卷）,模考,行测,2026-08-08 23:53:16
19724368,https://www.fenbi.com/spa/tiku/#/xingce/report/3649041760,言语理解与表达,,单选题,2025-11-13 08:33:20,0,0,正确,模考,,公务员,3,2025下半年省考第三十四季行测模考大赛（江苏A卷）,模考,行测,2026-08-08 23:53:16
19724369,https://www.fenbi.com/spa/tiku/#/xingce/report/3649041760,言语理解与表达,,单选题,2025-11-13 08:33:20,C,C,正确,模考,,公务员,5,2025下半年省考第三十四季行测模考大赛（江苏A卷）,模考,行测,2026-08-08 23:53:16
19724370,https://www.fenbi.com/spa/tiku/#/xingce/report/3649041760,言语理解与表达,,单选题,2025-11-13 08:33:20,0,0,正确,模考,,公务员,4,2025下半年省考第三十四季行测模考大赛（江苏A卷）,模考,行测,2026-08-08 23:53:16
19724371,https://www.fenbi.com/spa/tiku/#/xingce/report/3649041760,言语理解与表达,,单选题,2025-11-13 08:33:20,0,0,正确,模考,,公务员,4,2025下半年省考第三十四季行测模考大赛（江苏A卷）,模考,行测,2026-08-08 23:53:16
19724811,https://www.fenbi.com/spa/tiku/#/xingce/report/3649041760,言语理解与表达,,单选题,2025-11-13 08:33:20,C,C,正确,模考,,公务员,4,2025下半年省考第三十四季行测模考大赛（江苏A卷）,模考,行测,2026-08-08 23:53:16
19724812,https://www.fenbi.com/spa/tiku/#/xingce/report/3649041760,言语理解与表达,,单选题,2025-11-13 08:33:20,0,0,正确,模考,,公务员,3,2025下半年省考第三十四季行测模考大赛（江苏A卷）,模考,行测,2026-08-08 23:53:16
19724813,https://www.fenbi.com/spa/tiku/#/xingce/report/3649041760,言语理解与表达,,单选题,2025-11-13 08:33:20,A,0,错误,模考,,公务员,7,2025下半年省考第三十四季行测模考大赛（江苏A卷）,模考,行测,2026-08-08 23:53:16
19724814,https://www.fenbi.com/spa/tiku/#/xingce/report/3649041760,言语理解与表达,,单选题,2025-11-13 08:33:20,0,0,正确,模考,,公务员,4,2025下半年省考第三十四季行测模考大赛（江苏A卷）,模考,行测,2026-08-08 23:53:16
19724815,https://www.fenbi.com/spa/tiku/#/xingce/report/3649041760,言语理解与表达,,单选题,2025-11-13 08:33:20,0,0,正确,模考,,公务员,3,2025下半年省考第三十四季行测模考大赛（江苏A卷）,模考,行测,2026-08-08 23:53:16
19724753,https://www.fenbi.com/spa/tiku/#/xingce/report/3649041760,数量关系,,单选题,2025-11-13 08:33:20,B,0,错误,模考,,公务员,6,2025下半年省考第三十四季行测模考大赛（江苏A卷）,模考,行测,2026-08-08 23:53:16
19724755,https://www.fenbi.com/spa/tiku/#/xingce/report/3649041760,数量关系,,单选题,2025-11-13 08:33:20,B,C,错误,模考,,公务员,4,2025下半年省考第三十四季行测模考大赛（江苏A卷）,模考,行测,2026-08-08 23:53:16
19724756,https://www.fenbi.com/spa/tiku/#/xingce/report/3649041760,数量关系,,单选题,2025-11-13 08:33:20,B,A,错误,模考,,公务员,3,2025下半年省考第三十四季行测模考大赛（江苏A卷）,模考,行测,2026-08-08 23:53:16
19724757,https://www.fenbi.com/spa/tiku/#/xingce/report/3649041760,数量关系,,单选题,2025-11-13 08:33:20,B,A,错误,模考,,公务员,4,2025下半年省考第三十四季行测模考大赛（江苏A卷）,模考,行测,2026-08-08 23:53:16
19724758,https://www.fenbi.com/spa/tiku/#/xingce/report/3649041760,数量关系,,单选题,2025-11-13 08:33:20,B,B,正确,模考,,公务员,5,2025下半年省考第三十四季行测模考大赛（江苏A卷）,模考,行测,2026-08-08 23:53:16
12108403,https://www.fenbi.com/spa/tiku/#/xingce/report/3649041760,数量关系,,单选题,2025-11-13 08:33:20,B,0,错误,模考,,公务员,7,2025下半年省考第三十四季行测模考大赛（江苏A卷）,模考,行测,2026-08-08 23:53:16
12108404,https://www.fenbi.com/spa/tiku/#/xingce/report/3649041760,数量关系,,单选题,2025-11-13 08:33:20,B,0,错误,模考,,公务员,7,2025下半年省考第三十四季行测模考大赛（江苏A卷）,模考,行测,2026-08-08 23:53:16
12108405,https://www.fenbi.com/spa/tiku/#/xingce/report/3649041760,数量关系,,单选题,2025-11-13 08:33:20,B,B,正确,模考,,公务员,7,2025下半年省考第三十四季行测模考大赛（江苏A卷）,模考,行测,2026-08-08 23:53:16
12108406,https://www.fenbi.com/spa/tiku/#/xingce/report/3649041760,数量关系,,单选题,2025-11-13 08:33:20,B,C,错误,模考,,公务员,7,2025下半年省考第三十四季行测模考大赛（江苏A卷）,模考,行测,2026-08-08 23:53:16
12108407,https://www.fenbi.com/spa/tiku/#/xingce/report/3649041760,数量关系,,单选题,2025-11-13 08:33:20,B,A,错误,模考,,公务员,7,2025下半年省考第三十四季行测模考大赛（江苏A卷）,模考,行测,2026-08-08 23:53:16
12108408,https://www.fenbi.com/spa/tiku/#/xingce/report/3649041760,数量关系,,单选题,2025-11-13 08:33:20,B,B,正确,模考,,公务员,6,2025下半年省考第三十四季行测模考大赛（江苏A卷）,模考,行测,2026-08-08 23:53:16
12108409,https://www.fenbi.com/spa/tiku/#/xingce/report/3649041760,数量关系,,单选题,2025-11-13 08:33:20,B,C,错误,模考,,公务员,7,2025下半年省考第三十四季行测模考大赛（江苏A卷）,模考,行测,2026-08-08 23:53:16
12108410,https://www.fenbi.com/spa/tiku/#/xingce/report/3649041760,数量关系,,单选题,2025-11-13 08:33:20,B,0,错误,模考,,公务员,7,2025下半年省考第三十四季行测模考大赛（江苏A卷）,模考,行测,2026-08-08 23:53:16
12108411,https://www.fenbi.com/spa/tiku/#/xingce/report/3649041760,数量关系,,单选题,2025-11-13 08:33:20,B,B,正确,模考,,公务员,6,2025下半年省考第三十四季行测模考大赛（江苏A卷）,模考,行测,2026-08-08 23:53:16
12108412,https://www.fenbi.com/spa/tiku/#/xingce/report/3649041760,数量关系,,单选题,2025-11-13 08:33:20,B,C,错误,模考,,公务员,7,2025下半年省考第三十四季行测模考大赛（江苏A卷）,模考,行测,2026-08-08 23:53:16
12108413,https://www.fenbi.com/spa/tiku/#/xingce/report/3649041760,数量关系,,单选题,2025-11-13 08:33:20,B,B,正确,模考,,公务员,6,2025下半年省考第三十四季行测模考大赛（江苏A卷）,模考,行测,2026-08-08 23:53:16
12108414,https://www.fenbi.com/spa/tiku/#/xingce/report/3649041760,数量关系,,单选题,2025-11-13 08:33:20,B,A,错误,模考,,公务员,6,2025下半年省考第三十四季行测模考大赛（江苏A卷）,模考,行测,2026-08-08 23:53:16
12108415,https://www.fenbi.com/spa/tiku/#/xingce/report/3649041760,数量关系,,单选题,2025-11-13 08:33:20,B,A,错误,模考,,公务员,6,2025下半年省考第三十四季行测模考大赛（江苏A卷）,模考,行测,2026-08-08 23:53:16
12108416,https://www.fenbi.com/spa/tiku/#/xingce/report/3649041760,数量关系,,单选题,2025-11-13 08:33:20,B,C,错误,模考,,公务员,7,2025下半年省考第三十四季行测模考大赛（江苏A卷）,模考,行测,2026-08-08 23:53:16
12108417,https://www.fenbi.com/spa/tiku/#/xingce/report/3649041760,数量关系,,单选题,2025-11-13 08:33:20,B,A,错误,模考,,公务员,6,2025下半年省考第三十四季行测模考大赛（江苏A卷）,模考,行测,2026-08-08 23:53:16
18650103,https://www.fenbi.com/spa/tiku/#/xingce/report/3649041760,判断推理,,单选题,2025-11-13 08:33:20,0,A,错误,模考,,公务员,4,2025下半年省考第三十四季行测模考大赛（江苏A卷）,模考,行测,2026-08-08 23:53:16
18650104,https://www.fenbi.com/spa/tiku/#/xingce/report/3649041760,判断推理,,单选题,2025-11-13 08:33:20,C,C,正确,模考,,公务员,3,2025下半年省考第三十四季行测模考大赛（江苏A卷）,模考,行测,2026-08-08 23:53:16
15663626,https://www.fenbi.com/spa/tiku/#/xingce/report/3649041760,判断推理,,单选题,2025-11-13 08:33:20,0,0,正确,模考,,公务员,5,2025下半年省考第三十四季行测模考大赛（江苏A卷）,模考,行测,2026-08-08 23:53:16
15663632,https://www.fenbi.com/spa/tiku/#/xingce/report/3649041760,判断推理,,单选题,2025-11-13 08:33:20,B,B,正确,模考,,公务员,4,2025下半年省考第三十四季行测模考大赛（江苏A卷）,模考,行测,2026-08-08 23:53:16
18650105,https://www.fenbi.com/spa/tiku/#/xingce/report/3649041760,判断推理,,单选题,2025-11-13 08:33:20,B,B,正确,模考,,公务员,3,2025下半年省考第三十四季行测模考大赛（江苏A卷）,模考,行测,2026-08-08 23:53:16
18650106,https://www.fenbi.com/spa/tiku/#/xingce/report/3649041760,判断推理,,单选题,2025-11-13 08:33:20,B,B,正确,模考,,公务员,4,2025下半年省考第三十四季行测模考大赛（江苏A卷）,模考,行测,2026-08-08 23:53:16
15663627,https://www.fenbi.com/spa/tiku/#/xingce/report/3649041760,判断推理,,单选题,2025-11-13 08:33:20,A,A,正确,模考,,公务员,6,2025下半年省考第三十四季行测模考大赛（江苏A卷）,模考,行测,2026-08-08 23:53:16
15663633,https://www.fenbi.com/spa/tiku/#/xingce/report/3649041760,判断推理,,单选题,2025-11-13 08:33:20,A,A,正确,模考,,公务员,5,2025下半年省考第三十四季行测模考大赛（江苏A卷）,模考,行测,2026-08-08 23:53:16
18650109,https://www.fenbi.com/spa/tiku/#/xingce/report/3649041760,判断推理,,单选题,2025-11-13 08:33:20,B,B,正确,模考,,公务员,6,2025下半年省考第三十四季行测模考大赛（江苏A卷）,模考,行测,2026-08-08 23:53:16
15663628,https://www.fenbi.com/spa/tiku/#/xingce/report/3649041760,判断推理,,单选题,2025-11-13 08:33:20,B,B,正确,模考,,公务员,7,2025下半年省考第三十四季行测模考大赛（江苏A卷）,模考,行测,2026-08-08 23:53:16
18650068,https://www.fenbi.com/spa/tiku/#/xingce/report/3649041760,判断推理,,单选题,2025-11-13 08:33:20,0,0,正确,模考,,公务员,4,2025下半年省考第三十四季行测模考大赛（江苏A卷）,模考,行测,2026-08-08 23:53:16
18650069,https://www.fenbi.com/spa/tiku/#/xingce/report/3649041760,判断推理,,单选题,2025-11-13 08:33:20,B,B,正确,模考,,公务员,3,2025下半年省考第三十四季行测模考大赛（江苏A卷）,模考,行测,2026-08-08 23:53:16
18650071,https://www.fenbi.com/spa/tiku/#/xingce/report/3649041760,判断推理,,单选题,2025-11-13 08:33:20,B,A,错误,模考,,公务员,7,2025下半年省考第三十四季行测模考大赛（江苏A卷）,模考,行测,2026-08-08 23:53:16
18650072,https://www.fenbi.com/spa/tiku/#/xingce/report/3649041760,判断推理,,单选题,2025-11-13 08:33:20,B,C,错误,模考,,公务员,6,2025下半年省考第三十四季行测模考大赛（江苏A卷）,模考,行测,2026-08-08 23:53:16
15664333,https://www.fenbi.com/spa/tiku/#/xingce/report/3649041760,判断推理,,单选题,2025-11-13 08:33:20,C,B,错误,模考,,公务员,4,2025下半年省考第三十四季行测模考大赛（江苏A卷）,模考,行测,2026-08-08 23:53:16
15664335,https://www.fenbi.com/spa/tiku/#/xingce/report/3649041760,判断推理,,单选题,2025-11-13 08:33:20,C,C,正确,模考,,公务员,4,2025下半年省考第三十四季行测模考大赛（江苏A卷）,模考,行测,2026-08-08 23:53:16
15664336,https://www.fenbi.com/spa/tiku/#/xingce/report/3649041760,判断推理,,单选题,2025-11-13 08:33:20,C,C,正确,模考,,公务员,4,2025下半年省考第三十四季行测模考大赛（江苏A卷）,模考,行测,2026-08-08 23:53:16
15664337,https://www.fenbi.com/spa/tiku/#/xingce/report/3649041760,判断推理,,单选题,2025-11-13 08:33:20,A,0,错误,模考,,公务员,6,2025下半年省考第三十四季行测模考大赛（江苏A卷）,模考,行测,2026-08-08 23:53:16
15664338,https://www.fenbi.com/spa/tiku/#/xingce/report/3649041760,判断推理,,单选题,2025-11-13 08:33:20,0,0,正确,模考,,公务员,6,2025下半年省考第三十四季行测模考大赛（江苏A卷）,模考,行测,2026-08-08 23:53:16
15664339,https://www.fenbi.com/spa/tiku/#/xingce/report/3649041760,判断推理,,单选题,2025-11-13 08:33:20,C,C,正确,模考,,公务员,5,2025下半年省考第三十四季行测模考大赛（江苏A卷）,模考,行测,2026-08-08 23:53:16
18650113,https://www.fenbi.com/spa/tiku/#/xingce/report/3649041760,判断推理,,单选题,2025-11-13 08:33:20,0,0,正确,模考,,公务员,4,2025下半年省考第三十四季行测模考大赛（江苏A卷）,模考,行测,2026-08-08 23:53:16
18650116,https://www.fenbi.com/spa/tiku/#/xingce/report/3649041760,判断推理,,单选题,2025-11-13 08:33:20,A,A,正确,模考,,公务员,3,2025下半年省考第三十四季行测模考大赛（江苏A卷）,模考,行测,2026-08-08 23:53:16
18650117,https://www.fenbi.com/spa/tiku/#/xingce/report/3649041760,判断推理,,单选题,2025-11-13 08:33:20,B,B,正确,模考,,公务员,3,2025下半年省考第三十四季行测模考大赛（江苏A卷）,模考,行测,2026-08-08 23:53:16
15663634,https://www.fenbi.com/spa/tiku/#/xingce/report/3649041760,判断推理,,单选题,2025-11-13 08:33:20,C,C,正确,模考,,公务员,4,2025下半年省考第三十四季行测模考大赛（江苏A卷）,模考,行测,2026-08-08 23:53:16
15663635,https://www.fenbi.com/spa/tiku/#/xingce/report/3649041760,判断推理,,单选题,2025-11-13 08:33:20,B,B,正确,模考,,公务员,4,2025下半年省考第三十四季行测模考大赛（江苏A卷）,模考,行测,2026-08-08 23:53:16
15663636,https://www.fenbi.com/spa/tiku/#/xingce/report/3649041760,判断推理,,单选题,2025-11-13 08:33:20,B,B,正确,模考,,公务员,3,2025下半年省考第三十四季行测模考大赛（江苏A卷）,模考,行测,2026-08-08 23:53:16
15663637,https://www.fenbi.com/spa/tiku/#/xingce/report/3649041760,判断推理,,单选题,2025-11-13 08:33:20,C,C,正确,模考,,公务员,3,2025下半年省考第三十四季行测模考大赛（江苏A卷）,模考,行测,2026-08-08 23:53:16
15663638,https://www.fenbi.com/spa/tiku/#/xingce/report/3649041760,判断推理,,单选题,2025-11-13 08:33:20,0,0,正确,模考,,公务员,6,2025下半年省考第三十四季行测模考大赛（江苏A卷）,模考,行测,2026-08-08 23:53:16
18650122,https://www.fenbi.com/spa/tiku/#/xingce/report/3649041760,判断推理,,单选题,2025-11-13 08:33:20,0,0,正确,模考,,公务员,4,2025下半年省考第三十四季行测模考大赛（江苏A卷）,模考,行测,2026-08-08 23:53:16
18650123,https://www.fenbi.com/spa/tiku/#/xingce/report/3649041760,判断推理,,单选题,2025-11-13 08:33:20,B,B,正确,模考,,公务员,5,2025下半年省考第三十四季行测模考大赛（江苏A卷）,模考,行测,2026-08-08 23:53:16
12108927,https://www.fenbi.com/spa/tiku/#/xingce/report/3649041760,判断推理,,单选题,2025-11-13 08:33:20,A,A,正确,模考,,公务员,3,2025下半年省考第三十四季行测模考大赛（江苏A卷）,模考,行测,2026-08-08 23:53:16
12108929,https://www.fenbi.com/spa/tiku/#/xingce/report/3649041760,判断推理,,单选题,2025-11-13 08:33:20,C,C,正确,模考,,公务员,3,2025下半年省考第三十四季行测模考大赛（江苏A卷）,模考,行测,2026-08-08 23:53:16
15664340,https://www.fenbi.com/spa/tiku/#/xingce/report/3649041760,判断推理,,单选题,2025-11-13 08:33:20,0,0,正确,模考,,公务员,7,2025下半年省考第三十四季行测模考大赛（江苏A卷）,模考,行测,2026-08-08 23:53:16
15664343,https://www.fenbi.com/spa/tiku/#/xingce/report/3649041760,判断推理,,单选题,2025-11-13 08:33:20,A,A,正确,模考,,公务员,4,2025下半年省考第三十四季行测模考大赛（江苏A卷）,模考,行测,2026-08-08 23:53:16
15664345,https://www.fenbi.com/spa/tiku/#/xingce/report/3649041760,判断推理,,单选题,2025-11-13 08:33:20,B,B,正确,模考,,公务员,5,2025下半年省考第三十四季行测模考大赛（江苏A卷）,模考,行测,2026-08-08 23:53:16
18650084,https://www.fenbi.com/spa/tiku/#/xingce/report/3649041760,判断推理,,单选题,2025-11-13 08:33:20,C,C,正确,模考,,公务员,4,2025下半年省考第三十四季行测模考大赛（江苏A卷）,模考,行测,2026-08-08 23:53:16
18650085,https://www.fenbi.com/spa/tiku/#/xingce/report/3649041760,判断推理,,单选题,2025-11-13 08:33:20,B,B,正确,模考,,公务员,3,2025下半年省考第三十四季行测模考大赛（江苏A卷）,模考,行测,2026-08-08 23:53:16
18650088,https://www.fenbi.com/spa/tiku/#/xingce/report/3649041760,判断推理,,单选题,2025-11-13 08:33:20,0,0,正确,模考,,公务员,4,2025下半年省考第三十四季行测模考大赛（江苏A卷）,模考,行测,2026-08-08 23:53:16
18650094,https://www.fenbi.com/spa/tiku/#/xingce/report/3649041760,判断推理,,单选题,2025-11-13 08:33:20,A,A,正确,模考,,公务员,3,2025下半年省考第三十四季行测模考大赛（江苏A卷）,模考,行测,2026-08-08 23:53:16
18650096,https://www.fenbi.com/spa/tiku/#/xingce/report/3649041760,判断推理,,单选题,2025-11-13 08:33:20,B,B,正确,模考,,公务员,3,2025下半年省考第三十四季行测模考大赛（江苏A卷）,模考,行测,2026-08-08 23:53:16
18650098,https://www.fenbi.com/spa/tiku/#/xingce/report/3649041760,判断推理,,单选题,2025-11-13 08:33:20,C,C,正确,模考,,公务员,3,2025下半年省考第三十四季行测模考大赛（江苏A卷）,模考,行测,2026-08-08 23:53:16
18650100,https://www.fenbi.com/spa/tiku/#/xingce/report/3649041760,判断推理,,单选题,2025-11-13 08:33:20,A,A,正确,模考,,公务员,4,2025下半年省考第三十四季行测模考大赛（江苏A卷）,模考,行测,2026-08-08 23:53:16
12108799,https://www.fenbi.com/spa/tiku/#/xingce/report/3649041760,判断推理,,单选题,2025-11-13 08:33:20,0,0,正确,模考,,公务员,3,2025下半年省考第三十四季行测模考大赛（江苏A卷）,模考,行测,2026-08-08 23:53:16
12108801,https://www.fenbi.com/spa/tiku/#/xingce/report/3649041760,判断推理,,单选题,2025-11-13 08:33:20,A,A,正确,模考,,公务员,3,2025下半年省考第三十四季行测模考大赛（江苏A卷）,模考,行测,2026-08-08 23:53:16
12108804,https://www.fenbi.com/spa/tiku/#/xingce/report/3649041760,判断推理,,单选题,2025-11-13 08:33:20,B,B,正确,模考,,公务员,4,2025下半年省考第三十四季行测模考大赛（江苏A卷）,模考,行测,2026-08-08 23:53:16
12108418,https://www.fenbi.com/spa/tiku/#/xingce/report/3649041760,资料分析,,单选题,2025-11-13 08:33:20,A,A,正确,模考,,公务员,5,2025下半年省考第三十四季行测模考大赛（江苏A卷）,模考,行测,2026-08-08 23:53:16
12108419,https://www.fenbi.com/spa/tiku/#/xingce/report/3649041760,资料分析,,单选题,2025-11-13 08:33:20,0,0,正确,模考,,公务员,6,2025下半年省考第三十四季行测模考大赛（江苏A卷）,模考,行测,2026-08-08 23:53:16
12108420,https://www.fenbi.com/spa/tiku/#/xingce/report/3649041760,资料分析,,单选题,2025-11-13 08:33:20,B,A,错误,模考,,公务员,4,2025下半年省考第三十四季行测模考大赛（江苏A卷）,模考,行测,2026-08-08 23:53:16
12108421,https://www.fenbi.com/spa/tiku/#/xingce/report/3649041760,资料分析,,单选题,2025-11-13 08:33:20,B,B,正确,模考,,公务员,3,2025下半年省考第三十四季行测模考大赛（江苏A卷）,模考,行测,2026-08-08 23:53:16
12108422,https://www.fenbi.com/spa/tiku/#/xingce/report/3649041760,资料分析,,单选题,2025-11-13 08:33:20,A,A,正确,模考,,公务员,4,2025下半年省考第三十四季行测模考大赛（江苏A卷）,模考,行测,2026-08-08 23:53:16
12108423,https://www.fenbi.com/spa/tiku/#/xingce/report/3649041760,资料分析,,单选题,2025-11-13 08:33:20,A,A,正确,模考,,公务员,3,2025下半年省考第三十四季行测模考大赛（江苏A卷）,模考,行测,2026-08-08 23:53:16
12108424,https://www.fenbi.com/spa/tiku/#/xingce/report/3649041760,资料分析,,单选题,2025-11-13 08:33:20,A,A,正确,模考,,公务员,3,2025下半年省考第三十四季行测模考大赛（江苏A卷）,模考,行测,2026-08-08 23:53:16
12108425,https://www.fenbi.com/spa/tiku/#/xingce/report/3649041760,资料分析,,单选题,2025-11-13 08:33:20,C,C,正确,模考,,公务员,4,2025下半年省考第三十四季行测模考大赛（江苏A卷）,模考,行测,2026-08-08 23:53:16
12108426,https://www.fenbi.com/spa/tiku/#/xingce/report/3649041760,资料分析,,单选题,2025-11-13 08:33:20,C,C,正确,模考,,公务员,7,2025下半年省考第三十四季行测模考大赛（江苏A卷）,模考,行测,2026-08-08 23:53:16
12108427,https://www.fenbi.com/spa/tiku/#/xingce/report/3649041760,资料分析,,单选题,2025-11-13 08:33:20,B,B,正确,模考,,公务员,6,2025下半年省考第三十四季行测模考大赛（江苏A卷）,模考,行测,2026-08-08 23:53:16
12108428,https://www.fenbi.com/spa/tiku/#/xingce/report/3649041760,资料分析,,单选题,2025-11-13 08:33:20,C,A,错误,模考,,公务员,4,2025下半年省考第三十四季行测模考大赛（江苏A卷）,模考,行测,2026-08-08 23:53:16
12108429,https://www.fenbi.com/spa/tiku/#/xingce/report/3649041760,资料分析,,单选题,2025-11-13 08:33:20,0,0,正确,模考,,公务员,6,2025下半年省考第三十四季行测模考大赛（江苏A卷）,模考,行测,2026-08-08 23:53:16
12108430,https://www.fenbi.com/spa/tiku/#/xingce/report/3649041760,资料分析,,单选题,2025-11-13 08:33:20,A,A,正确,模考,,公务员,5,2025下半年省考第三十四季行测模考大赛（江苏A卷）,模考,行测,2026-08-08 23:53:16
12108431,https://www.fenbi.com/spa/tiku/#/xingce/report/3649041760,资料分析,,单选题,2025-11-13 08:33:20,C,C,正确,模考,,公务员,6,2025下半年省考第三十四季行测模考大赛（江苏A卷）,模考,行测,2026-08-08 23:53:16
12108432,https://www.fenbi.com/spa/tiku/#/xingce/report/3649041760,资料分析,,单选题,2025-11-13 08:33:20,B,C,错误,模考,,公务员,7,2025下半年省考第三十四季行测模考大赛（江苏A卷）,模考,行测,2026-08-08 23:53:16
19724766,https://www.fenbi.com/spa/tiku/#/xingce/report/3649041760,资料分析,,单选题,2025-11-13 08:33:20,A,A,正确,模考,,公务员,3,2025下半年省考第三十四季行测模考大赛（江苏A卷）,模考,行测,2026-08-08 23:53:16
19724767,https://www.fenbi.com/spa/tiku/#/xingce/report/3649041760,资料分析,,单选题,2025-11-13 08:33:20,A,C,错误,模考,,公务员,6,2025下半年省考第三十四季行测模考大赛（江苏A卷）,模考,行测,2026-08-08 23:53:16
19724769,https://www.fenbi.com/spa/tiku/#/xingce/report/3649041760,资料分析,,单选题,2025-11-13 08:33:20,C,C,正确,模考,,公务员,4,2025下半年省考第三十四季行测模考大赛（江苏A卷）,模考,行测,2026-08-08 23:53:16
19724771,https://www.fenbi.com/spa/tiku/#/xingce/report/3649041760,资料分析,,单选题,2025-11-13 08:33:20,B,B,正确,模考,,公务员,5,2025下半年省考第三十四季行测模考大赛（江苏A卷）,模考,行测,2026-08-08 23:53:16
19724773,https://www.fenbi.com/spa/tiku/#/xingce/report/3649041760,资料分析,,单选题,2025-11-13 08:33:20,B,C,错误,模考,,公务员,6,2025下半年省考第三十四季行测模考大赛（江苏A卷）,模考,行测,2026-08-08 23:53:16
19509429,https://www.fenbi.com/spa/tiku/#/xingce/report/3647063941,资料分析,,单选题,2025-11-12 16:36:40,A,A,正确,模考,,公务员,4,2025下半年省考第二十八季行测模考大赛（江苏A卷）,模考,行测,2026-08-08 23:53:16
19509430,https://www.fenbi.com/spa/tiku/#/xingce/report/3647063941,资料分析,,单选题,2025-11-12 16:36:40,B,B,正确,模考,,公务员,4,2025下半年省考第二十八季行测模考大赛（江苏A卷）,模考,行测,2026-08-08 23:53:16
16900996,https://www.fenbi.com/spa/tiku/#/xingce/report/3647063941,资料分析,,单选题,2025-11-12 16:36:40,A,A,正确,模考,,公务员,4,2025下半年省考第二十八季行测模考大赛（江苏A卷）,模考,行测,2026-08-08 23:53:16
16900997,https://www.fenbi.com/spa/tiku/#/xingce/report/3647063941,资料分析,,单选题,2025-11-12 16:36:40,C,C,正确,模考,,公务员,4,2025下半年省考第二十八季行测模考大赛（江苏A卷）,模考,行测,2026-08-08 23:53:16
16900998,https://www.fenbi.com/spa/tiku/#/xingce/report/3647063941,资料分析,,单选题,2025-11-12 16:36:40,0,0,正确,模考,,公务员,4,2025下半年省考第二十八季行测模考大赛（江苏A卷）,模考,行测,2026-08-08 23:53:16
16901001,https://www.fenbi.com/spa/tiku/#/xingce/report/3647063941,资料分析,,单选题,2025-11-12 16:36:40,B,B,正确,模考,,公务员,4,2025下半年省考第二十八季行测模考大赛（江苏A卷）,模考,行测,2026-08-08 23:53:16
16901002,https://www.fenbi.com/spa/tiku/#/xingce/report/3647063941,资料分析,,单选题,2025-11-12 16:36:40,B,A,错误,模考,,公务员,4,2025下半年省考第二十八季行测模考大赛（江苏A卷）,模考,行测,2026-08-08 23:53:16
19509416,https://www.fenbi.com/spa/tiku/#/xingce/report/3647063941,资料分析,,单选题,2025-11-12 16:36:40,A,A,正确,模考,,公务员,4,2025下半年省考第二十八季行测模考大赛（江苏A卷）,模考,行测,2026-08-08 23:53:16
19509417,https://www.fenbi.com/spa/tiku/#/xingce/report/3647063941,资料分析,,单选题,2025-11-12 16:36:40,A,C,错误,模考,,公务员,7,2025下半年省考第二十八季行测模考大赛（江苏A卷）,模考,行测,2026-08-08 23:53:16
19509418,https://www.fenbi.com/spa/tiku/#/xingce/report/3647063941,资料分析,,单选题,2025-11-12 16:36:40,B,B,正确,模考,,公务员,6,2025下半年省考第二十八季行测模考大赛（江苏A卷）,模考,行测,2026-08-08 23:53:16
19509419,https://www.fenbi.com/spa/tiku/#/xingce/report/3647063941,资料分析,,单选题,2025-11-12 16:36:40,B,B,正确,模考,,公务员,4,2025下半年省考第二十八季行测模考大赛（江苏A卷）,模考,行测,2026-08-08 23:53:16
19509420,https://www.fenbi.com/spa/tiku/#/xingce/report/3647063941,资料分析,,单选题,2025-11-12 16:36:40,A,C,错误,模考,,公务员,6,2025下半年省考第二十八季行测模考大赛（江苏A卷）,模考,行测,2026-08-08 23:53:16
19509421,https://www.fenbi.com/spa/tiku/#/xingce/report/3647063941,资料分析,,单选题,2025-11-12 16:36:40,A,B,错误,模考,,公务员,5,2025下半年省考第二十八季行测模考大赛（江苏A卷）,模考,行测,2026-08-08 23:53:16
19509422,https://www.fenbi.com/spa/tiku/#/xingce/report/3647063941,资料分析,,单选题,2025-11-12 16:36:40,A,A,正确,模考,,公务员,4,2025下半年省考第二十八季行测模考大赛（江苏A卷）,模考,行测,2026-08-08 23:53:16
19509423,https://www.fenbi.com/spa/tiku/#/xingce/report/3647063941,资料分析,,单选题,2025-11-12 16:36:40,C,0,错误,模考,,公务员,4,2025下半年省考第二十八季行测模考大赛（江苏A卷）,模考,行测,2026-08-08 23:53:16
19509424,https://www.fenbi.com/spa/tiku/#/xingce/report/3647063941,资料分析,,单选题,2025-11-12 16:36:40,0,A,错误,模考,,公务员,5,2025下半年省考第二十八季行测模考大赛（江苏A卷）,模考,行测,2026-08-08 23:53:16
19509425,https://www.fenbi.com/spa/tiku/#/xingce/report/3647063941,资料分析,,单选题,2025-11-12 16:36:40,0,B,错误,模考,,公务员,5,2025下半年省考第二十八季行测模考大赛（江苏A卷）,模考,行测,2026-08-08 23:53:16
19509426,https://www.fenbi.com/spa/tiku/#/xingce/report/3647063941,资料分析,,单选题,2025-11-12 16:36:40,C,C,正确,模考,,公务员,7,2025下半年省考第二十八季行测模考大赛（江苏A卷）,模考,行测,2026-08-08 23:53:16
19509427,https://www.fenbi.com/spa/tiku/#/xingce/report/3647063941,资料分析,,单选题,2025-11-12 16:36:40,0,0,正确,模考,,公务员,6,2025下半年省考第二十八季行测模考大赛（江苏A卷）,模考,行测,2026-08-08 23:53:16
19509428,https://www.fenbi.com/spa/tiku/#/xingce/report/3647063941,资料分析,,单选题,2025-11-12 16:36:40,C,C,正确,模考,,公务员,4,2025下半年省考第二十八季行测模考大赛（江苏A卷）,模考,行测,2026-08-08 23:53:16
11569394,https://www.fenbi.com/spa/tiku/#/xingce/report/3643062304,政治理论,,单选题,2025-11-11 16:00:35,A,A,正确,模考,,公务员,7,2025下半年省考第二十九季行测模考大赛（江苏A卷）,模考,行测,2026-08-08 23:53:16
11569396,https://www.fenbi.com/spa/tiku/#/xingce/report/3643062304,政治理论,,单选题,2025-11-11 16:00:35,A,C,错误,模考,,公务员,7,2025下半年省考第二十九季行测模考大赛（江苏A卷）,模考,行测,2026-08-08 23:53:16
11569402,https://www.fenbi.com/spa/tiku/#/xingce/report/3643062304,政治理论,,单选题,2025-11-11 16:00:35,A,A,正确,模考,,公务员,6,2025下半年省考第二十九季行测模考大赛（江苏A卷）,模考,行测,2026-08-08 23:53:16
11569404,https://www.fenbi.com/spa/tiku/#/xingce/report/3643062304,政治理论,,单选题,2025-11-11 16:00:35,A,0,错误,模考,,公务员,7,2025下半年省考第二十九季行测模考大赛（江苏A卷）,模考,行测,2026-08-08 23:53:16
11569406,https://www.fenbi.com/spa/tiku/#/xingce/report/3643062304,政治理论,,单选题,2025-11-11 16:00:35,A,0,错误,模考,,公务员,6,2025下半年省考第二十九季行测模考大赛（江苏A卷）,模考,行测,2026-08-08 23:53:16
11569411,https://www.fenbi.com/spa/tiku/#/xingce/report/3643062304,政治理论,,单选题,2025-11-11 16:00:35,A,B,错误,模考,,公务员,6,2025下半年省考第二十九季行测模考大赛（江苏A卷）,模考,行测,2026-08-08 23:53:16
11569413,https://www.fenbi.com/spa/tiku/#/xingce/report/3643062304,政治理论,,单选题,2025-11-11 16:00:35,A,A,正确,模考,,公务员,5,2025下半年省考第二十九季行测模考大赛（江苏A卷）,模考,行测,2026-08-08 23:53:16
11569416,https://www.fenbi.com/spa/tiku/#/xingce/report/3643062304,政治理论,,单选题,2025-11-11 16:00:35,A,0,错误,模考,,公务员,7,2025下半年省考第二十九季行测模考大赛（江苏A卷）,模考,行测,2026-08-08 23:53:16
11569417,https://www.fenbi.com/spa/tiku/#/xingce/report/3643062304,政治理论,,单选题,2025-11-11 16:00:35,A,B,错误,模考,,公务员,3,2025下半年省考第二十九季行测模考大赛（江苏A卷）,模考,行测,2026-08-08 23:53:16
11569446,https://www.fenbi.com/spa/tiku/#/xingce/report/3643062304,政治理论,,单选题,2025-11-11 16:00:35,A,0,错误,模考,,公务员,6,2025下半年省考第二十九季行测模考大赛（江苏A卷）,模考,行测,2026-08-08 23:53:16
11569448,https://www.fenbi.com/spa/tiku/#/xingce/report/3643062304,常识判断,,单选题,2025-11-11 16:00:35,A,0,错误,模考,,公务员,7,2025下半年省考第二十九季行测模考大赛（江苏A卷）,模考,行测,2026-08-08 23:53:16
11569451,https://www.fenbi.com/spa/tiku/#/xingce/report/3643062304,常识判断,,单选题,2025-11-11 16:00:35,A,0,错误,模考,,公务员,6,2025下半年省考第二十九季行测模考大赛（江苏A卷）,模考,行测,2026-08-08 23:53:16
11569454,https://www.fenbi.com/spa/tiku/#/xingce/report/3643062304,常识判断,,单选题,2025-11-11 16:00:35,A,B,错误,模考,,公务员,3,2025下半年省考第二十九季行测模考大赛（江苏A卷）,模考,行测,2026-08-08 23:53:16
11569456,https://www.fenbi.com/spa/tiku/#/xingce/report/3643062304,常识判断,,单选题,2025-11-11 16:00:35,A,C,错误,模考,,公务员,6,2025下半年省考第二十九季行测模考大赛（江苏A卷）,模考,行测,2026-08-08 23:53:16
11569493,https://www.fenbi.com/spa/tiku/#/xingce/report/3643062304,常识判断,,单选题,2025-11-11 16:00:35,A,B,错误,模考,,公务员,6,2025下半年省考第二十九季行测模考大赛（江苏A卷）,模考,行测,2026-08-08 23:53:16
11569501,https://www.fenbi.com/spa/tiku/#/xingce/report/3643062304,常识判断,,单选题,2025-11-11 16:00:35,A,B,错误,模考,,公务员,6,2025下半年省考第二十九季行测模考大赛（江苏A卷）,模考,行测,2026-08-08 23:53:16
11569503,https://www.fenbi.com/spa/tiku/#/xingce/report/3643062304,常识判断,,单选题,2025-11-11 16:00:35,A,0,错误,模考,,公务员,5,2025下半年省考第二十九季行测模考大赛（江苏A卷）,模考,行测,2026-08-08 23:53:16
11569505,https://www.fenbi.com/spa/tiku/#/xingce/report/3643062304,常识判断,,单选题,2025-11-11 16:00:35,A,B,错误,模考,,公务员,7,2025下半年省考第二十九季行测模考大赛（江苏A卷）,模考,行测,2026-08-08 23:53:16
11569506,https://www.fenbi.com/spa/tiku/#/xingce/report/3643062304,常识判断,,单选题,2025-11-11 16:00:35,A,0,错误,模考,,公务员,6,2025下半年省考第二十九季行测模考大赛（江苏A卷）,模考,行测,2026-08-08 23:53:16
11569510,https://www.fenbi.com/spa/tiku/#/xingce/report/3643062304,常识判断,,单选题,2025-11-11 16:00:35,A,B,错误,模考,,公务员,6,2025下半年省考第二十九季行测模考大赛（江苏A卷）,模考,行测,2026-08-08 23:53:16
14877107,https://www.fenbi.com/spa/tiku/#/xingce/report/3643062304,言语理解与表达,,单选题,2025-11-11 16:00:35,B,B,正确,模考,,公务员,3,2025下半年省考第二十九季行测模考大赛（江苏A卷）,模考,行测,2026-08-08 23:53:16
14877496,https://www.fenbi.com/spa/tiku/#/xingce/report/3643062304,言语理解与表达,,单选题,2025-11-11 16:00:35,A,A,正确,模考,,公务员,3,2025下半年省考第二十九季行测模考大赛（江苏A卷）,模考,行测,2026-08-08 23:53:16
14877108,https://www.fenbi.com/spa/tiku/#/xingce/report/3643062304,言语理解与表达,,单选题,2025-11-11 16:00:35,A,A,正确,模考,,公务员,6,2025下半年省考第二十九季行测模考大赛（江苏A卷）,模考,行测,2026-08-08 23:53:16
14877109,https://www.fenbi.com/spa/tiku/#/xingce/report/3643062304,言语理解与表达,,单选题,2025-11-11 16:00:35,0,B,错误,模考,,公务员,4,2025下半年省考第二十九季行测模考大赛（江苏A卷）,模考,行测,2026-08-08 23:53:16
14877110,https://www.fenbi.com/spa/tiku/#/xingce/report/3643062304,言语理解与表达,,单选题,2025-11-11 16:00:35,C,C,正确,模考,,公务员,4,2025下半年省考第二十九季行测模考大赛（江苏A卷）,模考,行测,2026-08-08 23:53:16
14877111,https://www.fenbi.com/spa/tiku/#/xingce/report/3643062304,言语理解与表达,,单选题,2025-11-11 16:00:35,B,B,正确,模考,,公务员,5,2025下半年省考第二十九季行测模考大赛（江苏A卷）,模考,行测,2026-08-08 23:53:16
14877112,https://www.fenbi.com/spa/tiku/#/xingce/report/3643062304,言语理解与表达,,单选题,2025-11-11 16:00:35,C,C,正确,模考,,公务员,6,2025下半年省考第二十九季行测模考大赛（江苏A卷）,模考,行测,2026-08-08 23:53:16
14877114,https://www.fenbi.com/spa/tiku/#/xingce/report/3643062304,言语理解与表达,,单选题,2025-11-11 16:00:35,B,B,正确,模考,,公务员,3,2025下半年省考第二十九季行测模考大赛（江苏A卷）,模考,行测,2026-08-08 23:53:16
14877116,https://www.fenbi.com/spa/tiku/#/xingce/report/3643062304,言语理解与表达,,单选题,2025-11-11 16:00:35,C,C,正确,模考,,公务员,3,2025下半年省考第二十九季行测模考大赛（江苏A卷）,模考,行测,2026-08-08 23:53:16
14877120,https://www.fenbi.com/spa/tiku/#/xingce/report/3643062304,言语理解与表达,,单选题,2025-11-11 16:00:35,A,A,正确,模考,,公务员,3,2025下半年省考第二十九季行测模考大赛（江苏A卷）,模考,行测,2026-08-08 23:53:16
14877122,https://www.fenbi.com/spa/tiku/#/xingce/report/3643062304,言语理解与表达,,单选题,2025-11-11 16:00:35,0,0,正确,模考,,公务员,3,2025下半年省考第二十九季行测模考大赛（江苏A卷）,模考,行测,2026-08-08 23:53:16
14877125,https://www.fenbi.com/spa/tiku/#/xingce/report/3643062304,言语理解与表达,,单选题,2025-11-11 16:00:35,A,A,正确,模考,,公务员,6,2025下半年省考第二十九季行测模考大赛（江苏A卷）,模考,行测,2026-08-08 23:53:16
14877126,https://www.fenbi.com/spa/tiku/#/xingce/report/3643062304,言语理解与表达,,单选题,2025-11-11 16:00:35,A,A,正确,模考,,公务员,3,2025下半年省考第二十九季行测模考大赛（江苏A卷）,模考,行测,2026-08-08 23:53:16
14877513,https://www.fenbi.com/spa/tiku/#/xingce/report/3643062304,言语理解与表达,,单选题,2025-11-11 16:00:35,A,A,正确,模考,,公务员,4,2025下半年省考第二十九季行测模考大赛（江苏A卷）,模考,行测,2026-08-08 23:53:16
14877493,https://www.fenbi.com/spa/tiku/#/xingce/report/3643062304,言语理解与表达,,单选题,2025-11-11 16:00:35,B,B,正确,模考,,公务员,3,2025下半年省考第二十九季行测模考大赛（江苏A卷）,模考,行测,2026-08-08 23:53:16
14877095,https://www.fenbi.com/spa/tiku/#/xingce/report/3643062304,言语理解与表达,,单选题,2025-11-11 16:00:35,B,B,正确,模考,,公务员,4,2025下半年省考第二十九季行测模考大赛（江苏A卷）,模考,行测,2026-08-08 23:53:16
14877097,https://www.fenbi.com/spa/tiku/#/xingce/report/3643062304,言语理解与表达,,单选题,2025-11-11 16:00:35,0,0,正确,模考,,公务员,4,2025下半年省考第二十九季行测模考大赛（江苏A卷）,模考,行测,2026-08-08 23:53:16
14877098,https://www.fenbi.com/spa/tiku/#/xingce/report/3643062304,言语理解与表达,,单选题,2025-11-11 16:00:35,B,B,正确,模考,,公务员,6,2025下半年省考第二十九季行测模考大赛（江苏A卷）,模考,行测,2026-08-08 23:53:16
14877099,https://www.fenbi.com/spa/tiku/#/xingce/report/3643062304,言语理解与表达,,单选题,2025-11-11 16:00:35,0,0,正确,模考,,公务员,3,2025下半年省考第二十九季行测模考大赛（江苏A卷）,模考,行测,2026-08-08 23:53:16
14877100,https://www.fenbi.com/spa/tiku/#/xingce/report/3643062304,言语理解与表达,,单选题,2025-11-11 16:00:35,B,B,正确,模考,,公务员,4,2025下半年省考第二十九季行测模考大赛（江苏A卷）,模考,行测,2026-08-08 23:53:16
14877101,https://www.fenbi.com/spa/tiku/#/xingce/report/3643062304,言语理解与表达,,单选题,2025-11-11 16:00:35,0,B,错误,模考,,公务员,3,2025下半年省考第二十九季行测模考大赛（江苏A卷）,模考,行测,2026-08-08 23:53:16
14877103,https://www.fenbi.com/spa/tiku/#/xingce/report/3643062304,言语理解与表达,,单选题,2025-11-11 16:00:35,0,A,错误,模考,,公务员,4,2025下半年省考第二十九季行测模考大赛（江苏A卷）,模考,行测,2026-08-08 23:53:16
14877104,https://www.fenbi.com/spa/tiku/#/xingce/report/3643062304,言语理解与表达,,单选题,2025-11-11 16:00:35,B,0,错误,模考,,公务员,6,2025下半年省考第二十九季行测模考大赛（江苏A卷）,模考,行测,2026-08-08 23:53:16
14877105,https://www.fenbi.com/spa/tiku/#/xingce/report/3643062304,言语理解与表达,,单选题,2025-11-11 16:00:35,B,B,正确,模考,,公务员,6,2025下半年省考第二十九季行测模考大赛（江苏A卷）,模考,行测,2026-08-08 23:53:16
14877106,https://www.fenbi.com/spa/tiku/#/xingce/report/3643062304,言语理解与表达,,单选题,2025-11-11 16:00:35,A,A,正确,模考,,公务员,3,2025下半年省考第二十九季行测模考大赛（江苏A卷）,模考,行测,2026-08-08 23:53:16
11569159,https://www.fenbi.com/spa/tiku/#/xingce/report/3643062304,言语理解与表达,,单选题,2025-11-11 16:00:35,A,A,正确,模考,,公务员,4,2025下半年省考第二十九季行测模考大赛（江苏A卷）,模考,行测,2026-08-08 23:53:16
11569161,https://www.fenbi.com/spa/tiku/#/xingce/report/3643062304,言语理解与表达,,单选题,2025-11-11 16:00:35,0,0,正确,模考,,公务员,4,2025下半年省考第二十九季行测模考大赛（江苏A卷）,模考,行测,2026-08-08 23:53:16
11569162,https://www.fenbi.com/spa/tiku/#/xingce/report/3643062304,言语理解与表达,,单选题,2025-11-11 16:00:35,C,B,错误,模考,,公务员,7,2025下半年省考第二十九季行测模考大赛（江苏A卷）,模考,行测,2026-08-08 23:53:16
11569163,https://www.fenbi.com/spa/tiku/#/xingce/report/3643062304,言语理解与表达,,单选题,2025-11-11 16:00:35,C,C,正确,模考,,公务员,4,2025下半年省考第二十九季行测模考大赛（江苏A卷）,模考,行测,2026-08-08 23:53:16
11569164,https://www.fenbi.com/spa/tiku/#/xingce/report/3643062304,言语理解与表达,,单选题,2025-11-11 16:00:35,A,A,正确,模考,,公务员,3,2025下半年省考第二十九季行测模考大赛（江苏A卷）,模考,行测,2026-08-08 23:53:16
14877689,https://www.fenbi.com/spa/tiku/#/xingce/report/3643062304,数量关系,,单选题,2025-11-11 16:00:35,A,A,正确,模考,,公务员,6,2025下半年省考第二十九季行测模考大赛（江苏A卷）,模考,行测,2026-08-08 23:53:16
14877691,https://www.fenbi.com/spa/tiku/#/xingce/report/3643062304,数量关系,,单选题,2025-11-11 16:00:35,A,0,错误,模考,,公务员,7,2025下半年省考第二十九季行测模考大赛（江苏A卷）,模考,行测,2026-08-08 23:53:16
14877692,https://www.fenbi.com/spa/tiku/#/xingce/report/3643062304,数量关系,,单选题,2025-11-11 16:00:35,A,C,错误,模考,,公务员,6,2025下半年省考第二十九季行测模考大赛（江苏A卷）,模考,行测,2026-08-08 23:53:16
14877694,https://www.fenbi.com/spa/tiku/#/xingce/report/3643062304,数量关系,,单选题,2025-11-11 16:00:35,A,C,错误,模考,,公务员,7,2025下半年省考第二十九季行测模考大赛（江苏A卷）,模考,行测,2026-08-08 23:53:16
14877697,https://www.fenbi.com/spa/tiku/#/xingce/report/3643062304,数量关系,,单选题,2025-11-11 16:00:35,A,B,错误,模考,,公务员,4,2025下半年省考第二十九季行测模考大赛（江苏A卷）,模考,行测,2026-08-08 23:53:16
11103040,https://www.fenbi.com/spa/tiku/#/xingce/report/3643062304,数量关系,,单选题,2025-11-11 16:00:35,A,C,错误,模考,,公务员,6,2025下半年省考第二十九季行测模考大赛（江苏A卷）,模考,行测,2026-08-08 23:53:16
11103041,https://www.fenbi.com/spa/tiku/#/xingce/report/3643062304,数量关系,,单选题,2025-11-11 16:00:35,A,A,正确,模考,,公务员,6,2025下半年省考第二十九季行测模考大赛（江苏A卷）,模考,行测,2026-08-08 23:53:16
11103042,https://www.fenbi.com/spa/tiku/#/xingce/report/3643062304,数量关系,,单选题,2025-11-11 16:00:35,A,B,错误,模考,,公务员,6,2025下半年省考第二十九季行测模考大赛（江苏A卷）,模考,行测,2026-08-08 23:53:16
11103043,https://www.fenbi.com/spa/tiku/#/xingce/report/3643062304,数量关系,,单选题,2025-11-11 16:00:35,A,0,错误,模考,,公务员,7,2025下半年省考第二十九季行测模考大赛（江苏A卷）,模考,行测,2026-08-08 23:53:16
11103044,https://www.fenbi.com/spa/tiku/#/xingce/report/3643062304,数量关系,,单选题,2025-11-11 16:00:35,A,C,错误,模考,,公务员,7,2025下半年省考第二十九季行测模考大赛（江苏A卷）,模考,行测,2026-08-08 23:53:16
11103045,https://www.fenbi.com/spa/tiku/#/xingce/report/3643062304,数量关系,,单选题,2025-11-11 16:00:35,A,B,错误,模考,,公务员,6,2025下半年省考第二十九季行测模考大赛（江苏A卷）,模考,行测,2026-08-08 23:53:16
11103046,https://www.fenbi.com/spa/tiku/#/xingce/report/3643062304,数量关系,,单选题,2025-11-11 16:00:35,A,A,正确,模考,,公务员,5,2025下半年省考第二十九季行测模考大赛（江苏A卷）,模考,行测,2026-08-08 23:53:16
11103047,https://www.fenbi.com/spa/tiku/#/xingce/report/3643062304,数量关系,,单选题,2025-11-11 16:00:35,A,0,错误,模考,,公务员,7,2025下半年省考第二十九季行测模考大赛（江苏A卷）,模考,行测,2026-08-08 23:53:16
11103048,https://www.fenbi.com/spa/tiku/#/xingce/report/3643062304,数量关系,,单选题,2025-11-11 16:00:35,A,A,正确,模考,,公务员,6,2025下半年省考第二十九季行测模考大赛（江苏A卷）,模考,行测,2026-08-08 23:53:16
11103049,https://www.fenbi.com/spa/tiku/#/xingce/report/3643062304,数量关系,,单选题,2025-11-11 16:00:35,A,B,错误,模考,,公务员,6,2025下半年省考第二十九季行测模考大赛（江苏A卷）,模考,行测,2026-08-08 23:53:16
11103050,https://www.fenbi.com/spa/tiku/#/xingce/report/3643062304,数量关系,,单选题,2025-11-11 16:00:35,A,B,错误,模考,,公务员,6,2025下半年省考第二十九季行测模考大赛（江苏A卷）,模考,行测,2026-08-08 23:53:16
11103051,https://www.fenbi.com/spa/tiku/#/xingce/report/3643062304,数量关系,,单选题,2025-11-11 16:00:35,A,A,正确,模考,,公务员,6,2025下半年省考第二十九季行测模考大赛（江苏A卷）,模考,行测,2026-08-08 23:53:16
11103052,https://www.fenbi.com/spa/tiku/#/xingce/report/3643062304,数量关系,,单选题,2025-11-11 16:00:35,A,C,错误,模考,,公务员,7,2025下半年省考第二十九季行测模考大赛（江苏A卷）,模考,行测,2026-08-08 23:53:16
11103053,https://www.fenbi.com/spa/tiku/#/xingce/report/3643062304,数量关系,,单选题,2025-11-11 16:00:35,A,B,错误,模考,,公务员,6,2025下半年省考第二十九季行测模考大赛（江苏A卷）,模考,行测,2026-08-08 23:53:16
11103054,https://www.fenbi.com/spa/tiku/#/xingce/report/3643062304,数量关系,,单选题,2025-11-11 16:00:35,A,0,错误,模考,,公务员,7,2025下半年省考第二十九季行测模考大赛（江苏A卷）,模考,行测,2026-08-08 23:53:16
14877329,https://www.fenbi.com/spa/tiku/#/xingce/report/3643062304,判断推理,,单选题,2025-11-11 16:00:35,C,0,错误,模考,,公务员,4,2025下半年省考第二十九季行测模考大赛（江苏A卷）,模考,行测,2026-08-08 23:53:16
14877330,https://www.fenbi.com/spa/tiku/#/xingce/report/3643062304,判断推理,,单选题,2025-11-11 16:00:35,A,A,正确,模考,,公务员,4,2025下半年省考第二十九季行测模考大赛（江苏A卷）,模考,行测,2026-08-08 23:53:16
13429479,https://www.fenbi.com/spa/tiku/#/xingce/report/3643062304,判断推理,,单选题,2025-11-11 16:00:35,B,B,正确,模考,,公务员,4,2025下半年省考第二十九季行测模考大赛（江苏A卷）,模考,行测,2026-08-08 23:53:16
13429488,https://www.fenbi.com/spa/tiku/#/xingce/report/3643062304,判断推理,,单选题,2025-11-11 16:00:35,C,C,正确,模考,,公务员,3,2025下半年省考第二十九季行测模考大赛（江苏A卷）,模考,行测,2026-08-08 23:53:16
14877331,https://www.fenbi.com/spa/tiku/#/xingce/report/3643062304,判断推理,,单选题,2025-11-11 16:00:35,B,B,正确,模考,,公务员,3,2025下半年省考第二十九季行测模考大赛（江苏A卷）,模考,行测,2026-08-08 23:53:16
14877334,https://www.fenbi.com/spa/tiku/#/xingce/report/3643062304,判断推理,,单选题,2025-11-11 16:00:35,C,C,正确,模考,,公务员,3,2025下半年省考第二十九季行测模考大赛（江苏A卷）,模考,行测,2026-08-08 23:53:16
13429480,https://www.fenbi.com/spa/tiku/#/xingce/report/3643062304,判断推理,,单选题,2025-11-11 16:00:35,B,0,错误,模考,,公务员,4,2025下半年省考第二十九季行测模考大赛（江苏A卷）,模考,行测,2026-08-08 23:53:16
13429489,https://www.fenbi.com/spa/tiku/#/xingce/report/3643062304,判断推理,,单选题,2025-11-11 16:00:35,C,0,错误,模考,,公务员,3,2025下半年省考第二十九季行测模考大赛（江苏A卷）,模考,行测,2026-08-08 23:53:16
14877336,https://www.fenbi.com/spa/tiku/#/xingce/report/3643062304,判断推理,,单选题,2025-11-11 16:00:35,0,B,错误,模考,,公务员,7,2025下半年省考第二十九季行测模考大赛（江苏A卷）,模考,行测,2026-08-08 23:53:16
13429482,https://www.fenbi.com/spa/tiku/#/xingce/report/3643062304,判断推理,,单选题,2025-11-11 16:00:35,B,B,正确,模考,,公务员,3,2025下半年省考第二十九季行测模考大赛（江苏A卷）,模考,行测,2026-08-08 23:53:16
14877275,https://www.fenbi.com/spa/tiku/#/xingce/report/3643062304,判断推理,,单选题,2025-11-11 16:00:35,A,A,正确,模考,,公务员,3,2025下半年省考第二十九季行测模考大赛（江苏A卷）,模考,行测,2026-08-08 23:53:16
14877278,https://www.fenbi.com/spa/tiku/#/xingce/report/3643062304,判断推理,,单选题,2025-11-11 16:00:35,B,B,正确,模考,,公务员,4,2025下半年省考第二十九季行测模考大赛（江苏A卷）,模考,行测,2026-08-08 23:53:16
14877282,https://www.fenbi.com/spa/tiku/#/xingce/report/3643062304,判断推理,,单选题,2025-11-11 16:00:35,C,C,正确,模考,,公务员,4,2025下半年省考第二十九季行测模考大赛（江苏A卷）,模考,行测,2026-08-08 23:53:16
14877286,https://www.fenbi.com/spa/tiku/#/xingce/report/3643062304,判断推理,,单选题,2025-11-11 16:00:35,0,0,正确,模考,,公务员,6,2025下半年省考第二十九季行测模考大赛（江苏A卷）,模考,行测,2026-08-08 23:53:16
14877247,https://www.fenbi.com/spa/tiku/#/xingce/report/3643062304,判断推理,,单选题,2025-11-11 16:00:35,B,B,正确,模考,,公务员,6,2025下半年省考第二十九季行测模考大赛（江苏A卷）,模考,行测,2026-08-08 23:53:16
14877248,https://www.fenbi.com/spa/tiku/#/xingce/report/3643062304,判断推理,,单选题,2025-11-11 16:00:35,C,B,错误,模考,,公务员,6,2025下半年省考第二十九季行测模考大赛（江苏A卷）,模考,行测,2026-08-08 23:53:16
14877249,https://www.fenbi.com/spa/tiku/#/xingce/report/3643062304,判断推理,,单选题,2025-11-11 16:00:35,B,B,正确,模考,,公务员,3,2025下半年省考第二十九季行测模考大赛（江苏A卷）,模考,行测,2026-08-08 23:53:16
14877250,https://www.fenbi.com/spa/tiku/#/xingce/report/3643062304,判断推理,,单选题,2025-11-11 16:00:35,A,A,正确,模考,,公务员,6,2025下半年省考第二十九季行测模考大赛（江苏A卷）,模考,行测,2026-08-08 23:53:16
14877251,https://www.fenbi.com/spa/tiku/#/xingce/report/3643062304,判断推理,,单选题,2025-11-11 16:00:35,C,C,正确,模考,,公务员,6,2025下半年省考第二十九季行测模考大赛（江苏A卷）,模考,行测,2026-08-08 23:53:16
14877252,https://www.fenbi.com/spa/tiku/#/xingce/report/3643062304,判断推理,,单选题,2025-11-11 16:00:35,C,C,正确,模考,,公务员,5,2025下半年省考第二十九季行测模考大赛（江苏A卷）,模考,行测,2026-08-08 23:53:16
14877342,https://www.fenbi.com/spa/tiku/#/xingce/report/3643062304,判断推理,,单选题,2025-11-11 16:00:35,0,A,错误,模考,,公务员,7,2025下半年省考第二十九季行测模考大赛（江苏A卷）,模考,行测,2026-08-08 23:53:16
14877343,https://www.fenbi.com/spa/tiku/#/xingce/report/3643062304,判断推理,,单选题,2025-11-11 16:00:35,C,C,正确,模考,,公务员,3,2025下半年省考第二十九季行测模考大赛（江苏A卷）,模考,行测,2026-08-08 23:53:16
14877344,https://www.fenbi.com/spa/tiku/#/xingce/report/3643062304,判断推理,,单选题,2025-11-11 16:00:35,C,B,错误,模考,,公务员,4,2025下半年省考第二十九季行测模考大赛（江苏A卷）,模考,行测,2026-08-08 23:53:16
13429490,https://www.fenbi.com/spa/tiku/#/xingce/report/3643062304,判断推理,,单选题,2025-11-11 16:00:35,B,B,正确,模考,,公务员,4,2025下半年省考第二十九季行测模考大赛（江苏A卷）,模考,行测,2026-08-08 23:53:16
13429492,https://www.fenbi.com/spa/tiku/#/xingce/report/3643062304,判断推理,,单选题,2025-11-11 16:00:35,0,0,正确,模考,,公务员,3,2025下半年省考第二十九季行测模考大赛（江苏A卷）,模考,行测,2026-08-08 23:53:16
13429493,https://www.fenbi.com/spa/tiku/#/xingce/report/3643062304,判断推理,,单选题,2025-11-11 16:00:35,A,A,正确,模考,,公务员,4,2025下半年省考第二十九季行测模考大赛（江苏A卷）,模考,行测,2026-08-08 23:53:16
13429494,https://www.fenbi.com/spa/tiku/#/xingce/report/3643062304,判断推理,,单选题,2025-11-11 16:00:35,C,C,正确,模考,,公务员,4,2025下半年省考第二十九季行测模考大赛（江苏A卷）,模考,行测,2026-08-08 23:53:16
13429496,https://www.fenbi.com/spa/tiku/#/xingce/report/3643062304,判断推理,,单选题,2025-11-11 16:00:35,A,A,正确,模考,,公务员,3,2025下半年省考第二十九季行测模考大赛（江苏A卷）,模考,行测,2026-08-08 23:53:16
14877347,https://www.fenbi.com/spa/tiku/#/xingce/report/3643062304,判断推理,,单选题,2025-11-11 16:00:35,A,C,错误,模考,,公务员,6,2025下半年省考第二十九季行测模考大赛（江苏A卷）,模考,行测,2026-08-08 23:53:16
14877349,https://www.fenbi.com/spa/tiku/#/xingce/report/3643062304,判断推理,,单选题,2025-11-11 16:00:35,A,B,错误,模考,,公务员,5,2025下半年省考第二十九季行测模考大赛（江苏A卷）,模考,行测,2026-08-08 23:53:16
12019536,https://www.fenbi.com/spa/tiku/#/xingce/report/3643062304,判断推理,,单选题,2025-11-11 16:00:35,A,A,正确,模考,,公务员,4,2025下半年省考第二十九季行测模考大赛（江苏A卷）,模考,行测,2026-08-08 23:53:16
12019535,https://www.fenbi.com/spa/tiku/#/xingce/report/3643062304,判断推理,,单选题,2025-11-11 16:00:35,C,B,错误,模考,,公务员,4,2025下半年省考第二十九季行测模考大赛（江苏A卷）,模考,行测,2026-08-08 23:53:16
14877253,https://www.fenbi.com/spa/tiku/#/xingce/report/3643062304,判断推理,,单选题,2025-11-11 16:00:35,A,B,错误,模考,,公务员,6,2025下半年省考第二十九季行测模考大赛（江苏A卷）,模考,行测,2026-08-08 23:53:16
14877254,https://www.fenbi.com/spa/tiku/#/xingce/report/3643062304,判断推理,,单选题,2025-11-11 16:00:35,A,0,错误,模考,,公务员,7,2025下半年省考第二十九季行测模考大赛（江苏A卷）,模考,行测,2026-08-08 23:53:16
14877255,https://www.fenbi.com/spa/tiku/#/xingce/report/3643062304,判断推理,,单选题,2025-11-11 16:00:35,A,A,正确,模考,,公务员,5,2025下半年省考第二十九季行测模考大赛（江苏A卷）,模考,行测,2026-08-08 23:53:16
14877311,https://www.fenbi.com/spa/tiku/#/xingce/report/3643062304,判断推理,,单选题,2025-11-11 16:00:35,0,B,错误,模考,,公务员,6,2025下半年省考第二十九季行测模考大赛（江苏A卷）,模考,行测,2026-08-08 23:53:16
14877312,https://www.fenbi.com/spa/tiku/#/xingce/report/3643062304,判断推理,,单选题,2025-11-11 16:00:35,B,B,正确,模考,,公务员,7,2025下半年省考第二十九季行测模考大赛（江苏A卷）,模考,行测,2026-08-08 23:53:16
14877317,https://www.fenbi.com/spa/tiku/#/xingce/report/3643062304,判断推理,,单选题,2025-11-11 16:00:35,B,B,正确,模考,,公务员,3,2025下半年省考第二十九季行测模考大赛（江苏A卷）,模考,行测,2026-08-08 23:53:16
14877318,https://www.fenbi.com/spa/tiku/#/xingce/report/3643062304,判断推理,,单选题,2025-11-11 16:00:35,A,A,正确,模考,,公务员,6,2025下半年省考第二十九季行测模考大赛（江苏A卷）,模考,行测,2026-08-08 23:53:16
14877321,https://www.fenbi.com/spa/tiku/#/xingce/report/3643062304,判断推理,,单选题,2025-11-11 16:00:35,C,C,正确,模考,,公务员,5,2025下半年省考第二十九季行测模考大赛（江苏A卷）,模考,行测,2026-08-08 23:53:16
14877324,https://www.fenbi.com/spa/tiku/#/xingce/report/3643062304,判断推理,,单选题,2025-11-11 16:00:35,B,B,正确,模考,,公务员,3,2025下半年省考第二十九季行测模考大赛（江苏A卷）,模考,行测,2026-08-08 23:53:16
14877328,https://www.fenbi.com/spa/tiku/#/xingce/report/3643062304,判断推理,,单选题,2025-11-11 16:00:35,0,0,正确,模考,,公务员,3,2025下半年省考第二十九季行测模考大赛（江苏A卷）,模考,行测,2026-08-08 23:53:16
14877828,https://www.fenbi.com/spa/tiku/#/xingce/report/3643062304,判断推理,,单选题,2025-11-11 16:00:35,A,A,正确,模考,,公务员,3,2025下半年省考第二十九季行测模考大赛（江苏A卷）,模考,行测,2026-08-08 23:53:16
14877830,https://www.fenbi.com/spa/tiku/#/xingce/report/3643062304,判断推理,,单选题,2025-11-11 16:00:35,B,B,正确,模考,,公务员,6,2025下半年省考第二十九季行测模考大赛（江苏A卷）,模考,行测,2026-08-08 23:53:16
14877832,https://www.fenbi.com/spa/tiku/#/xingce/report/3643062304,判断推理,,单选题,2025-11-11 16:00:35,C,C,正确,模考,,公务员,3,2025下半年省考第二十九季行测模考大赛（江苏A卷）,模考,行测,2026-08-08 23:53:16
11103055,https://www.fenbi.com/spa/tiku/#/xingce/report/3643062304,资料分析,,单选题,2025-11-11 16:00:35,A,A,正确,模考,,公务员,4,2025下半年省考第二十九季行测模考大赛（江苏A卷）,模考,行测,2026-08-08 23:53:16
11103056,https://www.fenbi.com/spa/tiku/#/xingce/report/3643062304,资料分析,,单选题,2025-11-11 16:00:35,B,B,正确,模考,,公务员,4,2025下半年省考第二十九季行测模考大赛（江苏A卷）,模考,行测,2026-08-08 23:53:16
11103057,https://www.fenbi.com/spa/tiku/#/xingce/report/3643062304,资料分析,,单选题,2025-11-11 16:00:35,0,0,正确,模考,,公务员,5,2025下半年省考第二十九季行测模考大赛（江苏A卷）,模考,行测,2026-08-08 23:53:16
11103058,https://www.fenbi.com/spa/tiku/#/xingce/report/3643062304,资料分析,,单选题,2025-11-11 16:00:35,A,C,错误,模考,,公务员,4,2025下半年省考第二十九季行测模考大赛（江苏A卷）,模考,行测,2026-08-08 23:53:16
11103059,https://www.fenbi.com/spa/tiku/#/xingce/report/3643062304,资料分析,,单选题,2025-11-11 16:00:35,B,A,错误,模考,,公务员,4,2025下半年省考第二十九季行测模考大赛（江苏A卷）,模考,行测,2026-08-08 23:53:16
11103060,https://www.fenbi.com/spa/tiku/#/xingce/report/3643062304,资料分析,,单选题,2025-11-11 16:00:35,C,0,错误,模考,,公务员,5,2025下半年省考第二十九季行测模考大赛（江苏A卷）,模考,行测,2026-08-08 23:53:16
11103061,https://www.fenbi.com/spa/tiku/#/xingce/report/3643062304,资料分析,,单选题,2025-11-11 16:00:35,B,B,正确,模考,,公务员,4,2025下半年省考第二十九季行测模考大赛（江苏A卷）,模考,行测,2026-08-08 23:53:16
11103062,https://www.fenbi.com/spa/tiku/#/xingce/report/3643062304,资料分析,,单选题,2025-11-11 16:00:35,B,0,错误,模考,,公务员,4,2025下半年省考第二十九季行测模考大赛（江苏A卷）,模考,行测,2026-08-08 23:53:16
11103063,https://www.fenbi.com/spa/tiku/#/xingce/report/3643062304,资料分析,,单选题,2025-11-11 16:00:35,A,B,错误,模考,,公务员,3,2025下半年省考第二十九季行测模考大赛（江苏A卷）,模考,行测,2026-08-08 23:53:16
11103064,https://www.fenbi.com/spa/tiku/#/xingce/report/3643062304,资料分析,,单选题,2025-11-11 16:00:35,C,C,正确,模考,,公务员,4,2025下半年省考第二十九季行测模考大赛（江苏A卷）,模考,行测,2026-08-08 23:53:16
11103065,https://www.fenbi.com/spa/tiku/#/xingce/report/3643062304,资料分析,,单选题,2025-11-11 16:00:35,A,A,正确,模考,,公务员,3,2025下半年省考第二十九季行测模考大赛（江苏A卷）,模考,行测,2026-08-08 23:53:16
11103066,https://www.fenbi.com/spa/tiku/#/xingce/report/3643062304,资料分析,,单选题,2025-11-11 16:00:35,B,B,正确,模考,,公务员,4,2025下半年省考第二十九季行测模考大赛（江苏A卷）,模考,行测,2026-08-08 23:53:16
11103067,https://www.fenbi.com/spa/tiku/#/xingce/report/3643062304,资料分析,,单选题,2025-11-11 16:00:35,A,A,正确,模考,,公务员,4,2025下半年省考第二十九季行测模考大赛（江苏A卷）,模考,行测,2026-08-08 23:53:16
11103068,https://www.fenbi.com/spa/tiku/#/xingce/report/3643062304,资料分析,,单选题,2025-11-11 16:00:35,B,0,错误,模考,,公务员,5,2025下半年省考第二十九季行测模考大赛（江苏A卷）,模考,行测,2026-08-08 23:53:16
11103069,https://www.fenbi.com/spa/tiku/#/xingce/report/3643062304,资料分析,,单选题,2025-11-11 16:00:35,A,A,正确,模考,,公务员,4,2025下半年省考第二十九季行测模考大赛（江苏A卷）,模考,行测,2026-08-08 23:53:16
14877726,https://www.fenbi.com/spa/tiku/#/xingce/report/3643062304,资料分析,,单选题,2025-11-11 16:00:35,C,B,错误,模考,,公务员,7,2025下半年省考第二十九季行测模考大赛（江苏A卷）,模考,行测,2026-08-08 23:53:16
14877728,https://www.fenbi.com/spa/tiku/#/xingce/report/3643062304,资料分析,,单选题,2025-11-11 16:00:35,0,0,正确,模考,,公务员,4,2025下半年省考第二十九季行测模考大赛（江苏A卷）,模考,行测,2026-08-08 23:53:16
14877730,https://www.fenbi.com/spa/tiku/#/xingce/report/3643062304,资料分析,,单选题,2025-11-11 16:00:35,A,B,错误,模考,,公务员,4,2025下半年省考第二十九季行测模考大赛（江苏A卷）,模考,行测,2026-08-08 23:53:16
14877743,https://www.fenbi.com/spa/tiku/#/xingce/report/3643062304,资料分析,,单选题,2025-11-11 16:00:35,0,0,正确,模考,,公务员,4,2025下半年省考第二十九季行测模考大赛（江苏A卷）,模考,行测,2026-08-08 23:53:16
14877744,https://www.fenbi.com/spa/tiku/#/xingce/report/3643062304,资料分析,,单选题,2025-11-11 16:00:35,A,A,正确,模考,,公务员,5,2025下半年省考第二十九季行测模考大赛（江苏A卷）,模考,行测,2026-08-08 23:53:16
12870319,https://www.fenbi.com/spa/tiku/#/xingce/report/3638026143,政治理论,,单选题,2025-11-10 10:04:45,B,0,错误,模考,,公务员,7,2025下半年省考第三十季行测模考大赛（江苏A卷）,模考,行测,2026-08-08 23:53:16
12870320,https://www.fenbi.com/spa/tiku/#/xingce/report/3638026143,政治理论,,单选题,2025-11-10 10:04:45,B,B,正确,模考,,公务员,4,2025下半年省考第三十季行测模考大赛（江苏A卷）,模考,行测,2026-08-08 23:53:16
12870322,https://www.fenbi.com/spa/tiku/#/xingce/report/3638026143,政治理论,,单选题,2025-11-10 10:04:45,B,0,错误,模考,,公务员,6,2025下半年省考第三十季行测模考大赛（江苏A卷）,模考,行测,2026-08-08 23:53:16
12870323,https://www.fenbi.com/spa/tiku/#/xingce/report/3638026143,政治理论,,单选题,2025-11-10 10:04:45,B,A,错误,模考,,公务员,5,2025下半年省考第三十季行测模考大赛（江苏A卷）,模考,行测,2026-08-08 23:53:16
12870324,https://www.fenbi.com/spa/tiku/#/xingce/report/3638026143,政治理论,,单选题,2025-11-10 10:04:45,B,B,正确,模考,,公务员,6,2025下半年省考第三十季行测模考大赛（江苏A卷）,模考,行测,2026-08-08 23:53:16
12870326,https://www.fenbi.com/spa/tiku/#/xingce/report/3638026143,政治理论,,单选题,2025-11-10 10:04:45,B,B,正确,模考,,公务员,5,2025下半年省考第三十季行测模考大赛（江苏A卷）,模考,行测,2026-08-08 23:53:16
12870327,https://www.fenbi.com/spa/tiku/#/xingce/report/3638026143,政治理论,,单选题,2025-11-10 10:04:45,B,C,错误,模考,,公务员,7,2025下半年省考第三十季行测模考大赛（江苏A卷）,模考,行测,2026-08-08 23:53:16
12870328,https://www.fenbi.com/spa/tiku/#/xingce/report/3638026143,政治理论,,单选题,2025-11-10 10:04:45,B,C,错误,模考,,公务员,7,2025下半年省考第三十季行测模考大赛（江苏A卷）,模考,行测,2026-08-08 23:53:16
12870329,https://www.fenbi.com/spa/tiku/#/xingce/report/3638026143,政治理论,,单选题,2025-11-10 10:04:45,B,C,错误,模考,,公务员,7,2025下半年省考第三十季行测模考大赛（江苏A卷）,模考,行测,2026-08-08 23:53:16
12870343,https://www.fenbi.com/spa/tiku/#/xingce/report/3638026143,政治理论,,单选题,2025-11-10 10:04:45,B,A,错误,模考,,公务员,4,2025下半年省考第三十季行测模考大赛（江苏A卷）,模考,行测,2026-08-08 23:53:16
12870346,https://www.fenbi.com/spa/tiku/#/xingce/report/3638026143,常识判断,,单选题,2025-11-10 10:04:45,B,B,正确,模考,,公务员,3,2025下半年省考第三十季行测模考大赛（江苏A卷）,模考,行测,2026-08-08 23:53:16
12870347,https://www.fenbi.com/spa/tiku/#/xingce/report/3638026143,常识判断,,单选题,2025-11-10 10:04:45,B,A,错误,模考,,公务员,7,2025下半年省考第三十季行测模考大赛（江苏A卷）,模考,行测,2026-08-08 23:53:16
12870349,https://www.fenbi.com/spa/tiku/#/xingce/report/3638026143,常识判断,,单选题,2025-11-10 10:04:45,B,B,正确,模考,,公务员,4,2025下半年省考第三十季行测模考大赛（江苏A卷）,模考,行测,2026-08-08 23:53:16
12870350,https://www.fenbi.com/spa/tiku/#/xingce/report/3638026143,常识判断,,单选题,2025-11-10 10:04:45,B,C,错误,模考,,公务员,4,2025下半年省考第三十季行测模考大赛（江苏A卷）,模考,行测,2026-08-08 23:53:16
12870374,https://www.fenbi.com/spa/tiku/#/xingce/report/3638026143,常识判断,,单选题,2025-11-10 10:04:45,B,0,错误,模考,,公务员,7,2025下半年省考第三十季行测模考大赛（江苏A卷）,模考,行测,2026-08-08 23:53:16
12870382,https://www.fenbi.com/spa/tiku/#/xingce/report/3638026143,常识判断,,单选题,2025-11-10 10:04:45,B,A,错误,模考,,公务员,6,2025下半年省考第三十季行测模考大赛（江苏A卷）,模考,行测,2026-08-08 23:53:16
12870383,https://www.fenbi.com/spa/tiku/#/xingce/report/3638026143,常识判断,,单选题,2025-11-10 10:04:45,B,0,错误,模考,,公务员,4,2025下半年省考第三十季行测模考大赛（江苏A卷）,模考,行测,2026-08-08 23:53:16
12870388,https://www.fenbi.com/spa/tiku/#/xingce/report/3638026143,常识判断,,单选题,2025-11-10 10:04:45,B,C,错误,模考,,公务员,6,2025下半年省考第三十季行测模考大赛（江苏A卷）,模考,行测,2026-08-08 23:53:16
12870389,https://www.fenbi.com/spa/tiku/#/xingce/report/3638026143,常识判断,,单选题,2025-11-10 10:04:45,B,A,错误,模考,,公务员,7,2025下半年省考第三十季行测模考大赛（江苏A卷）,模考,行测,2026-08-08 23:53:16
12870391,https://www.fenbi.com/spa/tiku/#/xingce/report/3638026143,常识判断,,单选题,2025-11-10 10:04:45,B,C,错误,模考,,公务员,7,2025下半年省考第三十季行测模考大赛（江苏A卷）,模考,行测,2026-08-08 23:53:16
16117243,https://www.fenbi.com/spa/tiku/#/xingce/report/3638026143,言语理解与表达,,单选题,2025-11-10 10:04:45,C,A,错误,模考,,公务员,6,2025下半年省考第三十季行测模考大赛（江苏A卷）,模考,行测,2026-08-08 23:53:16
12870599,https://www.fenbi.com/spa/tiku/#/xingce/report/3638026143,言语理解与表达,,单选题,2025-11-10 10:04:45,C,C,正确,模考,,公务员,3,2025下半年省考第三十季行测模考大赛（江苏A卷）,模考,行测,2026-08-08 23:53:16
16117245,https://www.fenbi.com/spa/tiku/#/xingce/report/3638026143,言语理解与表达,,单选题,2025-11-10 10:04:45,0,0,正确,模考,,公务员,4,2025下半年省考第三十季行测模考大赛（江苏A卷）,模考,行测,2026-08-08 23:53:16
16117249,https://www.fenbi.com/spa/tiku/#/xingce/report/3638026143,言语理解与表达,,单选题,2025-11-10 10:04:45,C,B,错误,模考,,公务员,6,2025下半年省考第三十季行测模考大赛（江苏A卷）,模考,行测,2026-08-08 23:53:16
16117251,https://www.fenbi.com/spa/tiku/#/xingce/report/3638026143,言语理解与表达,,单选题,2025-11-10 10:04:45,C,C,正确,模考,,公务员,3,2025下半年省考第三十季行测模考大赛（江苏A卷）,模考,行测,2026-08-08 23:53:16
16117254,https://www.fenbi.com/spa/tiku/#/xingce/report/3638026143,言语理解与表达,,单选题,2025-11-10 10:04:45,C,A,错误,模考,,公务员,7,2025下半年省考第三十季行测模考大赛（江苏A卷）,模考,行测,2026-08-08 23:53:16
16117257,https://www.fenbi.com/spa/tiku/#/xingce/report/3638026143,言语理解与表达,,单选题,2025-11-10 10:04:45,B,0,错误,模考,,公务员,6,2025下半年省考第三十季行测模考大赛（江苏A卷）,模考,行测,2026-08-08 23:53:16
16117262,https://www.fenbi.com/spa/tiku/#/xingce/report/3638026143,言语理解与表达,,单选题,2025-11-10 10:04:45,0,0,正确,模考,,公务员,7,2025下半年省考第三十季行测模考大赛（江苏A卷）,模考,行测,2026-08-08 23:53:16
16117265,https://www.fenbi.com/spa/tiku/#/xingce/report/3638026143,言语理解与表达,,单选题,2025-11-10 10:04:45,B,B,正确,模考,,公务员,3,2025下半年省考第三十季行测模考大赛（江苏A卷）,模考,行测,2026-08-08 23:53:16
16117269,https://www.fenbi.com/spa/tiku/#/xingce/report/3638026143,言语理解与表达,,单选题,2025-11-10 10:04:45,C,C,正确,模考,,公务员,3,2025下半年省考第三十季行测模考大赛（江苏A卷）,模考,行测,2026-08-08 23:53:16
16117271,https://www.fenbi.com/spa/tiku/#/xingce/report/3638026143,言语理解与表达,,单选题,2025-11-10 10:04:45,A,A,正确,模考,,公务员,4,2025下半年省考第三十季行测模考大赛（江苏A卷）,模考,行测,2026-08-08 23:53:16
16117281,https://www.fenbi.com/spa/tiku/#/xingce/report/3638026143,言语理解与表达,,单选题,2025-11-10 10:04:45,0,A,错误,模考,,公务员,6,2025下半年省考第三十季行测模考大赛（江苏A卷）,模考,行测,2026-08-08 23:53:16
16117285,https://www.fenbi.com/spa/tiku/#/xingce/report/3638026143,言语理解与表达,,单选题,2025-11-10 10:04:45,A,A,正确,模考,,公务员,3,2025下半年省考第三十季行测模考大赛（江苏A卷）,模考,行测,2026-08-08 23:53:16
12870636,https://www.fenbi.com/spa/tiku/#/xingce/report/3638026143,言语理解与表达,,单选题,2025-11-10 10:04:45,0,0,正确,模考,,公务员,6,2025下半年省考第三十季行测模考大赛（江苏A卷）,模考,行测,2026-08-08 23:53:16
12870593,https://www.fenbi.com/spa/tiku/#/xingce/report/3638026143,言语理解与表达,,单选题,2025-11-10 10:04:45,B,B,正确,模考,,公务员,3,2025下半年省考第三十季行测模考大赛（江苏A卷）,模考,行测,2026-08-08 23:53:16
16117193,https://www.fenbi.com/spa/tiku/#/xingce/report/3638026143,言语理解与表达,,单选题,2025-11-10 10:04:45,0,0,正确,模考,,公务员,4,2025下半年省考第三十季行测模考大赛（江苏A卷）,模考,行测,2026-08-08 23:53:16
16117196,https://www.fenbi.com/spa/tiku/#/xingce/report/3638026143,言语理解与表达,,单选题,2025-11-10 10:04:45,A,0,错误,模考,,公务员,6,2025下半年省考第三十季行测模考大赛（江苏A卷）,模考,行测,2026-08-08 23:53:16
16117197,https://www.fenbi.com/spa/tiku/#/xingce/report/3638026143,言语理解与表达,,单选题,2025-11-10 10:04:45,B,0,错误,模考,,公务员,7,2025下半年省考第三十季行测模考大赛（江苏A卷）,模考,行测,2026-08-08 23:53:16
16117203,https://www.fenbi.com/spa/tiku/#/xingce/report/3638026143,言语理解与表达,,单选题,2025-11-10 10:04:45,B,B,正确,模考,,公务员,4,2025下半年省考第三十季行测模考大赛（江苏A卷）,模考,行测,2026-08-08 23:53:16
16117208,https://www.fenbi.com/spa/tiku/#/xingce/report/3638026143,言语理解与表达,,单选题,2025-11-10 10:04:45,B,B,正确,模考,,公务员,4,2025下半年省考第三十季行测模考大赛（江苏A卷）,模考,行测,2026-08-08 23:53:16
16117211,https://www.fenbi.com/spa/tiku/#/xingce/report/3638026143,言语理解与表达,,单选题,2025-11-10 10:04:45,B,0,错误,模考,,公务员,7,2025下半年省考第三十季行测模考大赛（江苏A卷）,模考,行测,2026-08-08 23:53:16
16117221,https://www.fenbi.com/spa/tiku/#/xingce/report/3638026143,言语理解与表达,,单选题,2025-11-10 10:04:45,A,A,正确,模考,,公务员,4,2025下半年省考第三十季行测模考大赛（江苏A卷）,模考,行测,2026-08-08 23:53:16
16117229,https://www.fenbi.com/spa/tiku/#/xingce/report/3638026143,言语理解与表达,,单选题,2025-11-10 10:04:45,0,C,错误,模考,,公务员,6,2025下半年省考第三十季行测模考大赛（江苏A卷）,模考,行测,2026-08-08 23:53:16
16117235,https://www.fenbi.com/spa/tiku/#/xingce/report/3638026143,言语理解与表达,,单选题,2025-11-10 10:04:45,0,0,正确,模考,,公务员,5,2025下半年省考第三十季行测模考大赛（江苏A卷）,模考,行测,2026-08-08 23:53:16
16117239,https://www.fenbi.com/spa/tiku/#/xingce/report/3638026143,言语理解与表达,,单选题,2025-11-10 10:04:45,A,B,错误,模考,,公务员,4,2025下半年省考第三十季行测模考大赛（江苏A卷）,模考,行测,2026-08-08 23:53:16
17001676,https://www.fenbi.com/spa/tiku/#/xingce/report/3638026143,言语理解与表达,,单选题,2025-11-10 10:04:45,A,A,正确,模考,,公务员,3,2025下半年省考第三十季行测模考大赛（江苏A卷）,模考,行测,2026-08-08 23:53:16
17001683,https://www.fenbi.com/spa/tiku/#/xingce/report/3638026143,言语理解与表达,,单选题,2025-11-10 10:04:45,A,0,错误,模考,,公务员,4,2025下半年省考第三十季行测模考大赛（江苏A卷）,模考,行测,2026-08-08 23:53:16
17001686,https://www.fenbi.com/spa/tiku/#/xingce/report/3638026143,言语理解与表达,,单选题,2025-11-10 10:04:45,0,B,错误,模考,,公务员,3,2025下半年省考第三十季行测模考大赛（江苏A卷）,模考,行测,2026-08-08 23:53:16
17001690,https://www.fenbi.com/spa/tiku/#/xingce/report/3638026143,言语理解与表达,,单选题,2025-11-10 10:04:45,C,C,正确,模考,,公务员,3,2025下半年省考第三十季行测模考大赛（江苏A卷）,模考,行测,2026-08-08 23:53:16
17001691,https://www.fenbi.com/spa/tiku/#/xingce/report/3638026143,言语理解与表达,,单选题,2025-11-10 10:04:45,C,C,正确,模考,,公务员,3,2025下半年省考第三十季行测模考大赛（江苏A卷）,模考,行测,2026-08-08 23:53:16
14438028,https://www.fenbi.com/spa/tiku/#/xingce/report/3638026143,数量关系,,单选题,2025-11-10 10:04:45,B,A,错误,模考,,公务员,3,2025下半年省考第三十季行测模考大赛（江苏A卷）,模考,行测,2026-08-08 23:53:16
14438033,https://www.fenbi.com/spa/tiku/#/xingce/report/3638026143,数量关系,,单选题,2025-11-10 10:04:45,B,0,错误,模考,,公务员,4,2025下半年省考第三十季行测模考大赛（江苏A卷）,模考,行测,2026-08-08 23:53:16
14438034,https://www.fenbi.com/spa/tiku/#/xingce/report/3638026143,数量关系,,单选题,2025-11-10 10:04:45,B,0,错误,模考,,公务员,6,2025下半年省考第三十季行测模考大赛（江苏A卷）,模考,行测,2026-08-08 23:53:16
14438035,https://www.fenbi.com/spa/tiku/#/xingce/report/3638026143,数量关系,,单选题,2025-11-10 10:04:45,B,C,错误,模考,,公务员,6,2025下半年省考第三十季行测模考大赛（江苏A卷）,模考,行测,2026-08-08 23:53:16
14438036,https://www.fenbi.com/spa/tiku/#/xingce/report/3638026143,数量关系,,单选题,2025-11-10 10:04:45,B,C,错误,模考,,公务员,6,2025下半年省考第三十季行测模考大赛（江苏A卷）,模考,行测,2026-08-08 23:53:16
14437485,https://www.fenbi.com/spa/tiku/#/xingce/report/3638026143,数量关系,,单选题,2025-11-10 10:04:45,B,B,正确,模考,,公务员,6,2025下半年省考第三十季行测模考大赛（江苏A卷）,模考,行测,2026-08-08 23:53:16
14437486,https://www.fenbi.com/spa/tiku/#/xingce/report/3638026143,数量关系,,单选题,2025-11-10 10:04:45,B,A,错误,模考,,公务员,6,2025下半年省考第三十季行测模考大赛（江苏A卷）,模考,行测,2026-08-08 23:53:16
14437487,https://www.fenbi.com/spa/tiku/#/xingce/report/3638026143,数量关系,,单选题,2025-11-10 10:04:45,B,A,错误,模考,,公务员,6,2025下半年省考第三十季行测模考大赛（江苏A卷）,模考,行测,2026-08-08 23:53:16
14437488,https://www.fenbi.com/spa/tiku/#/xingce/report/3638026143,数量关系,,单选题,2025-11-10 10:04:45,B,0,错误,模考,,公务员,7,2025下半年省考第三十季行测模考大赛（江苏A卷）,模考,行测,2026-08-08 23:53:16
14437489,https://www.fenbi.com/spa/tiku/#/xingce/report/3638026143,数量关系,,单选题,2025-11-10 10:04:45,B,0,错误,模考,,公务员,7,2025下半年省考第三十季行测模考大赛（江苏A卷）,模考,行测,2026-08-08 23:53:16
14437490,https://www.fenbi.com/spa/tiku/#/xingce/report/3638026143,数量关系,,单选题,2025-11-10 10:04:45,B,A,错误,模考,,公务员,5,2025下半年省考第三十季行测模考大赛（江苏A卷）,模考,行测,2026-08-08 23:53:16
14437491,https://www.fenbi.com/spa/tiku/#/xingce/report/3638026143,数量关系,,单选题,2025-11-10 10:04:45,B,C,错误,模考,,公务员,7,2025下半年省考第三十季行测模考大赛（江苏A卷）,模考,行测,2026-08-08 23:53:16
14437492,https://www.fenbi.com/spa/tiku/#/xingce/report/3638026143,数量关系,,单选题,2025-11-10 10:04:45,B,A,错误,模考,,公务员,6,2025下半年省考第三十季行测模考大赛（江苏A卷）,模考,行测,2026-08-08 23:53:16
14437493,https://www.fenbi.com/spa/tiku/#/xingce/report/3638026143,数量关系,,单选题,2025-11-10 10:04:45,B,B,正确,模考,,公务员,6,2025下半年省考第三十季行测模考大赛（江苏A卷）,模考,行测,2026-08-08 23:53:16
14437494,https://www.fenbi.com/spa/tiku/#/xingce/report/3638026143,数量关系,,单选题,2025-11-10 10:04:45,B,0,错误,模考,,公务员,7,2025下半年省考第三十季行测模考大赛（江苏A卷）,模考,行测,2026-08-08 23:53:16
14437495,https://www.fenbi.com/spa/tiku/#/xingce/report/3638026143,数量关系,,单选题,2025-11-10 10:04:45,B,C,错误,模考,,公务员,7,2025下半年省考第三十季行测模考大赛（江苏A卷）,模考,行测,2026-08-08 23:53:16
14437496,https://www.fenbi.com/spa/tiku/#/xingce/report/3638026143,数量关系,,单选题,2025-11-10 10:04:45,B,A,错误,模考,,公务员,6,2025下半年省考第三十季行测模考大赛（江苏A卷）,模考,行测,2026-08-08 23:53:16
14437497,https://www.fenbi.com/spa/tiku/#/xingce/report/3638026143,数量关系,,单选题,2025-11-10 10:04:45,B,B,正确,模考,,公务员,6,2025下半年省考第三十季行测模考大赛（江苏A卷）,模考,行测,2026-08-08 23:53:16
14437498,https://www.fenbi.com/spa/tiku/#/xingce/report/3638026143,数量关系,,单选题,2025-11-10 10:04:45,B,0,错误,模考,,公务员,7,2025下半年省考第三十季行测模考大赛（江苏A卷）,模考,行测,2026-08-08 23:53:16
14437499,https://www.fenbi.com/spa/tiku/#/xingce/report/3638026143,数量关系,,单选题,2025-11-10 10:04:45,B,A,错误,模考,,公务员,6,2025下半年省考第三十季行测模考大赛（江苏A卷）,模考,行测,2026-08-08 23:53:16
16117001,https://www.fenbi.com/spa/tiku/#/xingce/report/3638026143,判断推理,,单选题,2025-11-10 10:04:45,B,B,正确,模考,,公务员,6,2025下半年省考第三十季行测模考大赛（江苏A卷）,模考,行测,2026-08-08 23:53:16
16117002,https://www.fenbi.com/spa/tiku/#/xingce/report/3638026143,判断推理,,单选题,2025-11-10 10:04:45,A,A,正确,模考,,公务员,6,2025下半年省考第三十季行测模考大赛（江苏A卷）,模考,行测,2026-08-08 23:53:16
16117465,https://www.fenbi.com/spa/tiku/#/xingce/report/3638026143,判断推理,,单选题,2025-11-10 10:04:45,B,B,正确,模考,,公务员,4,2025下半年省考第三十季行测模考大赛（江苏A卷）,模考,行测,2026-08-08 23:53:16
16117473,https://www.fenbi.com/spa/tiku/#/xingce/report/3638026143,判断推理,,单选题,2025-11-10 10:04:45,B,B,正确,模考,,公务员,3,2025下半年省考第三十季行测模考大赛（江苏A卷）,模考,行测,2026-08-08 23:53:16
16117003,https://www.fenbi.com/spa/tiku/#/xingce/report/3638026143,判断推理,,单选题,2025-11-10 10:04:45,C,C,正确,模考,,公务员,3,2025下半年省考第三十季行测模考大赛（江苏A卷）,模考,行测,2026-08-08 23:53:16
16117006,https://www.fenbi.com/spa/tiku/#/xingce/report/3638026143,判断推理,,单选题,2025-11-10 10:04:45,A,A,正确,模考,,公务员,4,2025下半年省考第三十季行测模考大赛（江苏A卷）,模考,行测,2026-08-08 23:53:16
16117466,https://www.fenbi.com/spa/tiku/#/xingce/report/3638026143,判断推理,,单选题,2025-11-10 10:04:45,B,C,错误,模考,,公务员,4,2025下半年省考第三十季行测模考大赛（江苏A卷）,模考,行测,2026-08-08 23:53:16
16117475,https://www.fenbi.com/spa/tiku/#/xingce/report/3638026143,判断推理,,单选题,2025-11-10 10:04:45,C,C,正确,模考,,公务员,6,2025下半年省考第三十季行测模考大赛（江苏A卷）,模考,行测,2026-08-08 23:53:16
16117009,https://www.fenbi.com/spa/tiku/#/xingce/report/3638026143,判断推理,,单选题,2025-11-10 10:04:45,A,0,错误,模考,,公务员,3,2025下半年省考第三十季行测模考大赛（江苏A卷）,模考,行测,2026-08-08 23:53:16
16117468,https://www.fenbi.com/spa/tiku/#/xingce/report/3638026143,判断推理,,单选题,2025-11-10 10:04:45,C,0,错误,模考,,公务员,6,2025下半年省考第三十季行测模考大赛（江苏A卷）,模考,行测,2026-08-08 23:53:16
16116959,https://www.fenbi.com/spa/tiku/#/xingce/report/3638026143,判断推理,,单选题,2025-11-10 10:04:45,A,A,正确,模考,,公务员,3,2025下半年省考第三十季行测模考大赛（江苏A卷）,模考,行测,2026-08-08 23:53:16
16116960,https://www.fenbi.com/spa/tiku/#/xingce/report/3638026143,判断推理,,单选题,2025-11-10 10:04:45,0,0,正确,模考,,公务员,3,2025下半年省考第三十季行测模考大赛（江苏A卷）,模考,行测,2026-08-08 23:53:16
16116964,https://www.fenbi.com/spa/tiku/#/xingce/report/3638026143,判断推理,,单选题,2025-11-10 10:04:45,B,B,正确,模考,,公务员,4,2025下半年省考第三十季行测模考大赛（江苏A卷）,模考,行测,2026-08-08 23:53:16
16116965,https://www.fenbi.com/spa/tiku/#/xingce/report/3638026143,判断推理,,单选题,2025-11-10 10:04:45,0,C,错误,模考,,公务员,3,2025下半年省考第三十季行测模考大赛（江苏A卷）,模考,行测,2026-08-08 23:53:16
17001401,https://www.fenbi.com/spa/tiku/#/xingce/report/3638026143,判断推理,,单选题,2025-11-10 10:04:45,B,B,正确,模考,,公务员,3,2025下半年省考第三十季行测模考大赛（江苏A卷）,模考,行测,2026-08-08 23:53:16
17001402,https://www.fenbi.com/spa/tiku/#/xingce/report/3638026143,判断推理,,单选题,2025-11-10 10:04:45,B,C,错误,模考,,公务员,6,2025下半年省考第三十季行测模考大赛（江苏A卷）,模考,行测,2026-08-08 23:53:16
17001403,https://www.fenbi.com/spa/tiku/#/xingce/report/3638026143,判断推理,,单选题,2025-11-10 10:04:45,B,B,正确,模考,,公务员,3,2025下半年省考第三十季行测模考大赛（江苏A卷）,模考,行测,2026-08-08 23:53:16
17001404,https://www.fenbi.com/spa/tiku/#/xingce/report/3638026143,判断推理,,单选题,2025-11-10 10:04:45,A,A,正确,模考,,公务员,4,2025下半年省考第三十季行测模考大赛（江苏A卷）,模考,行测,2026-08-08 23:53:16
17001405,https://www.fenbi.com/spa/tiku/#/xingce/report/3638026143,判断推理,,单选题,2025-11-10 10:04:45,A,A,正确,模考,,公务员,4,2025下半年省考第三十季行测模考大赛（江苏A卷）,模考,行测,2026-08-08 23:53:16
17001406,https://www.fenbi.com/spa/tiku/#/xingce/report/3638026143,判断推理,,单选题,2025-11-10 10:04:45,C,B,错误,模考,,公务员,3,2025下半年省考第三十季行测模考大赛（江苏A卷）,模考,行测,2026-08-08 23:53:16
16117016,https://www.fenbi.com/spa/tiku/#/xingce/report/3638026143,判断推理,,单选题,2025-11-10 10:04:45,C,C,正确,模考,,公务员,4,2025下半年省考第三十季行测模考大赛（江苏A卷）,模考,行测,2026-08-08 23:53:16
16117018,https://www.fenbi.com/spa/tiku/#/xingce/report/3638026143,判断推理,,单选题,2025-11-10 10:04:45,B,B,正确,模考,,公务员,3,2025下半年省考第三十季行测模考大赛（江苏A卷）,模考,行测,2026-08-08 23:53:16
16117020,https://www.fenbi.com/spa/tiku/#/xingce/report/3638026143,判断推理,,单选题,2025-11-10 10:04:45,C,C,正确,模考,,公务员,4,2025下半年省考第三十季行测模考大赛（江苏A卷）,模考,行测,2026-08-08 23:53:16
16117476,https://www.fenbi.com/spa/tiku/#/xingce/report/3638026143,判断推理,,单选题,2025-11-10 10:04:45,C,C,正确,模考,,公务员,3,2025下半年省考第三十季行测模考大赛（江苏A卷）,模考,行测,2026-08-08 23:53:16
16117478,https://www.fenbi.com/spa/tiku/#/xingce/report/3638026143,判断推理,,单选题,2025-11-10 10:04:45,B,B,正确,模考,,公务员,3,2025下半年省考第三十季行测模考大赛（江苏A卷）,模考,行测,2026-08-08 23:53:16
16117480,https://www.fenbi.com/spa/tiku/#/xingce/report/3638026143,判断推理,,单选题,2025-11-10 10:04:45,B,B,正确,模考,,公务员,3,2025下半年省考第三十季行测模考大赛（江苏A卷）,模考,行测,2026-08-08 23:53:16
16117481,https://www.fenbi.com/spa/tiku/#/xingce/report/3638026143,判断推理,,单选题,2025-11-10 10:04:45,B,A,错误,模考,,公务员,5,2025下半年省考第三十季行测模考大赛（江苏A卷）,模考,行测,2026-08-08 23:53:16
16117482,https://www.fenbi.com/spa/tiku/#/xingce/report/3638026143,判断推理,,单选题,2025-11-10 10:04:45,0,0,正确,模考,,公务员,4,2025下半年省考第三十季行测模考大赛（江苏A卷）,模考,行测,2026-08-08 23:53:16
16117027,https://www.fenbi.com/spa/tiku/#/xingce/report/3638026143,判断推理,,单选题,2025-11-10 10:04:45,B,B,正确,模考,,公务员,4,2025下半年省考第三十季行测模考大赛（江苏A卷）,模考,行测,2026-08-08 23:53:16
16117028,https://www.fenbi.com/spa/tiku/#/xingce/report/3638026143,判断推理,,单选题,2025-11-10 10:04:45,B,0,错误,模考,,公务员,6,2025下半年省考第三十季行测模考大赛（江苏A卷）,模考,行测,2026-08-08 23:53:16
14437392,https://www.fenbi.com/spa/tiku/#/xingce/report/3638026143,判断推理,,单选题,2025-11-10 10:04:45,B,B,正确,模考,,公务员,3,2025下半年省考第三十季行测模考大赛（江苏A卷）,模考,行测,2026-08-08 23:53:16
14437394,https://www.fenbi.com/spa/tiku/#/xingce/report/3638026143,判断推理,,单选题,2025-11-10 10:04:45,0,0,正确,模考,,公务员,3,2025下半年省考第三十季行测模考大赛（江苏A卷）,模考,行测,2026-08-08 23:53:16
17001407,https://www.fenbi.com/spa/tiku/#/xingce/report/3638026143,判断推理,,单选题,2025-11-10 10:04:45,B,C,错误,模考,,公务员,5,2025下半年省考第三十季行测模考大赛（江苏A卷）,模考,行测,2026-08-08 23:53:16
17001408,https://www.fenbi.com/spa/tiku/#/xingce/report/3638026143,判断推理,,单选题,2025-11-10 10:04:45,B,A,错误,模考,,公务员,4,2025下半年省考第三十季行测模考大赛（江苏A卷）,模考,行测,2026-08-08 23:53:16
17001409,https://www.fenbi.com/spa/tiku/#/xingce/report/3638026143,判断推理,,单选题,2025-11-10 10:04:45,B,0,错误,模考,,公务员,6,2025下半年省考第三十季行测模考大赛（江苏A卷）,模考,行测,2026-08-08 23:53:16
16116984,https://www.fenbi.com/spa/tiku/#/xingce/report/3638026143,判断推理,,单选题,2025-11-10 10:04:45,A,A,正确,模考,,公务员,3,2025下半年省考第三十季行测模考大赛（江苏A卷）,模考,行测,2026-08-08 23:53:16
16116987,https://www.fenbi.com/spa/tiku/#/xingce/report/3638026143,判断推理,,单选题,2025-11-10 10:04:45,A,A,正确,模考,,公务员,3,2025下半年省考第三十季行测模考大赛（江苏A卷）,模考,行测,2026-08-08 23:53:16
16116989,https://www.fenbi.com/spa/tiku/#/xingce/report/3638026143,判断推理,,单选题,2025-11-10 10:04:45,B,C,错误,模考,,公务员,3,2025下半年省考第三十季行测模考大赛（江苏A卷）,模考,行测,2026-08-08 23:53:16
16116990,https://www.fenbi.com/spa/tiku/#/xingce/report/3638026143,判断推理,,单选题,2025-11-10 10:04:45,B,B,正确,模考,,公务员,3,2025下半年省考第三十季行测模考大赛（江苏A卷）,模考,行测,2026-08-08 23:53:16
16116996,https://www.fenbi.com/spa/tiku/#/xingce/report/3638026143,判断推理,,单选题,2025-11-10 10:04:45,B,A,错误,模考,,公务员,6,2025下半年省考第三十季行测模考大赛（江苏A卷）,模考,行测,2026-08-08 23:53:16
16116997,https://www.fenbi.com/spa/tiku/#/xingce/report/3638026143,判断推理,,单选题,2025-11-10 10:04:45,B,0,错误,模考,,公务员,3,2025下半年省考第三十季行测模考大赛（江苏A卷）,模考,行测,2026-08-08 23:53:16
16116998,https://www.fenbi.com/spa/tiku/#/xingce/report/3638026143,判断推理,,单选题,2025-11-10 10:04:45,B,B,正确,模考,,公务员,3,2025下半年省考第三十季行测模考大赛（江苏A卷）,模考,行测,2026-08-08 23:53:16
17001894,https://www.fenbi.com/spa/tiku/#/xingce/report/3638026143,判断推理,,单选题,2025-11-10 10:04:45,B,C,错误,模考,,公务员,3,2025下半年省考第三十季行测模考大赛（江苏A卷）,模考,行测,2026-08-08 23:53:16
17001895,https://www.fenbi.com/spa/tiku/#/xingce/report/3638026143,判断推理,,单选题,2025-11-10 10:04:45,B,C,错误,模考,,公务员,6,2025下半年省考第三十季行测模考大赛（江苏A卷）,模考,行测,2026-08-08 23:53:16
17001896,https://www.fenbi.com/spa/tiku/#/xingce/report/3638026143,判断推理,,单选题,2025-11-10 10:04:45,B,A,错误,模考,,公务员,3,2025下半年省考第三十季行测模考大赛（江苏A卷）,模考,行测,2026-08-08 23:53:16
14437500,https://www.fenbi.com/spa/tiku/#/xingce/report/3638026143,资料分析,,单选题,2025-11-10 10:04:45,C,A,错误,模考,,公务员,3,2025下半年省考第三十季行测模考大赛（江苏A卷）,模考,行测,2026-08-08 23:53:16
14437501,https://www.fenbi.com/spa/tiku/#/xingce/report/3638026143,资料分析,,单选题,2025-11-10 10:04:45,B,B,正确,模考,,公务员,3,2025下半年省考第三十季行测模考大赛（江苏A卷）,模考,行测,2026-08-08 23:53:16
14437502,https://www.fenbi.com/spa/tiku/#/xingce/report/3638026143,资料分析,,单选题,2025-11-10 10:04:45,C,C,正确,模考,,公务员,4,2025下半年省考第三十季行测模考大赛（江苏A卷）,模考,行测,2026-08-08 23:53:16
14437503,https://www.fenbi.com/spa/tiku/#/xingce/report/3638026143,资料分析,,单选题,2025-11-10 10:04:45,0,0,正确,模考,,公务员,3,2025下半年省考第三十季行测模考大赛（江苏A卷）,模考,行测,2026-08-08 23:53:16
14437504,https://www.fenbi.com/spa/tiku/#/xingce/report/3638026143,资料分析,,单选题,2025-11-10 10:04:45,B,B,正确,模考,,公务员,4,2025下半年省考第三十季行测模考大赛（江苏A卷）,模考,行测,2026-08-08 23:53:16
14437505,https://www.fenbi.com/spa/tiku/#/xingce/report/3638026143,资料分析,,单选题,2025-11-10 10:04:45,C,C,正确,模考,,公务员,4,2025下半年省考第三十季行测模考大赛（江苏A卷）,模考,行测,2026-08-08 23:53:16
14437506,https://www.fenbi.com/spa/tiku/#/xingce/report/3638026143,资料分析,,单选题,2025-11-10 10:04:45,0,0,正确,模考,,公务员,4,2025下半年省考第三十季行测模考大赛（江苏A卷）,模考,行测,2026-08-08 23:53:16
14437507,https://www.fenbi.com/spa/tiku/#/xingce/report/3638026143,资料分析,,单选题,2025-11-10 10:04:45,A,A,正确,模考,,公务员,3,2025下半年省考第三十季行测模考大赛（江苏A卷）,模考,行测,2026-08-08 23:53:16
14437508,https://www.fenbi.com/spa/tiku/#/xingce/report/3638026143,资料分析,,单选题,2025-11-10 10:04:45,B,C,错误,模考,,公务员,3,2025下半年省考第三十季行测模考大赛（江苏A卷）,模考,行测,2026-08-08 23:53:16
14437509,https://www.fenbi.com/spa/tiku/#/xingce/report/3638026143,资料分析,,单选题,2025-11-10 10:04:45,A,A,正确,模考,,公务员,6,2025下半年省考第三十季行测模考大赛（江苏A卷）,模考,行测,2026-08-08 23:53:16
14437510,https://www.fenbi.com/spa/tiku/#/xingce/report/3638026143,资料分析,,单选题,2025-11-10 10:04:45,A,A,正确,模考,,公务员,4,2025下半年省考第三十季行测模考大赛（江苏A卷）,模考,行测,2026-08-08 23:53:16
14437511,https://www.fenbi.com/spa/tiku/#/xingce/report/3638026143,资料分析,,单选题,2025-11-10 10:04:45,B,B,正确,模考,,公务员,4,2025下半年省考第三十季行测模考大赛（江苏A卷）,模考,行测,2026-08-08 23:53:16
14437512,https://www.fenbi.com/spa/tiku/#/xingce/report/3638026143,资料分析,,单选题,2025-11-10 10:04:45,0,0,正确,模考,,公务员,3,2025下半年省考第三十季行测模考大赛（江苏A卷）,模考,行测,2026-08-08 23:53:16
14437513,https://www.fenbi.com/spa/tiku/#/xingce/report/3638026143,资料分析,,单选题,2025-11-10 10:04:45,B,C,错误,模考,,公务员,5,2025下半年省考第三十季行测模考大赛（江苏A卷）,模考,行测,2026-08-08 23:53:16
14437514,https://www.fenbi.com/spa/tiku/#/xingce/report/3638026143,资料分析,,单选题,2025-11-10 10:04:45,C,A,错误,模考,,公务员,3,2025下半年省考第三十季行测模考大赛（江苏A卷）,模考,行测,2026-08-08 23:53:16
14438041,https://www.fenbi.com/spa/tiku/#/xingce/report/3638026143,资料分析,,单选题,2025-11-10 10:04:45,B,B,正确,模考,,公务员,4,2025下半年省考第三十季行测模考大赛（江苏A卷）,模考,行测,2026-08-08 23:53:16
14438042,https://www.fenbi.com/spa/tiku/#/xingce/report/3638026143,资料分析,,单选题,2025-11-10 10:04:45,0,0,正确,模考,,公务员,4,2025下半年省考第三十季行测模考大赛（江苏A卷）,模考,行测,2026-08-08 23:53:16
14438043,https://www.fenbi.com/spa/tiku/#/xingce/report/3638026143,资料分析,,单选题,2025-11-10 10:04:45,A,A,正确,模考,,公务员,4,2025下半年省考第三十季行测模考大赛（江苏A卷）,模考,行测,2026-08-08 23:53:16
14438050,https://www.fenbi.com/spa/tiku/#/xingce/report/3638026143,资料分析,,单选题,2025-11-10 10:04:45,B,B,正确,模考,,公务员,4,2025下半年省考第三十季行测模考大赛（江苏A卷）,模考,行测,2026-08-08 23:53:16
14438054,https://www.fenbi.com/spa/tiku/#/xingce/report/3638026143,资料分析,,单选题,2025-11-10 10:04:45,C,A,错误,模考,,公务员,5,2025下半年省考第三十季行测模考大赛（江苏A卷）,模考,行测,2026-08-08 23:53:16
18554231,https://www.fenbi.com/spa/tiku/#/xingce/report/3630713125,资料分析,,单选题,2025-11-07 16:43:16,0,0,正确,模考,,公务员,5,2025下半年省考第十一季行测模考大赛（江苏A卷）,模考,行测,2026-08-08 23:53:16
18554232,https://www.fenbi.com/spa/tiku/#/xingce/report/3630713125,资料分析,,单选题,2025-11-07 16:43:16,B,B,正确,模考,,公务员,4,2025下半年省考第十一季行测模考大赛（江苏A卷）,模考,行测,2026-08-08 23:53:16
16580587,https://www.fenbi.com/spa/tiku/#/xingce/report/3630713125,资料分析,,单选题,2025-11-07 16:43:16,A,A,正确,模考,,公务员,3,2025下半年省考第十一季行测模考大赛（江苏A卷）,模考,行测,2026-08-08 23:53:16
16580588,https://www.fenbi.com/spa/tiku/#/xingce/report/3630713125,资料分析,,单选题,2025-11-07 16:43:16,C,B,错误,模考,,公务员,6,2025下半年省考第十一季行测模考大赛（江苏A卷）,模考,行测,2026-08-08 23:53:16
16580590,https://www.fenbi.com/spa/tiku/#/xingce/report/3630713125,资料分析,,单选题,2025-11-07 16:43:16,C,A,错误,模考,,公务员,4,2025下半年省考第十一季行测模考大赛（江苏A卷）,模考,行测,2026-08-08 23:53:16
16580591,https://www.fenbi.com/spa/tiku/#/xingce/report/3630713125,资料分析,,单选题,2025-11-07 16:43:16,A,A,正确,模考,,公务员,6,2025下半年省考第十一季行测模考大赛（江苏A卷）,模考,行测,2026-08-08 23:53:16
16580592,https://www.fenbi.com/spa/tiku/#/xingce/report/3630713125,资料分析,,单选题,2025-11-07 16:43:16,B,B,正确,模考,,公务员,3,2025下半年省考第十一季行测模考大赛（江苏A卷）,模考,行测,2026-08-08 23:53:16
18554217,https://www.fenbi.com/spa/tiku/#/xingce/report/3630713125,资料分析,,单选题,2025-11-07 16:43:16,C,A,错误,模考,,公务员,7,2025下半年省考第十一季行测模考大赛（江苏A卷）,模考,行测,2026-08-08 23:53:16
18554218,https://www.fenbi.com/spa/tiku/#/xingce/report/3630713125,资料分析,,单选题,2025-11-07 16:43:16,0,0,正确,模考,,公务员,3,2025下半年省考第十一季行测模考大赛（江苏A卷）,模考,行测,2026-08-08 23:53:16
18554219,https://www.fenbi.com/spa/tiku/#/xingce/report/3630713125,资料分析,,单选题,2025-11-07 16:43:16,0,C,错误,模考,,公务员,4,2025下半年省考第十一季行测模考大赛（江苏A卷）,模考,行测,2026-08-08 23:53:16
18554220,https://www.fenbi.com/spa/tiku/#/xingce/report/3630713125,资料分析,,单选题,2025-11-07 16:43:16,B,B,正确,模考,,公务员,4,2025下半年省考第十一季行测模考大赛（江苏A卷）,模考,行测,2026-08-08 23:53:16
18554221,https://www.fenbi.com/spa/tiku/#/xingce/report/3630713125,资料分析,,单选题,2025-11-07 16:43:16,B,A,错误,模考,,公务员,6,2025下半年省考第十一季行测模考大赛（江苏A卷）,模考,行测,2026-08-08 23:53:16
18554222,https://www.fenbi.com/spa/tiku/#/xingce/report/3630713125,资料分析,,单选题,2025-11-07 16:43:16,C,C,正确,模考,,公务员,4,2025下半年省考第十一季行测模考大赛（江苏A卷）,模考,行测,2026-08-08 23:53:16
18554223,https://www.fenbi.com/spa/tiku/#/xingce/report/3630713125,资料分析,,单选题,2025-11-07 16:43:16,0,0,正确,模考,,公务员,7,2025下半年省考第十一季行测模考大赛（江苏A卷）,模考,行测,2026-08-08 23:53:16
18554224,https://www.fenbi.com/spa/tiku/#/xingce/report/3630713125,资料分析,,单选题,2025-11-07 16:43:16,A,B,错误,模考,,公务员,4,2025下半年省考第十一季行测模考大赛（江苏A卷）,模考,行测,2026-08-08 23:53:16
18554225,https://www.fenbi.com/spa/tiku/#/xingce/report/3630713125,资料分析,,单选题,2025-11-07 16:43:16,0,0,正确,模考,,公务员,4,2025下半年省考第十一季行测模考大赛（江苏A卷）,模考,行测,2026-08-08 23:53:16
18554226,https://www.fenbi.com/spa/tiku/#/xingce/report/3630713125,资料分析,,单选题,2025-11-07 16:43:16,A,A,正确,模考,,公务员,4,2025下半年省考第十一季行测模考大赛（江苏A卷）,模考,行测,2026-08-08 23:53:16
18554228,https://www.fenbi.com/spa/tiku/#/xingce/report/3630713125,资料分析,,单选题,2025-11-07 16:43:16,C,C,正确,模考,,公务员,4,2025下半年省考第十一季行测模考大赛（江苏A卷）,模考,行测,2026-08-08 23:53:16
18554229,https://www.fenbi.com/spa/tiku/#/xingce/report/3630713125,资料分析,,单选题,2025-11-07 16:43:16,C,C,正确,模考,,公务员,4,2025下半年省考第十一季行测模考大赛（江苏A卷）,模考,行测,2026-08-08 23:53:16
18554230,https://www.fenbi.com/spa/tiku/#/xingce/report/3630713125,资料分析,,单选题,2025-11-07 16:43:16,A,A,正确,模考,,公务员,5,2025下半年省考第十一季行测模考大赛（江苏A卷）,模考,行测,2026-08-08 23:53:16
18007621,https://www.fenbi.com/spa/tiku/#/xingce/report/3629161069,政治理论,,单选题,2025-11-07 09:05:29,B,C,错误,模考,,公务员,6,2025下半年省考第三十一季行测模考大赛（江苏A卷）,模考,行测,2026-08-08 23:53:16
18007622,https://www.fenbi.com/spa/tiku/#/xingce/report/3629161069,政治理论,,单选题,2025-11-07 09:05:29,B,A,错误,模考,,公务员,6,2025下半年省考第三十一季行测模考大赛（江苏A卷）,模考,行测,2026-08-08 23:53:16
18007626,https://www.fenbi.com/spa/tiku/#/xingce/report/3629161069,政治理论,,单选题,2025-11-07 09:05:29,B,B,正确,模考,,公务员,4,2025下半年省考第三十一季行测模考大赛（江苏A卷）,模考,行测,2026-08-08 23:53:16
18007627,https://www.fenbi.com/spa/tiku/#/xingce/report/3629161069,政治理论,,单选题,2025-11-07 09:05:29,B,A,错误,模考,,公务员,7,2025下半年省考第三十一季行测模考大赛（江苏A卷）,模考,行测,2026-08-08 23:53:16
18007628,https://www.fenbi.com/spa/tiku/#/xingce/report/3629161069,政治理论,,单选题,2025-11-07 09:05:29,B,A,错误,模考,,公务员,5,2025下半年省考第三十一季行测模考大赛（江苏A卷）,模考,行测,2026-08-08 23:53:16
18007631,https://www.fenbi.com/spa/tiku/#/xingce/report/3629161069,政治理论,,单选题,2025-11-07 09:05:29,B,B,正确,模考,,公务员,3,2025下半年省考第三十一季行测模考大赛（江苏A卷）,模考,行测,2026-08-08 23:53:16
18007632,https://www.fenbi.com/spa/tiku/#/xingce/report/3629161069,政治理论,,单选题,2025-11-07 09:05:29,B,0,错误,模考,,公务员,5,2025下半年省考第三十一季行测模考大赛（江苏A卷）,模考,行测,2026-08-08 23:53:16
18007633,https://www.fenbi.com/spa/tiku/#/xingce/report/3629161069,政治理论,,单选题,2025-11-07 09:05:29,B,A,错误,模考,,公务员,6,2025下半年省考第三十一季行测模考大赛（江苏A卷）,模考,行测,2026-08-08 23:53:16
18007634,https://www.fenbi.com/spa/tiku/#/xingce/report/3629161069,政治理论,,单选题,2025-11-07 09:05:29,B,B,正确,模考,,公务员,4,2025下半年省考第三十一季行测模考大赛（江苏A卷）,模考,行测,2026-08-08 23:53:16
18007662,https://www.fenbi.com/spa/tiku/#/xingce/report/3629161069,政治理论,,单选题,2025-11-07 09:05:29,B,0,错误,模考,,公务员,6,2025下半年省考第三十一季行测模考大赛（江苏A卷）,模考,行测,2026-08-08 23:53:16
18007664,https://www.fenbi.com/spa/tiku/#/xingce/report/3629161069,常识判断,,单选题,2025-11-07 09:05:29,B,A,错误,模考,,公务员,7,2025下半年省考第三十一季行测模考大赛（江苏A卷）,模考,行测,2026-08-08 23:53:16
18007665,https://www.fenbi.com/spa/tiku/#/xingce/report/3629161069,常识判断,,单选题,2025-11-07 09:05:29,B,C,错误,模考,,公务员,3,2025下半年省考第三十一季行测模考大赛（江苏A卷）,模考,行测,2026-08-08 23:53:16
18007666,https://www.fenbi.com/spa/tiku/#/xingce/report/3629161069,常识判断,,单选题,2025-11-07 09:05:29,B,A,错误,模考,,公务员,4,2025下半年省考第三十一季行测模考大赛（江苏A卷）,模考,行测,2026-08-08 23:53:16
18007667,https://www.fenbi.com/spa/tiku/#/xingce/report/3629161069,常识判断,,单选题,2025-11-07 09:05:29,B,0,错误,模考,,公务员,4,2025下半年省考第三十一季行测模考大赛（江苏A卷）,模考,行测,2026-08-08 23:53:16
18007687,https://www.fenbi.com/spa/tiku/#/xingce/report/3629161069,常识判断,,单选题,2025-11-07 09:05:29,B,B,正确,模考,,公务员,5,2025下半年省考第三十一季行测模考大赛（江苏A卷）,模考,行测,2026-08-08 23:53:16
18007696,https://www.fenbi.com/spa/tiku/#/xingce/report/3629161069,常识判断,,单选题,2025-11-07 09:05:29,B,B,正确,模考,,公务员,4,2025下半年省考第三十一季行测模考大赛（江苏A卷）,模考,行测,2026-08-08 23:53:16
18007697,https://www.fenbi.com/spa/tiku/#/xingce/report/3629161069,常识判断,,单选题,2025-11-07 09:05:29,B,0,错误,模考,,公务员,6,2025下半年省考第三十一季行测模考大赛（江苏A卷）,模考,行测,2026-08-08 23:53:16
18007699,https://www.fenbi.com/spa/tiku/#/xingce/report/3629161069,常识判断,,单选题,2025-11-07 09:05:29,B,0,错误,模考,,公务员,7,2025下半年省考第三十一季行测模考大赛（江苏A卷）,模考,行测,2026-08-08 23:53:16
18007700,https://www.fenbi.com/spa/tiku/#/xingce/report/3629161069,常识判断,,单选题,2025-11-07 09:05:29,B,B,正确,模考,,公务员,7,2025下半年省考第三十一季行测模考大赛（江苏A卷）,模考,行测,2026-08-08 23:53:16
18007703,https://www.fenbi.com/spa/tiku/#/xingce/report/3629161069,常识判断,,单选题,2025-11-07 09:05:29,B,C,错误,模考,,公务员,6,2025下半年省考第三十一季行测模考大赛（江苏A卷）,模考,行测,2026-08-08 23:53:16
10673409,https://www.fenbi.com/spa/tiku/#/xingce/report/3629161069,言语理解与表达,,单选题,2025-11-07 09:05:29,A,A,正确,模考,,公务员,6,2025下半年省考第三十一季行测模考大赛（江苏A卷）,模考,行测,2026-08-08 23:53:16
10673504,https://www.fenbi.com/spa/tiku/#/xingce/report/3629161069,言语理解与表达,,单选题,2025-11-07 09:05:29,A,A,正确,模考,,公务员,4,2025下半年省考第三十一季行测模考大赛（江苏A卷）,模考,行测,2026-08-08 23:53:16
10673410,https://www.fenbi.com/spa/tiku/#/xingce/report/3629161069,言语理解与表达,,单选题,2025-11-07 09:05:29,0,0,正确,模考,,公务员,6,2025下半年省考第三十一季行测模考大赛（江苏A卷）,模考,行测,2026-08-08 23:53:16
10673411,https://www.fenbi.com/spa/tiku/#/xingce/report/3629161069,言语理解与表达,,单选题,2025-11-07 09:05:29,B,B,正确,模考,,公务员,6,2025下半年省考第三十一季行测模考大赛（江苏A卷）,模考,行测,2026-08-08 23:53:16
10673413,https://www.fenbi.com/spa/tiku/#/xingce/report/3629161069,言语理解与表达,,单选题,2025-11-07 09:05:29,0,B,错误,模考,,公务员,4,2025下半年省考第三十一季行测模考大赛（江苏A卷）,模考,行测,2026-08-08 23:53:16
10673414,https://www.fenbi.com/spa/tiku/#/xingce/report/3629161069,言语理解与表达,,单选题,2025-11-07 09:05:29,B,C,错误,模考,,公务员,6,2025下半年省考第三十一季行测模考大赛（江苏A卷）,模考,行测,2026-08-08 23:53:16
10673415,https://www.fenbi.com/spa/tiku/#/xingce/report/3629161069,言语理解与表达,,单选题,2025-11-07 09:05:29,C,C,正确,模考,,公务员,3,2025下半年省考第三十一季行测模考大赛（江苏A卷）,模考,行测,2026-08-08 23:53:16
10673417,https://www.fenbi.com/spa/tiku/#/xingce/report/3629161069,言语理解与表达,,单选题,2025-11-07 09:05:29,0,0,正确,模考,,公务员,3,2025下半年省考第三十一季行测模考大赛（江苏A卷）,模考,行测,2026-08-08 23:53:16
10673418,https://www.fenbi.com/spa/tiku/#/xingce/report/3629161069,言语理解与表达,,单选题,2025-11-07 09:05:29,A,A,正确,模考,,公务员,3,2025下半年省考第三十一季行测模考大赛（江苏A卷）,模考,行测,2026-08-08 23:53:16
10673420,https://www.fenbi.com/spa/tiku/#/xingce/report/3629161069,言语理解与表达,,单选题,2025-11-07 09:05:29,C,C,正确,模考,,公务员,3,2025下半年省考第三十一季行测模考大赛（江苏A卷）,模考,行测,2026-08-08 23:53:16
10673421,https://www.fenbi.com/spa/tiku/#/xingce/report/3629161069,言语理解与表达,,单选题,2025-11-07 09:05:29,B,B,正确,模考,,公务员,3,2025下半年省考第三十一季行测模考大赛（江苏A卷）,模考,行测,2026-08-08 23:53:16
10673424,https://www.fenbi.com/spa/tiku/#/xingce/report/3629161069,言语理解与表达,,单选题,2025-11-07 09:05:29,B,A,错误,模考,,公务员,4,2025下半年省考第三十一季行测模考大赛（江苏A卷）,模考,行测,2026-08-08 23:53:16
10673425,https://www.fenbi.com/spa/tiku/#/xingce/report/3629161069,言语理解与表达,,单选题,2025-11-07 09:05:29,B,B,正确,模考,,公务员,3,2025下半年省考第三十一季行测模考大赛（江苏A卷）,模考,行测,2026-08-08 23:53:16
10673562,https://www.fenbi.com/spa/tiku/#/xingce/report/3629161069,言语理解与表达,,单选题,2025-11-07 09:05:29,C,C,正确,模考,,公务员,3,2025下半年省考第三十一季行测模考大赛（江苏A卷）,模考,行测,2026-08-08 23:53:16
10673495,https://www.fenbi.com/spa/tiku/#/xingce/report/3629161069,言语理解与表达,,单选题,2025-11-07 09:05:29,0,0,正确,模考,,公务员,6,2025下半年省考第三十一季行测模考大赛（江苏A卷）,模考,行测,2026-08-08 23:53:16
10673380,https://www.fenbi.com/spa/tiku/#/xingce/report/3629161069,言语理解与表达,,单选题,2025-11-07 09:05:29,C,0,错误,模考,,公务员,6,2025下半年省考第三十一季行测模考大赛（江苏A卷）,模考,行测,2026-08-08 23:53:16
10673384,https://www.fenbi.com/spa/tiku/#/xingce/report/3629161069,言语理解与表达,,单选题,2025-11-07 09:05:29,A,A,正确,模考,,公务员,4,2025下半年省考第三十一季行测模考大赛（江苏A卷）,模考,行测,2026-08-08 23:53:16
10673386,https://www.fenbi.com/spa/tiku/#/xingce/report/3629161069,言语理解与表达,,单选题,2025-11-07 09:05:29,A,A,正确,模考,,公务员,4,2025下半年省考第三十一季行测模考大赛（江苏A卷）,模考,行测,2026-08-08 23:53:16
10673388,https://www.fenbi.com/spa/tiku/#/xingce/report/3629161069,言语理解与表达,,单选题,2025-11-07 09:05:29,0,0,正确,模考,,公务员,7,2025下半年省考第三十一季行测模考大赛（江苏A卷）,模考,行测,2026-08-08 23:53:16
10673390,https://www.fenbi.com/spa/tiku/#/xingce/report/3629161069,言语理解与表达,,单选题,2025-11-07 09:05:29,B,A,错误,模考,,公务员,7,2025下半年省考第三十一季行测模考大赛（江苏A卷）,模考,行测,2026-08-08 23:53:16
10673394,https://www.fenbi.com/spa/tiku/#/xingce/report/3629161069,言语理解与表达,,单选题,2025-11-07 09:05:29,B,B,正确,模考,,公务员,3,2025下半年省考第三十一季行测模考大赛（江苏A卷）,模考,行测,2026-08-08 23:53:16
10673403,https://www.fenbi.com/spa/tiku/#/xingce/report/3629161069,言语理解与表达,,单选题,2025-11-07 09:05:29,A,A,正确,模考,,公务员,6,2025下半年省考第三十一季行测模考大赛（江苏A卷）,模考,行测,2026-08-08 23:53:16
10673405,https://www.fenbi.com/spa/tiku/#/xingce/report/3629161069,言语理解与表达,,单选题,2025-11-07 09:05:29,C,C,正确,模考,,公务员,4,2025下半年省考第三十一季行测模考大赛（江苏A卷）,模考,行测,2026-08-08 23:53:16
10673406,https://www.fenbi.com/spa/tiku/#/xingce/report/3629161069,言语理解与表达,,单选题,2025-11-07 09:05:29,A,A,正确,模考,,公务员,4,2025下半年省考第三十一季行测模考大赛（江苏A卷）,模考,行测,2026-08-08 23:53:16
10673408,https://www.fenbi.com/spa/tiku/#/xingce/report/3629161069,言语理解与表达,,单选题,2025-11-07 09:05:29,C,C,正确,模考,,公务员,4,2025下半年省考第三十一季行测模考大赛（江苏A卷）,模考,行测,2026-08-08 23:53:16
10673716,https://www.fenbi.com/spa/tiku/#/xingce/report/3629161069,言语理解与表达,,单选题,2025-11-07 09:05:29,A,A,正确,模考,,公务员,3,2025下半年省考第三十一季行测模考大赛（江苏A卷）,模考,行测,2026-08-08 23:53:16
10673717,https://www.fenbi.com/spa/tiku/#/xingce/report/3629161069,言语理解与表达,,单选题,2025-11-07 09:05:29,A,A,正确,模考,,公务员,4,2025下半年省考第三十一季行测模考大赛（江苏A卷）,模考,行测,2026-08-08 23:53:16
10673719,https://www.fenbi.com/spa/tiku/#/xingce/report/3629161069,言语理解与表达,,单选题,2025-11-07 09:05:29,A,0,错误,模考,,公务员,6,2025下半年省考第三十一季行测模考大赛（江苏A卷）,模考,行测,2026-08-08 23:53:16
10673720,https://www.fenbi.com/spa/tiku/#/xingce/report/3629161069,言语理解与表达,,单选题,2025-11-07 09:05:29,B,0,错误,模考,,公务员,6,2025下半年省考第三十一季行测模考大赛（江苏A卷）,模考,行测,2026-08-08 23:53:16
10673721,https://www.fenbi.com/spa/tiku/#/xingce/report/3629161069,言语理解与表达,,单选题,2025-11-07 09:05:29,0,0,正确,模考,,公务员,4,2025下半年省考第三十一季行测模考大赛（江苏A卷）,模考,行测,2026-08-08 23:53:16
18007542,https://www.fenbi.com/spa/tiku/#/xingce/report/3629161069,数量关系,,单选题,2025-11-07 09:05:29,B,C,错误,模考,,公务员,4,2025下半年省考第三十一季行测模考大赛（江苏A卷）,模考,行测,2026-08-08 23:53:16
18007543,https://www.fenbi.com/spa/tiku/#/xingce/report/3629161069,数量关系,,单选题,2025-11-07 09:05:29,B,A,错误,模考,,公务员,4,2025下半年省考第三十一季行测模考大赛（江苏A卷）,模考,行测,2026-08-08 23:53:16
18007544,https://www.fenbi.com/spa/tiku/#/xingce/report/3629161069,数量关系,,单选题,2025-11-07 09:05:29,B,0,错误,模考,,公务员,4,2025下半年省考第三十一季行测模考大赛（江苏A卷）,模考,行测,2026-08-08 23:53:16
18007545,https://www.fenbi.com/spa/tiku/#/xingce/report/3629161069,数量关系,,单选题,2025-11-07 09:05:29,B,0,错误,模考,,公务员,7,2025下半年省考第三十一季行测模考大赛（江苏A卷）,模考,行测,2026-08-08 23:53:16
18007546,https://www.fenbi.com/spa/tiku/#/xingce/report/3629161069,数量关系,,单选题,2025-11-07 09:05:29,B,B,正确,模考,,公务员,4,2025下半年省考第三十一季行测模考大赛（江苏A卷）,模考,行测,2026-08-08 23:53:16
18008237,https://www.fenbi.com/spa/tiku/#/xingce/report/3629161069,数量关系,,单选题,2025-11-07 09:05:29,C,C,正确,模考,,公务员,7,2025下半年省考第三十一季行测模考大赛（江苏A卷）,模考,行测,2026-08-08 23:53:16
18008238,https://www.fenbi.com/spa/tiku/#/xingce/report/3629161069,数量关系,,单选题,2025-11-07 09:05:29,B,B,正确,模考,,公务员,6,2025下半年省考第三十一季行测模考大赛（江苏A卷）,模考,行测,2026-08-08 23:53:16
18008239,https://www.fenbi.com/spa/tiku/#/xingce/report/3629161069,数量关系,,单选题,2025-11-07 09:05:29,0,0,正确,模考,,公务员,6,2025下半年省考第三十一季行测模考大赛（江苏A卷）,模考,行测,2026-08-08 23:53:16
16432416,https://www.fenbi.com/spa/tiku/#/xingce/report/3629161069,数量关系,,单选题,2025-11-07 09:05:29,B,B,正确,模考,,公务员,7,2025下半年省考第三十一季行测模考大赛（江苏A卷）,模考,行测,2026-08-08 23:53:16
16432417,https://www.fenbi.com/spa/tiku/#/xingce/report/3629161069,数量关系,,单选题,2025-11-07 09:05:29,B,A,错误,模考,,公务员,6,2025下半年省考第三十一季行测模考大赛（江苏A卷）,模考,行测,2026-08-08 23:53:16
16432418,https://www.fenbi.com/spa/tiku/#/xingce/report/3629161069,数量关系,,单选题,2025-11-07 09:05:29,B,0,错误,模考,,公务员,7,2025下半年省考第三十一季行测模考大赛（江苏A卷）,模考,行测,2026-08-08 23:53:16
16432419,https://www.fenbi.com/spa/tiku/#/xingce/report/3629161069,数量关系,,单选题,2025-11-07 09:05:29,B,C,错误,模考,,公务员,7,2025下半年省考第三十一季行测模考大赛（江苏A卷）,模考,行测,2026-08-08 23:53:16
16432420,https://www.fenbi.com/spa/tiku/#/xingce/report/3629161069,数量关系,,单选题,2025-11-07 09:05:29,B,B,正确,模考,,公务员,6,2025下半年省考第三十一季行测模考大赛（江苏A卷）,模考,行测,2026-08-08 23:53:16
16432421,https://www.fenbi.com/spa/tiku/#/xingce/report/3629161069,数量关系,,单选题,2025-11-07 09:05:29,B,C,错误,模考,,公务员,7,2025下半年省考第三十一季行测模考大赛（江苏A卷）,模考,行测,2026-08-08 23:53:16
16432422,https://www.fenbi.com/spa/tiku/#/xingce/report/3629161069,数量关系,,单选题,2025-11-07 09:05:29,B,A,错误,模考,,公务员,6,2025下半年省考第三十一季行测模考大赛（江苏A卷）,模考,行测,2026-08-08 23:53:16
16432423,https://www.fenbi.com/spa/tiku/#/xingce/report/3629161069,数量关系,,单选题,2025-11-07 09:05:29,B,C,错误,模考,,公务员,7,2025下半年省考第三十一季行测模考大赛（江苏A卷）,模考,行测,2026-08-08 23:53:16
16432424,https://www.fenbi.com/spa/tiku/#/xingce/report/3629161069,数量关系,,单选题,2025-11-07 09:05:29,B,0,错误,模考,,公务员,7,2025下半年省考第三十一季行测模考大赛（江苏A卷）,模考,行测,2026-08-08 23:53:16
16432425,https://www.fenbi.com/spa/tiku/#/xingce/report/3629161069,数量关系,,单选题,2025-11-07 09:05:29,B,0,错误,模考,,公务员,7,2025下半年省考第三十一季行测模考大赛（江苏A卷）,模考,行测,2026-08-08 23:53:16
16432426,https://www.fenbi.com/spa/tiku/#/xingce/report/3629161069,数量关系,,单选题,2025-11-07 09:05:29,B,A,错误,模考,,公务员,6,2025下半年省考第三十一季行测模考大赛（江苏A卷）,模考,行测,2026-08-08 23:53:16
16432427,https://www.fenbi.com/spa/tiku/#/xingce/report/3629161069,数量关系,,单选题,2025-11-07 09:05:29,B,B,正确,模考,,公务员,6,2025下半年省考第三十一季行测模考大赛（江苏A卷）,模考,行测,2026-08-08 23:53:16
17655364,https://www.fenbi.com/spa/tiku/#/xingce/report/3629161069,判断推理,,单选题,2025-11-07 09:05:29,C,B,错误,模考,,公务员,6,2025下半年省考第三十一季行测模考大赛（江苏A卷）,模考,行测,2026-08-08 23:53:16
17655365,https://www.fenbi.com/spa/tiku/#/xingce/report/3629161069,判断推理,,单选题,2025-11-07 09:05:29,0,0,正确,模考,,公务员,4,2025下半年省考第三十一季行测模考大赛（江苏A卷）,模考,行测,2026-08-08 23:53:16
18008067,https://www.fenbi.com/spa/tiku/#/xingce/report/3629161069,判断推理,,单选题,2025-11-07 09:05:29,A,A,正确,模考,,公务员,3,2025下半年省考第三十一季行测模考大赛（江苏A卷）,模考,行测,2026-08-08 23:53:16
18008075,https://www.fenbi.com/spa/tiku/#/xingce/report/3629161069,判断推理,,单选题,2025-11-07 09:05:29,A,A,正确,模考,,公务员,6,2025下半年省考第三十一季行测模考大赛（江苏A卷）,模考,行测,2026-08-08 23:53:16
17655366,https://www.fenbi.com/spa/tiku/#/xingce/report/3629161069,判断推理,,单选题,2025-11-07 09:05:29,A,A,正确,模考,,公务员,7,2025下半年省考第三十一季行测模考大赛（江苏A卷）,模考,行测,2026-08-08 23:53:16
17655367,https://www.fenbi.com/spa/tiku/#/xingce/report/3629161069,判断推理,,单选题,2025-11-07 09:05:29,C,C,正确,模考,,公务员,4,2025下半年省考第三十一季行测模考大赛（江苏A卷）,模考,行测,2026-08-08 23:53:16
18008069,https://www.fenbi.com/spa/tiku/#/xingce/report/3629161069,判断推理,,单选题,2025-11-07 09:05:29,0,0,正确,模考,,公务员,3,2025下半年省考第三十一季行测模考大赛（江苏A卷）,模考,行测,2026-08-08 23:53:16
18008076,https://www.fenbi.com/spa/tiku/#/xingce/report/3629161069,判断推理,,单选题,2025-11-07 09:05:29,B,B,正确,模考,,公务员,4,2025下半年省考第三十一季行测模考大赛（江苏A卷）,模考,行测,2026-08-08 23:53:16
17655368,https://www.fenbi.com/spa/tiku/#/xingce/report/3629161069,判断推理,,单选题,2025-11-07 09:05:29,B,C,错误,模考,,公务员,4,2025下半年省考第三十一季行测模考大赛（江苏A卷）,模考,行测,2026-08-08 23:53:16
18008070,https://www.fenbi.com/spa/tiku/#/xingce/report/3629161069,判断推理,,单选题,2025-11-07 09:05:29,0,B,错误,模考,,公务员,6,2025下半年省考第三十一季行测模考大赛（江苏A卷）,模考,行测,2026-08-08 23:53:16
17655340,https://www.fenbi.com/spa/tiku/#/xingce/report/3629161069,判断推理,,单选题,2025-11-07 09:05:29,A,A,正确,模考,,公务员,3,2025下半年省考第三十一季行测模考大赛（江苏A卷）,模考,行测,2026-08-08 23:53:16
17655341,https://www.fenbi.com/spa/tiku/#/xingce/report/3629161069,判断推理,,单选题,2025-11-07 09:05:29,C,C,正确,模考,,公务员,4,2025下半年省考第三十一季行测模考大赛（江苏A卷）,模考,行测,2026-08-08 23:53:16
17655343,https://www.fenbi.com/spa/tiku/#/xingce/report/3629161069,判断推理,,单选题,2025-11-07 09:05:29,B,B,正确,模考,,公务员,6,2025下半年省考第三十一季行测模考大赛（江苏A卷）,模考,行测,2026-08-08 23:53:16
17655344,https://www.fenbi.com/spa/tiku/#/xingce/report/3629161069,判断推理,,单选题,2025-11-07 09:05:29,A,A,正确,模考,,公务员,5,2025下半年省考第三十一季行测模考大赛（江苏A卷）,模考,行测,2026-08-08 23:53:16
17655558,https://www.fenbi.com/spa/tiku/#/xingce/report/3629161069,判断推理,,单选题,2025-11-07 09:05:29,B,B,正确,模考,,公务员,4,2025下半年省考第三十一季行测模考大赛（江苏A卷）,模考,行测,2026-08-08 23:53:16
17655560,https://www.fenbi.com/spa/tiku/#/xingce/report/3629161069,判断推理,,单选题,2025-11-07 09:05:29,A,C,错误,模考,,公务员,5,2025下半年省考第三十一季行测模考大赛（江苏A卷）,模考,行测,2026-08-08 23:53:16
17655561,https://www.fenbi.com/spa/tiku/#/xingce/report/3629161069,判断推理,,单选题,2025-11-07 09:05:29,0,0,正确,模考,,公务员,3,2025下半年省考第三十一季行测模考大赛（江苏A卷）,模考,行测,2026-08-08 23:53:16
17655563,https://www.fenbi.com/spa/tiku/#/xingce/report/3629161069,判断推理,,单选题,2025-11-07 09:05:29,B,B,正确,模考,,公务员,3,2025下半年省考第三十一季行测模考大赛（江苏A卷）,模考,行测,2026-08-08 23:53:16
17655564,https://www.fenbi.com/spa/tiku/#/xingce/report/3629161069,判断推理,,单选题,2025-11-07 09:05:29,C,C,正确,模考,,公务员,4,2025下半年省考第三十一季行测模考大赛（江苏A卷）,模考,行测,2026-08-08 23:53:16
17655565,https://www.fenbi.com/spa/tiku/#/xingce/report/3629161069,判断推理,,单选题,2025-11-07 09:05:29,C,C,正确,模考,,公务员,3,2025下半年省考第三十一季行测模考大赛（江苏A卷）,模考,行测,2026-08-08 23:53:16
17655371,https://www.fenbi.com/spa/tiku/#/xingce/report/3629161069,判断推理,,单选题,2025-11-07 09:05:29,0,A,错误,模考,,公务员,5,2025下半年省考第三十一季行测模考大赛（江苏A卷）,模考,行测,2026-08-08 23:53:16
17655373,https://www.fenbi.com/spa/tiku/#/xingce/report/3629161069,判断推理,,单选题,2025-11-07 09:05:29,0,B,错误,模考,,公务员,4,2025下半年省考第三十一季行测模考大赛（江苏A卷）,模考,行测,2026-08-08 23:53:16
17655374,https://www.fenbi.com/spa/tiku/#/xingce/report/3629161069,判断推理,,单选题,2025-11-07 09:05:29,B,0,错误,模考,,公务员,4,2025下半年省考第三十一季行测模考大赛（江苏A卷）,模考,行测,2026-08-08 23:53:16
18008077,https://www.fenbi.com/spa/tiku/#/xingce/report/3629161069,判断推理,,单选题,2025-11-07 09:05:29,B,A,错误,模考,,公务员,3,2025下半年省考第三十一季行测模考大赛（江苏A卷）,模考,行测,2026-08-08 23:53:16
18008079,https://www.fenbi.com/spa/tiku/#/xingce/report/3629161069,判断推理,,单选题,2025-11-07 09:05:29,C,C,正确,模考,,公务员,3,2025下半年省考第三十一季行测模考大赛（江苏A卷）,模考,行测,2026-08-08 23:53:16
18008084,https://www.fenbi.com/spa/tiku/#/xingce/report/3629161069,判断推理,,单选题,2025-11-07 09:05:29,0,0,正确,模考,,公务员,3,2025下半年省考第三十一季行测模考大赛（江苏A卷）,模考,行测,2026-08-08 23:53:16
18008090,https://www.fenbi.com/spa/tiku/#/xingce/report/3629161069,判断推理,,单选题,2025-11-07 09:05:29,C,C,正确,模考,,公务员,3,2025下半年省考第三十一季行测模考大赛（江苏A卷）,模考,行测,2026-08-08 23:53:16
18008093,https://www.fenbi.com/spa/tiku/#/xingce/report/3629161069,判断推理,,单选题,2025-11-07 09:05:29,B,B,正确,模考,,公务员,3,2025下半年省考第三十一季行测模考大赛（江苏A卷）,模考,行测,2026-08-08 23:53:16
17655376,https://www.fenbi.com/spa/tiku/#/xingce/report/3629161069,判断推理,,单选题,2025-11-07 09:05:29,B,0,错误,模考,,公务员,4,2025下半年省考第三十一季行测模考大赛（江苏A卷）,模考,行测,2026-08-08 23:53:16
17655377,https://www.fenbi.com/spa/tiku/#/xingce/report/3629161069,判断推理,,单选题,2025-11-07 09:05:29,B,A,错误,模考,,公务员,4,2025下半年省考第三十一季行测模考大赛（江苏A卷）,模考,行测,2026-08-08 23:53:16
18008148,https://www.fenbi.com/spa/tiku/#/xingce/report/3629161069,判断推理,,单选题,2025-11-07 09:05:29,0,0,正确,模考,,公务员,3,2025下半年省考第三十一季行测模考大赛（江苏A卷）,模考,行测,2026-08-08 23:53:16
18008146,https://www.fenbi.com/spa/tiku/#/xingce/report/3629161069,判断推理,,单选题,2025-11-07 09:05:29,A,A,正确,模考,,公务员,3,2025下半年省考第三十一季行测模考大赛（江苏A卷）,模考,行测,2026-08-08 23:53:16
17655566,https://www.fenbi.com/spa/tiku/#/xingce/report/3629161069,判断推理,,单选题,2025-11-07 09:05:29,B,B,正确,模考,,公务员,4,2025下半年省考第三十一季行测模考大赛（江苏A卷）,模考,行测,2026-08-08 23:53:16
17655568,https://www.fenbi.com/spa/tiku/#/xingce/report/3629161069,判断推理,,单选题,2025-11-07 09:05:29,B,A,错误,模考,,公务员,6,2025下半年省考第三十一季行测模考大赛（江苏A卷）,模考,行测,2026-08-08 23:53:16
17655571,https://www.fenbi.com/spa/tiku/#/xingce/report/3629161069,判断推理,,单选题,2025-11-07 09:05:29,B,A,错误,模考,,公务员,4,2025下半年省考第三十一季行测模考大赛（江苏A卷）,模考,行测,2026-08-08 23:53:16
17655352,https://www.fenbi.com/spa/tiku/#/xingce/report/3629161069,判断推理,,单选题,2025-11-07 09:05:29,B,B,正确,模考,,公务员,3,2025下半年省考第三十一季行测模考大赛（江苏A卷）,模考,行测,2026-08-08 23:53:16
17655354,https://www.fenbi.com/spa/tiku/#/xingce/report/3629161069,判断推理,,单选题,2025-11-07 09:05:29,A,A,正确,模考,,公务员,3,2025下半年省考第三十一季行测模考大赛（江苏A卷）,模考,行测,2026-08-08 23:53:16
17655357,https://www.fenbi.com/spa/tiku/#/xingce/report/3629161069,判断推理,,单选题,2025-11-07 09:05:29,C,C,正确,模考,,公务员,3,2025下半年省考第三十一季行测模考大赛（江苏A卷）,模考,行测,2026-08-08 23:53:16
17655358,https://www.fenbi.com/spa/tiku/#/xingce/report/3629161069,判断推理,,单选题,2025-11-07 09:05:29,B,B,正确,模考,,公务员,3,2025下半年省考第三十一季行测模考大赛（江苏A卷）,模考,行测,2026-08-08 23:53:16
17655360,https://www.fenbi.com/spa/tiku/#/xingce/report/3629161069,判断推理,,单选题,2025-11-07 09:05:29,0,0,正确,模考,,公务员,4,2025下半年省考第三十一季行测模考大赛（江苏A卷）,模考,行测,2026-08-08 23:53:16
17655361,https://www.fenbi.com/spa/tiku/#/xingce/report/3629161069,判断推理,,单选题,2025-11-07 09:05:29,0,B,错误,模考,,公务员,7,2025下半年省考第三十一季行测模考大赛（江苏A卷）,模考,行测,2026-08-08 23:53:16
17655362,https://www.fenbi.com/spa/tiku/#/xingce/report/3629161069,判断推理,,单选题,2025-11-07 09:05:29,B,B,正确,模考,,公务员,4,2025下半年省考第三十一季行测模考大赛（江苏A卷）,模考,行测,2026-08-08 23:53:16
10673607,https://www.fenbi.com/spa/tiku/#/xingce/report/3629161069,判断推理,,单选题,2025-11-07 09:05:29,A,A,正确,模考,,公务员,4,2025下半年省考第三十一季行测模考大赛（江苏A卷）,模考,行测,2026-08-08 23:53:16
10673608,https://www.fenbi.com/spa/tiku/#/xingce/report/3629161069,判断推理,,单选题,2025-11-07 09:05:29,C,C,正确,模考,,公务员,3,2025下半年省考第三十一季行测模考大赛（江苏A卷）,模考,行测,2026-08-08 23:53:16
10673610,https://www.fenbi.com/spa/tiku/#/xingce/report/3629161069,判断推理,,单选题,2025-11-07 09:05:29,B,B,正确,模考,,公务员,3,2025下半年省考第三十一季行测模考大赛（江苏A卷）,模考,行测,2026-08-08 23:53:16
16432428,https://www.fenbi.com/spa/tiku/#/xingce/report/3629161069,资料分析,,单选题,2025-11-07 09:05:29,C,C,正确,模考,,公务员,4,2025下半年省考第三十一季行测模考大赛（江苏A卷）,模考,行测,2026-08-08 23:53:16
16432429,https://www.fenbi.com/spa/tiku/#/xingce/report/3629161069,资料分析,,单选题,2025-11-07 09:05:29,0,0,正确,模考,,公务员,3,2025下半年省考第三十一季行测模考大赛（江苏A卷）,模考,行测,2026-08-08 23:53:16
16432430,https://www.fenbi.com/spa/tiku/#/xingce/report/3629161069,资料分析,,单选题,2025-11-07 09:05:29,B,B,正确,模考,,公务员,6,2025下半年省考第三十一季行测模考大赛（江苏A卷）,模考,行测,2026-08-08 23:53:16
16432431,https://www.fenbi.com/spa/tiku/#/xingce/report/3629161069,资料分析,,单选题,2025-11-07 09:05:29,A,A,正确,模考,,公务员,4,2025下半年省考第三十一季行测模考大赛（江苏A卷）,模考,行测,2026-08-08 23:53:16
16432432,https://www.fenbi.com/spa/tiku/#/xingce/report/3629161069,资料分析,,单选题,2025-11-07 09:05:29,B,B,正确,模考,,公务员,4,2025下半年省考第三十一季行测模考大赛（江苏A卷）,模考,行测,2026-08-08 23:53:16
16432433,https://www.fenbi.com/spa/tiku/#/xingce/report/3629161069,资料分析,,单选题,2025-11-07 09:05:29,A,A,正确,模考,,公务员,3,2025下半年省考第三十一季行测模考大赛（江苏A卷）,模考,行测,2026-08-08 23:53:16
16432434,https://www.fenbi.com/spa/tiku/#/xingce/report/3629161069,资料分析,,单选题,2025-11-07 09:05:29,C,A,错误,模考,,公务员,4,2025下半年省考第三十一季行测模考大赛（江苏A卷）,模考,行测,2026-08-08 23:53:16
16432435,https://www.fenbi.com/spa/tiku/#/xingce/report/3629161069,资料分析,,单选题,2025-11-07 09:05:29,B,0,错误,模考,,公务员,5,2025下半年省考第三十一季行测模考大赛（江苏A卷）,模考,行测,2026-08-08 23:53:16
16432436,https://www.fenbi.com/spa/tiku/#/xingce/report/3629161069,资料分析,,单选题,2025-11-07 09:05:29,B,B,正确,模考,,公务员,3,2025下半年省考第三十一季行测模考大赛（江苏A卷）,模考,行测,2026-08-08 23:53:16
16432437,https://www.fenbi.com/spa/tiku/#/xingce/report/3629161069,资料分析,,单选题,2025-11-07 09:05:29,0,0,正确,模考,,公务员,4,2025下半年省考第三十一季行测模考大赛（江苏A卷）,模考,行测,2026-08-08 23:53:16
16432438,https://www.fenbi.com/spa/tiku/#/xingce/report/3629161069,资料分析,,单选题,2025-11-07 09:05:29,A,A,正确,模考,,公务员,4,2025下半年省考第三十一季行测模考大赛（江苏A卷）,模考,行测,2026-08-08 23:53:16
16432439,https://www.fenbi.com/spa/tiku/#/xingce/report/3629161069,资料分析,,单选题,2025-11-07 09:05:29,0,0,正确,模考,,公务员,4,2025下半年省考第三十一季行测模考大赛（江苏A卷）,模考,行测,2026-08-08 23:53:16
16432440,https://www.fenbi.com/spa/tiku/#/xingce/report/3629161069,资料分析,,单选题,2025-11-07 09:05:29,B,B,正确,模考,,公务员,3,2025下半年省考第三十一季行测模考大赛（江苏A卷）,模考,行测,2026-08-08 23:53:16
16432441,https://www.fenbi.com/spa/tiku/#/xingce/report/3629161069,资料分析,,单选题,2025-11-07 09:05:29,B,C,错误,模考,,公务员,6,2025下半年省考第三十一季行测模考大赛（江苏A卷）,模考,行测,2026-08-08 23:53:16
16432442,https://www.fenbi.com/spa/tiku/#/xingce/report/3629161069,资料分析,,单选题,2025-11-07 09:05:29,C,C,正确,模考,,公务员,4,2025下半年省考第三十一季行测模考大赛（江苏A卷）,模考,行测,2026-08-08 23:53:16
18007561,https://www.fenbi.com/spa/tiku/#/xingce/report/3629161069,资料分析,,单选题,2025-11-07 09:05:29,0,B,错误,模考,,公务员,3,2025下半年省考第三十一季行测模考大赛（江苏A卷）,模考,行测,2026-08-08 23:53:16
18007564,https://www.fenbi.com/spa/tiku/#/xingce/report/3629161069,资料分析,,单选题,2025-11-07 09:05:29,A,0,错误,模考,,公务员,6,2025下半年省考第三十一季行测模考大赛（江苏A卷）,模考,行测,2026-08-08 23:53:16
18007569,https://www.fenbi.com/spa/tiku/#/xingce/report/3629161069,资料分析,,单选题,2025-11-07 09:05:29,C,C,正确,模考,,公务员,4,2025下半年省考第三十一季行测模考大赛（江苏A卷）,模考,行测,2026-08-08 23:53:16
18007570,https://www.fenbi.com/spa/tiku/#/xingce/report/3629161069,资料分析,,单选题,2025-11-07 09:05:29,B,B,正确,模考,,公务员,4,2025下半年省考第三十一季行测模考大赛（江苏A卷）,模考,行测,2026-08-08 23:53:16
18007573,https://www.fenbi.com/spa/tiku/#/xingce/report/3629161069,资料分析,,单选题,2025-11-07 09:05:29,B,A,错误,模考,,公务员,4,2025下半年省考第三十一季行测模考大赛（江苏A卷）,模考,行测,2026-08-08 23:53:16
11224792,https://www.fenbi.com/spa/tiku/#/xingce/report/3618450832,政治理论,,单选题,2025-11-04 10:28:48,B,A,错误,模考,,公务员,6,2025下半年省考第三十三季行测模考大赛（江苏A卷）,模考,行测,2026-08-08 23:53:16
11224794,https://www.fenbi.com/spa/tiku/#/xingce/report/3618450832,政治理论,,单选题,2025-11-04 10:28:48,B,C,错误,模考,,公务员,7,2025下半年省考第三十三季行测模考大赛（江苏A卷）,模考,行测,2026-08-08 23:53:16
11224798,https://www.fenbi.com/spa/tiku/#/xingce/report/3618450832,政治理论,,单选题,2025-11-04 10:28:48,B,A,错误,模考,,公务员,6,2025下半年省考第三十三季行测模考大赛（江苏A卷）,模考,行测,2026-08-08 23:53:16
11224801,https://www.fenbi.com/spa/tiku/#/xingce/report/3618450832,政治理论,,单选题,2025-11-04 10:28:48,B,B,正确,模考,,公务员,4,2025下半年省考第三十三季行测模考大赛（江苏A卷）,模考,行测,2026-08-08 23:53:16
11224802,https://www.fenbi.com/spa/tiku/#/xingce/report/3618450832,政治理论,,单选题,2025-11-04 10:28:48,B,A,错误,模考,,公务员,6,2025下半年省考第三十三季行测模考大赛（江苏A卷）,模考,行测,2026-08-08 23:53:16
11224804,https://www.fenbi.com/spa/tiku/#/xingce/report/3618450832,政治理论,,单选题,2025-11-04 10:28:48,B,A,错误,模考,,公务员,3,2025下半年省考第三十三季行测模考大赛（江苏A卷）,模考,行测,2026-08-08 23:53:16
11224807,https://www.fenbi.com/spa/tiku/#/xingce/report/3618450832,政治理论,,单选题,2025-11-04 10:28:48,B,A,错误,模考,,公务员,6,2025下半年省考第三十三季行测模考大赛（江苏A卷）,模考,行测,2026-08-08 23:53:16
11224809,https://www.fenbi.com/spa/tiku/#/xingce/report/3618450832,政治理论,,单选题,2025-11-04 10:28:48,B,B,正确,模考,,公务员,4,2025下半年省考第三十三季行测模考大赛（江苏A卷）,模考,行测,2026-08-08 23:53:16
11224810,https://www.fenbi.com/spa/tiku/#/xingce/report/3618450832,政治理论,,单选题,2025-11-04 10:28:48,B,A,错误,模考,,公务员,6,2025下半年省考第三十三季行测模考大赛（江苏A卷）,模考,行测,2026-08-08 23:53:16
11224836,https://www.fenbi.com/spa/tiku/#/xingce/report/3618450832,政治理论,,单选题,2025-11-04 10:28:48,B,0,错误,模考,,公务员,7,2025下半年省考第三十三季行测模考大赛（江苏A卷）,模考,行测,2026-08-08 23:53:16
11224839,https://www.fenbi.com/spa/tiku/#/xingce/report/3618450832,常识判断,,单选题,2025-11-04 10:28:48,B,B,正确,模考,,公务员,5,2025下半年省考第三十三季行测模考大赛（江苏A卷）,模考,行测,2026-08-08 23:53:16
11224842,https://www.fenbi.com/spa/tiku/#/xingce/report/3618450832,常识判断,,单选题,2025-11-04 10:28:48,B,B,正确,模考,,公务员,4,2025下半年省考第三十三季行测模考大赛（江苏A卷）,模考,行测,2026-08-08 23:53:16
11224844,https://www.fenbi.com/spa/tiku/#/xingce/report/3618450832,常识判断,,单选题,2025-11-04 10:28:48,B,0,错误,模考,,公务员,7,2025下半年省考第三十三季行测模考大赛（江苏A卷）,模考,行测,2026-08-08 23:53:16
11224847,https://www.fenbi.com/spa/tiku/#/xingce/report/3618450832,常识判断,,单选题,2025-11-04 10:28:48,B,0,错误,模考,,公务员,7,2025下半年省考第三十三季行测模考大赛（江苏A卷）,模考,行测,2026-08-08 23:53:16
11224873,https://www.fenbi.com/spa/tiku/#/xingce/report/3618450832,常识判断,,单选题,2025-11-04 10:28:48,B,C,错误,模考,,公务员,4,2025下半年省考第三十三季行测模考大赛（江苏A卷）,模考,行测,2026-08-08 23:53:16
11224880,https://www.fenbi.com/spa/tiku/#/xingce/report/3618450832,常识判断,,单选题,2025-11-04 10:28:48,B,A,错误,模考,,公务员,3,2025下半年省考第三十三季行测模考大赛（江苏A卷）,模考,行测,2026-08-08 23:53:16
11224881,https://www.fenbi.com/spa/tiku/#/xingce/report/3618450832,常识判断,,单选题,2025-11-04 10:28:48,B,B,正确,模考,,公务员,7,2025下半年省考第三十三季行测模考大赛（江苏A卷）,模考,行测,2026-08-08 23:53:16
11224883,https://www.fenbi.com/spa/tiku/#/xingce/report/3618450832,常识判断,,单选题,2025-11-04 10:28:48,B,C,错误,模考,,公务员,6,2025下半年省考第三十三季行测模考大赛（江苏A卷）,模考,行测,2026-08-08 23:53:16
11224884,https://www.fenbi.com/spa/tiku/#/xingce/report/3618450832,常识判断,,单选题,2025-11-04 10:28:48,B,B,正确,模考,,公务员,6,2025下半年省考第三十三季行测模考大赛（江苏A卷）,模考,行测,2026-08-08 23:53:16
11224887,https://www.fenbi.com/spa/tiku/#/xingce/report/3618450832,常识判断,,单选题,2025-11-04 10:28:48,B,A,错误,模考,,公务员,7,2025下半年省考第三十三季行测模考大赛（江苏A卷）,模考,行测,2026-08-08 23:53:16
11552622,https://www.fenbi.com/spa/tiku/#/xingce/report/3618450832,言语理解与表达,,单选题,2025-11-04 10:28:48,A,B,错误,模考,,公务员,4,2025下半年省考第三十三季行测模考大赛（江苏A卷）,模考,行测,2026-08-08 23:53:16
11552257,https://www.fenbi.com/spa/tiku/#/xingce/report/3618450832,言语理解与表达,,单选题,2025-11-04 10:28:48,A,0,错误,模考,,公务员,7,2025下半年省考第三十三季行测模考大赛（江苏A卷）,模考,行测,2026-08-08 23:53:16
11552624,https://www.fenbi.com/spa/tiku/#/xingce/report/3618450832,言语理解与表达,,单选题,2025-11-04 10:28:48,B,B,正确,模考,,公务员,4,2025下半年省考第三十三季行测模考大赛（江苏A卷）,模考,行测,2026-08-08 23:53:16
11552625,https://www.fenbi.com/spa/tiku/#/xingce/report/3618450832,言语理解与表达,,单选题,2025-11-04 10:28:48,C,C,正确,模考,,公务员,4,2025下半年省考第三十三季行测模考大赛（江苏A卷）,模考,行测,2026-08-08 23:53:16
11552626,https://www.fenbi.com/spa/tiku/#/xingce/report/3618450832,言语理解与表达,,单选题,2025-11-04 10:28:48,C,C,正确,模考,,公务员,3,2025下半年省考第三十三季行测模考大赛（江苏A卷）,模考,行测,2026-08-08 23:53:16
11552627,https://www.fenbi.com/spa/tiku/#/xingce/report/3618450832,言语理解与表达,,单选题,2025-11-04 10:28:48,A,A,正确,模考,,公务员,4,2025下半年省考第三十三季行测模考大赛（江苏A卷）,模考,行测,2026-08-08 23:53:16
11552629,https://www.fenbi.com/spa/tiku/#/xingce/report/3618450832,言语理解与表达,,单选题,2025-11-04 10:28:48,A,A,正确,模考,,公务员,3,2025下半年省考第三十三季行测模考大赛（江苏A卷）,模考,行测,2026-08-08 23:53:16
11552630,https://www.fenbi.com/spa/tiku/#/xingce/report/3618450832,言语理解与表达,,单选题,2025-11-04 10:28:48,0,0,正确,模考,,公务员,4,2025下半年省考第三十三季行测模考大赛（江苏A卷）,模考,行测,2026-08-08 23:53:16
11552631,https://www.fenbi.com/spa/tiku/#/xingce/report/3618450832,言语理解与表达,,单选题,2025-11-04 10:28:48,C,C,正确,模考,,公务员,3,2025下半年省考第三十三季行测模考大赛（江苏A卷）,模考,行测,2026-08-08 23:53:16
11552634,https://www.fenbi.com/spa/tiku/#/xingce/report/3618450832,言语理解与表达,,单选题,2025-11-04 10:28:48,A,A,正确,模考,,公务员,4,2025下半年省考第三十三季行测模考大赛（江苏A卷）,模考,行测,2026-08-08 23:53:16
11552635,https://www.fenbi.com/spa/tiku/#/xingce/report/3618450832,言语理解与表达,,单选题,2025-11-04 10:28:48,0,0,正确,模考,,公务员,5,2025下半年省考第三十三季行测模考大赛（江苏A卷）,模考,行测,2026-08-08 23:53:16
11552638,https://www.fenbi.com/spa/tiku/#/xingce/report/3618450832,言语理解与表达,,单选题,2025-11-04 10:28:48,B,B,正确,模考,,公务员,3,2025下半年省考第三十三季行测模考大赛（江苏A卷）,模考,行测,2026-08-08 23:53:16
11552640,https://www.fenbi.com/spa/tiku/#/xingce/report/3618450832,言语理解与表达,,单选题,2025-11-04 10:28:48,B,B,正确,模考,,公务员,3,2025下半年省考第三十三季行测模考大赛（江苏A卷）,模考,行测,2026-08-08 23:53:16
11552276,https://www.fenbi.com/spa/tiku/#/xingce/report/3618450832,言语理解与表达,,单选题,2025-11-04 10:28:48,B,B,正确,模考,,公务员,4,2025下半年省考第三十三季行测模考大赛（江苏A卷）,模考,行测,2026-08-08 23:53:16
11552255,https://www.fenbi.com/spa/tiku/#/xingce/report/3618450832,言语理解与表达,,单选题,2025-11-04 10:28:48,B,B,正确,模考,,公务员,3,2025下半年省考第三十三季行测模考大赛（江苏A卷）,模考,行测,2026-08-08 23:53:16
11552598,https://www.fenbi.com/spa/tiku/#/xingce/report/3618450832,言语理解与表达,,单选题,2025-11-04 10:28:48,C,0,错误,模考,,公务员,6,2025下半年省考第三十三季行测模考大赛（江苏A卷）,模考,行测,2026-08-08 23:53:16
11552604,https://www.fenbi.com/spa/tiku/#/xingce/report/3618450832,言语理解与表达,,单选题,2025-11-04 10:28:48,A,B,错误,模考,,公务员,4,2025下半年省考第三十三季行测模考大赛（江苏A卷）,模考,行测,2026-08-08 23:53:16
11552607,https://www.fenbi.com/spa/tiku/#/xingce/report/3618450832,言语理解与表达,,单选题,2025-11-04 10:28:48,0,A,错误,模考,,公务员,6,2025下半年省考第三十三季行测模考大赛（江苏A卷）,模考,行测,2026-08-08 23:53:16
11552612,https://www.fenbi.com/spa/tiku/#/xingce/report/3618450832,言语理解与表达,,单选题,2025-11-04 10:28:48,B,B,正确,模考,,公务员,3,2025下半年省考第三十三季行测模考大赛（江苏A卷）,模考,行测,2026-08-08 23:53:16
11552613,https://www.fenbi.com/spa/tiku/#/xingce/report/3618450832,言语理解与表达,,单选题,2025-11-04 10:28:48,C,C,正确,模考,,公务员,4,2025下半年省考第三十三季行测模考大赛（江苏A卷）,模考,行测,2026-08-08 23:53:16
11552615,https://www.fenbi.com/spa/tiku/#/xingce/report/3618450832,言语理解与表达,,单选题,2025-11-04 10:28:48,B,C,错误,模考,,公务员,4,2025下半年省考第三十三季行测模考大赛（江苏A卷）,模考,行测,2026-08-08 23:53:16
11552618,https://www.fenbi.com/spa/tiku/#/xingce/report/3618450832,言语理解与表达,,单选题,2025-11-04 10:28:48,A,A,正确,模考,,公务员,5,2025下半年省考第三十三季行测模考大赛（江苏A卷）,模考,行测,2026-08-08 23:53:16
11552619,https://www.fenbi.com/spa/tiku/#/xingce/report/3618450832,言语理解与表达,,单选题,2025-11-04 10:28:48,A,A,正确,模考,,公务员,3,2025下半年省考第三十三季行测模考大赛（江苏A卷）,模考,行测,2026-08-08 23:53:16
11552620,https://www.fenbi.com/spa/tiku/#/xingce/report/3618450832,言语理解与表达,,单选题,2025-11-04 10:28:48,C,C,正确,模考,,公务员,4,2025下半年省考第三十三季行测模考大赛（江苏A卷）,模考,行测,2026-08-08 23:53:16
11552621,https://www.fenbi.com/spa/tiku/#/xingce/report/3618450832,言语理解与表达,,单选题,2025-11-04 10:28:48,0,0,正确,模考,,公务员,3,2025下半年省考第三十三季行测模考大赛（江苏A卷）,模考,行测,2026-08-08 23:53:16
11552108,https://www.fenbi.com/spa/tiku/#/xingce/report/3618450832,言语理解与表达,,单选题,2025-11-04 10:28:48,B,B,正确,模考,,公务员,3,2025下半年省考第三十三季行测模考大赛（江苏A卷）,模考,行测,2026-08-08 23:53:16
11552109,https://www.fenbi.com/spa/tiku/#/xingce/report/3618450832,言语理解与表达,,单选题,2025-11-04 10:28:48,B,C,错误,模考,,公务员,4,2025下半年省考第三十三季行测模考大赛（江苏A卷）,模考,行测,2026-08-08 23:53:16
11552110,https://www.fenbi.com/spa/tiku/#/xingce/report/3618450832,言语理解与表达,,单选题,2025-11-04 10:28:48,0,A,错误,模考,,公务员,3,2025下半年省考第三十三季行测模考大赛（江苏A卷）,模考,行测,2026-08-08 23:53:16
11552111,https://www.fenbi.com/spa/tiku/#/xingce/report/3618450832,言语理解与表达,,单选题,2025-11-04 10:28:48,B,B,正确,模考,,公务员,3,2025下半年省考第三十三季行测模考大赛（江苏A卷）,模考,行测,2026-08-08 23:53:16
11552112,https://www.fenbi.com/spa/tiku/#/xingce/report/3618450832,言语理解与表达,,单选题,2025-11-04 10:28:48,C,C,正确,模考,,公务员,3,2025下半年省考第三十三季行测模考大赛（江苏A卷）,模考,行测,2026-08-08 23:53:16
15809629,https://www.fenbi.com/spa/tiku/#/xingce/report/3618450832,数量关系,,单选题,2025-11-04 10:28:48,B,0,错误,模考,,公务员,4,2025下半年省考第三十三季行测模考大赛（江苏A卷）,模考,行测,2026-08-08 23:53:16
15809649,https://www.fenbi.com/spa/tiku/#/xingce/report/3618450832,数量关系,,单选题,2025-11-04 10:28:48,B,A,错误,模考,,公务员,3,2025下半年省考第三十三季行测模考大赛（江苏A卷）,模考,行测,2026-08-08 23:53:16
15809651,https://www.fenbi.com/spa/tiku/#/xingce/report/3618450832,数量关系,,单选题,2025-11-04 10:28:48,B,C,错误,模考,,公务员,4,2025下半年省考第三十三季行测模考大赛（江苏A卷）,模考,行测,2026-08-08 23:53:16
15809652,https://www.fenbi.com/spa/tiku/#/xingce/report/3618450832,数量关系,,单选题,2025-11-04 10:28:48,B,0,错误,模考,,公务员,6,2025下半年省考第三十三季行测模考大赛（江苏A卷）,模考,行测,2026-08-08 23:53:16
15809653,https://www.fenbi.com/spa/tiku/#/xingce/report/3618450832,数量关系,,单选题,2025-11-04 10:28:48,B,B,正确,模考,,公务员,4,2025下半年省考第三十三季行测模考大赛（江苏A卷）,模考,行测,2026-08-08 23:53:16
13434467,https://www.fenbi.com/spa/tiku/#/xingce/report/3618450832,数量关系,,单选题,2025-11-04 10:28:48,B,A,错误,模考,,公务员,5,2025下半年省考第三十三季行测模考大赛（江苏A卷）,模考,行测,2026-08-08 23:53:16
13434468,https://www.fenbi.com/spa/tiku/#/xingce/report/3618450832,数量关系,,单选题,2025-11-04 10:28:48,B,B,正确,模考,,公务员,4,2025下半年省考第三十三季行测模考大赛（江苏A卷）,模考,行测,2026-08-08 23:53:16
13434469,https://www.fenbi.com/spa/tiku/#/xingce/report/3618450832,数量关系,,单选题,2025-11-04 10:28:48,B,C,错误,模考,,公务员,7,2025下半年省考第三十三季行测模考大赛（江苏A卷）,模考,行测,2026-08-08 23:53:16
13434470,https://www.fenbi.com/spa/tiku/#/xingce/report/3618450832,数量关系,,单选题,2025-11-04 10:28:48,B,0,错误,模考,,公务员,7,2025下半年省考第三十三季行测模考大赛（江苏A卷）,模考,行测,2026-08-08 23:53:16
13434471,https://www.fenbi.com/spa/tiku/#/xingce/report/3618450832,数量关系,,单选题,2025-11-04 10:28:48,B,B,正确,模考,,公务员,7,2025下半年省考第三十三季行测模考大赛（江苏A卷）,模考,行测,2026-08-08 23:53:16
13434472,https://www.fenbi.com/spa/tiku/#/xingce/report/3618450832,数量关系,,单选题,2025-11-04 10:28:48,B,B,正确,模考,,公务员,5,2025下半年省考第三十三季行测模考大赛（江苏A卷）,模考,行测,2026-08-08 23:53:16
13434473,https://www.fenbi.com/spa/tiku/#/xingce/report/3618450832,数量关系,,单选题,2025-11-04 10:28:48,B,C,错误,模考,,公务员,7,2025下半年省考第三十三季行测模考大赛（江苏A卷）,模考,行测,2026-08-08 23:53:16
13434474,https://www.fenbi.com/spa/tiku/#/xingce/report/3618450832,数量关系,,单选题,2025-11-04 10:28:48,B,0,错误,模考,,公务员,7,2025下半年省考第三十三季行测模考大赛（江苏A卷）,模考,行测,2026-08-08 23:53:16
13434475,https://www.fenbi.com/spa/tiku/#/xingce/report/3618450832,数量关系,,单选题,2025-11-04 10:28:48,B,C,错误,模考,,公务员,7,2025下半年省考第三十三季行测模考大赛（江苏A卷）,模考,行测,2026-08-08 23:53:16
13434476,https://www.fenbi.com/spa/tiku/#/xingce/report/3618450832,数量关系,,单选题,2025-11-04 10:28:48,B,A,错误,模考,,公务员,5,2025下半年省考第三十三季行测模考大赛（江苏A卷）,模考,行测,2026-08-08 23:53:16
13434477,https://www.fenbi.com/spa/tiku/#/xingce/report/3618450832,数量关系,,单选题,2025-11-04 10:28:48,B,B,正确,模考,,公务员,5,2025下半年省考第三十三季行测模考大赛（江苏A卷）,模考,行测,2026-08-08 23:53:16
13434478,https://www.fenbi.com/spa/tiku/#/xingce/report/3618450832,数量关系,,单选题,2025-11-04 10:28:48,B,0,错误,模考,,公务员,7,2025下半年省考第三十三季行测模考大赛（江苏A卷）,模考,行测,2026-08-08 23:53:16
13434479,https://www.fenbi.com/spa/tiku/#/xingce/report/3618450832,数量关系,,单选题,2025-11-04 10:28:48,B,0,错误,模考,,公务员,7,2025下半年省考第三十三季行测模考大赛（江苏A卷）,模考,行测,2026-08-08 23:53:16
13434480,https://www.fenbi.com/spa/tiku/#/xingce/report/3618450832,数量关系,,单选题,2025-11-04 10:28:48,B,A,错误,模考,,公务员,6,2025下半年省考第三十三季行测模考大赛（江苏A卷）,模考,行测,2026-08-08 23:53:16
13434481,https://www.fenbi.com/spa/tiku/#/xingce/report/3618450832,数量关系,,单选题,2025-11-04 10:28:48,B,C,错误,模考,,公务员,7,2025下半年省考第三十三季行测模考大赛（江苏A卷）,模考,行测,2026-08-08 23:53:16
15618425,https://www.fenbi.com/spa/tiku/#/xingce/report/3618450832,判断推理,,单选题,2025-11-04 10:28:48,C,B,错误,模考,,公务员,6,2025下半年省考第三十三季行测模考大赛（江苏A卷）,模考,行测,2026-08-08 23:53:16
15618426,https://www.fenbi.com/spa/tiku/#/xingce/report/3618450832,判断推理,,单选题,2025-11-04 10:28:48,C,C,正确,模考,,公务员,3,2025下半年省考第三十三季行测模考大赛（江苏A卷）,模考,行测,2026-08-08 23:53:16
15809288,https://www.fenbi.com/spa/tiku/#/xingce/report/3618450832,判断推理,,单选题,2025-11-04 10:28:48,0,B,错误,模考,,公务员,4,2025下半年省考第三十三季行测模考大赛（江苏A卷）,模考,行测,2026-08-08 23:53:16
15809295,https://www.fenbi.com/spa/tiku/#/xingce/report/3618450832,判断推理,,单选题,2025-11-04 10:28:48,C,C,正确,模考,,公务员,3,2025下半年省考第三十三季行测模考大赛（江苏A卷）,模考,行测,2026-08-08 23:53:16
15618427,https://www.fenbi.com/spa/tiku/#/xingce/report/3618450832,判断推理,,单选题,2025-11-04 10:28:48,0,0,正确,模考,,公务员,3,2025下半年省考第三十三季行测模考大赛（江苏A卷）,模考,行测,2026-08-08 23:53:16
15618428,https://www.fenbi.com/spa/tiku/#/xingce/report/3618450832,判断推理,,单选题,2025-11-04 10:28:48,0,0,正确,模考,,公务员,6,2025下半年省考第三十三季行测模考大赛（江苏A卷）,模考,行测,2026-08-08 23:53:16
15809289,https://www.fenbi.com/spa/tiku/#/xingce/report/3618450832,判断推理,,单选题,2025-11-04 10:28:48,A,A,正确,模考,,公务员,3,2025下半年省考第三十三季行测模考大赛（江苏A卷）,模考,行测,2026-08-08 23:53:16
15809296,https://www.fenbi.com/spa/tiku/#/xingce/report/3618450832,判断推理,,单选题,2025-11-04 10:28:48,C,0,错误,模考,,公务员,6,2025下半年省考第三十三季行测模考大赛（江苏A卷）,模考,行测,2026-08-08 23:53:16
15618429,https://www.fenbi.com/spa/tiku/#/xingce/report/3618450832,判断推理,,单选题,2025-11-04 10:28:48,A,A,正确,模考,,公务员,4,2025下半年省考第三十三季行测模考大赛（江苏A卷）,模考,行测,2026-08-08 23:53:16
15809290,https://www.fenbi.com/spa/tiku/#/xingce/report/3618450832,判断推理,,单选题,2025-11-04 10:28:48,C,C,正确,模考,,公务员,3,2025下半年省考第三十三季行测模考大赛（江苏A卷）,模考,行测,2026-08-08 23:53:16
15618405,https://www.fenbi.com/spa/tiku/#/xingce/report/3618450832,判断推理,,单选题,2025-11-04 10:28:48,C,C,正确,模考,,公务员,4,2025下半年省考第三十三季行测模考大赛（江苏A卷）,模考,行测,2026-08-08 23:53:16
15618406,https://www.fenbi.com/spa/tiku/#/xingce/report/3618450832,判断推理,,单选题,2025-11-04 10:28:48,C,C,正确,模考,,公务员,3,2025下半年省考第三十三季行测模考大赛（江苏A卷）,模考,行测,2026-08-08 23:53:16
15618407,https://www.fenbi.com/spa/tiku/#/xingce/report/3618450832,判断推理,,单选题,2025-11-04 10:28:48,B,B,正确,模考,,公务员,4,2025下半年省考第三十三季行测模考大赛（江苏A卷）,模考,行测,2026-08-08 23:53:16
15618408,https://www.fenbi.com/spa/tiku/#/xingce/report/3618450832,判断推理,,单选题,2025-11-04 10:28:48,A,A,正确,模考,,公务员,3,2025下半年省考第三十三季行测模考大赛（江苏A卷）,模考,行测,2026-08-08 23:53:16
15809723,https://www.fenbi.com/spa/tiku/#/xingce/report/3618450832,判断推理,,单选题,2025-11-04 10:28:48,B,B,正确,模考,,公务员,3,2025下半年省考第三十三季行测模考大赛（江苏A卷）,模考,行测,2026-08-08 23:53:16
15809730,https://www.fenbi.com/spa/tiku/#/xingce/report/3618450832,判断推理,,单选题,2025-11-04 10:28:48,C,C,正确,模考,,公务员,3,2025下半年省考第三十三季行测模考大赛（江苏A卷）,模考,行测,2026-08-08 23:53:16
15809732,https://www.fenbi.com/spa/tiku/#/xingce/report/3618450832,判断推理,,单选题,2025-11-04 10:28:48,C,C,正确,模考,,公务员,4,2025下半年省考第三十三季行测模考大赛（江苏A卷）,模考,行测,2026-08-08 23:53:16
15809738,https://www.fenbi.com/spa/tiku/#/xingce/report/3618450832,判断推理,,单选题,2025-11-04 10:28:48,A,A,正确,模考,,公务员,4,2025下半年省考第三十三季行测模考大赛（江苏A卷）,模考,行测,2026-08-08 23:53:16
15809740,https://www.fenbi.com/spa/tiku/#/xingce/report/3618450832,判断推理,,单选题,2025-11-04 10:28:48,0,0,正确,模考,,公务员,4,2025下半年省考第三十三季行测模考大赛（江苏A卷）,模考,行测,2026-08-08 23:53:16
15809742,https://www.fenbi.com/spa/tiku/#/xingce/report/3618450832,判断推理,,单选题,2025-11-04 10:28:48,C,A,错误,模考,,公务员,4,2025下半年省考第三十三季行测模考大赛（江苏A卷）,模考,行测,2026-08-08 23:53:16
15618432,https://www.fenbi.com/spa/tiku/#/xingce/report/3618450832,判断推理,,单选题,2025-11-04 10:28:48,A,A,正确,模考,,公务员,3,2025下半年省考第三十三季行测模考大赛（江苏A卷）,模考,行测,2026-08-08 23:53:16
15618433,https://www.fenbi.com/spa/tiku/#/xingce/report/3618450832,判断推理,,单选题,2025-11-04 10:28:48,A,0,错误,模考,,公务员,4,2025下半年省考第三十三季行测模考大赛（江苏A卷）,模考,行测,2026-08-08 23:53:16
15618434,https://www.fenbi.com/spa/tiku/#/xingce/report/3618450832,判断推理,,单选题,2025-11-04 10:28:48,B,C,错误,模考,,公务员,4,2025下半年省考第三十三季行测模考大赛（江苏A卷）,模考,行测,2026-08-08 23:53:16
15809297,https://www.fenbi.com/spa/tiku/#/xingce/report/3618450832,判断推理,,单选题,2025-11-04 10:28:48,C,C,正确,模考,,公务员,5,2025下半年省考第三十三季行测模考大赛（江苏A卷）,模考,行测,2026-08-08 23:53:16
15809298,https://www.fenbi.com/spa/tiku/#/xingce/report/3618450832,判断推理,,单选题,2025-11-04 10:28:48,A,A,正确,模考,,公务员,3,2025下半年省考第三十三季行测模考大赛（江苏A卷）,模考,行测,2026-08-08 23:53:16
15809299,https://www.fenbi.com/spa/tiku/#/xingce/report/3618450832,判断推理,,单选题,2025-11-04 10:28:48,B,A,错误,模考,,公务员,6,2025下半年省考第三十三季行测模考大赛（江苏A卷）,模考,行测,2026-08-08 23:53:16
15809308,https://www.fenbi.com/spa/tiku/#/xingce/report/3618450832,判断推理,,单选题,2025-11-04 10:28:48,B,B,正确,模考,,公务员,3,2025下半年省考第三十三季行测模考大赛（江苏A卷）,模考,行测,2026-08-08 23:53:16
15809314,https://www.fenbi.com/spa/tiku/#/xingce/report/3618450832,判断推理,,单选题,2025-11-04 10:28:48,B,0,错误,模考,,公务员,4,2025下半年省考第三十三季行测模考大赛（江苏A卷）,模考,行测,2026-08-08 23:53:16
15618436,https://www.fenbi.com/spa/tiku/#/xingce/report/3618450832,判断推理,,单选题,2025-11-04 10:28:48,B,0,错误,模考,,公务员,6,2025下半年省考第三十三季行测模考大赛（江苏A卷）,模考,行测,2026-08-08 23:53:16
15618437,https://www.fenbi.com/spa/tiku/#/xingce/report/3618450832,判断推理,,单选题,2025-11-04 10:28:48,B,B,正确,模考,,公务员,4,2025下半年省考第三十三季行测模考大赛（江苏A卷）,模考,行测,2026-08-08 23:53:16
11552508,https://www.fenbi.com/spa/tiku/#/xingce/report/3618450832,判断推理,,单选题,2025-11-04 10:28:48,A,C,错误,模考,,公务员,6,2025下半年省考第三十三季行测模考大赛（江苏A卷）,模考,行测,2026-08-08 23:53:16
11552507,https://www.fenbi.com/spa/tiku/#/xingce/report/3618450832,判断推理,,单选题,2025-11-04 10:28:48,C,C,正确,模考,,公务员,6,2025下半年省考第三十三季行测模考大赛（江苏A卷）,模考,行测,2026-08-08 23:53:16
15809743,https://www.fenbi.com/spa/tiku/#/xingce/report/3618450832,判断推理,,单选题,2025-11-04 10:28:48,B,B,正确,模考,,公务员,6,2025下半年省考第三十三季行测模考大赛（江苏A卷）,模考,行测,2026-08-08 23:53:16
15809745,https://www.fenbi.com/spa/tiku/#/xingce/report/3618450832,判断推理,,单选题,2025-11-04 10:28:48,B,C,错误,模考,,公务员,5,2025下半年省考第三十三季行测模考大赛（江苏A卷）,模考,行测,2026-08-08 23:53:16
15809746,https://www.fenbi.com/spa/tiku/#/xingce/report/3618450832,判断推理,,单选题,2025-11-04 10:28:48,B,A,错误,模考,,公务员,4,2025下半年省考第三十三季行测模考大赛（江苏A卷）,模考,行测,2026-08-08 23:53:16
15618415,https://www.fenbi.com/spa/tiku/#/xingce/report/3618450832,判断推理,,单选题,2025-11-04 10:28:48,B,0,错误,模考,,公务员,6,2025下半年省考第三十三季行测模考大赛（江苏A卷）,模考,行测,2026-08-08 23:53:16
15618418,https://www.fenbi.com/spa/tiku/#/xingce/report/3618450832,判断推理,,单选题,2025-11-04 10:28:48,B,B,正确,模考,,公务员,4,2025下半年省考第三十三季行测模考大赛（江苏A卷）,模考,行测,2026-08-08 23:53:16
15618419,https://www.fenbi.com/spa/tiku/#/xingce/report/3618450832,判断推理,,单选题,2025-11-04 10:28:48,A,A,正确,模考,,公务员,3,2025下半年省考第三十三季行测模考大赛（江苏A卷）,模考,行测,2026-08-08 23:53:16
15618421,https://www.fenbi.com/spa/tiku/#/xingce/report/3618450832,判断推理,,单选题,2025-11-04 10:28:48,B,B,正确,模考,,公务员,3,2025下半年省考第三十三季行测模考大赛（江苏A卷）,模考,行测,2026-08-08 23:53:16
15618422,https://www.fenbi.com/spa/tiku/#/xingce/report/3618450832,判断推理,,单选题,2025-11-04 10:28:48,0,0,正确,模考,,公务员,3,2025下半年省考第三十三季行测模考大赛（江苏A卷）,模考,行测,2026-08-08 23:53:16
15618423,https://www.fenbi.com/spa/tiku/#/xingce/report/3618450832,判断推理,,单选题,2025-11-04 10:28:48,C,C,正确,模考,,公务员,3,2025下半年省考第三十三季行测模考大赛（江苏A卷）,模考,行测,2026-08-08 23:53:16
15618424,https://www.fenbi.com/spa/tiku/#/xingce/report/3618450832,判断推理,,单选题,2025-11-04 10:28:48,A,A,正确,模考,,公务员,3,2025下半年省考第三十三季行测模考大赛（江苏A卷）,模考,行测,2026-08-08 23:53:16
15618717,https://www.fenbi.com/spa/tiku/#/xingce/report/3618450832,判断推理,,单选题,2025-11-04 10:28:48,C,C,正确,模考,,公务员,3,2025下半年省考第三十三季行测模考大赛（江苏A卷）,模考,行测,2026-08-08 23:53:16
15618718,https://www.fenbi.com/spa/tiku/#/xingce/report/3618450832,判断推理,,单选题,2025-11-04 10:28:48,B,B,正确,模考,,公务员,3,2025下半年省考第三十三季行测模考大赛（江苏A卷）,模考,行测,2026-08-08 23:53:16
15618719,https://www.fenbi.com/spa/tiku/#/xingce/report/3618450832,判断推理,,单选题,2025-11-04 10:28:48,0,C,错误,模考,,公务员,7,2025下半年省考第三十三季行测模考大赛（江苏A卷）,模考,行测,2026-08-08 23:53:16
13434482,https://www.fenbi.com/spa/tiku/#/xingce/report/3618450832,资料分析,,单选题,2025-11-04 10:28:48,0,A,错误,模考,,公务员,4,2025下半年省考第三十三季行测模考大赛（江苏A卷）,模考,行测,2026-08-08 23:53:16
13434483,https://www.fenbi.com/spa/tiku/#/xingce/report/3618450832,资料分析,,单选题,2025-11-04 10:28:48,0,0,正确,模考,,公务员,3,2025下半年省考第三十三季行测模考大赛（江苏A卷）,模考,行测,2026-08-08 23:53:16
13434484,https://www.fenbi.com/spa/tiku/#/xingce/report/3618450832,资料分析,,单选题,2025-11-04 10:28:48,B,B,正确,模考,,公务员,3,2025下半年省考第三十三季行测模考大赛（江苏A卷）,模考,行测,2026-08-08 23:53:16
13434485,https://www.fenbi.com/spa/tiku/#/xingce/report/3618450832,资料分析,,单选题,2025-11-04 10:28:48,A,B,错误,模考,,公务员,6,2025下半年省考第三十三季行测模考大赛（江苏A卷）,模考,行测,2026-08-08 23:53:16
13434486,https://www.fenbi.com/spa/tiku/#/xingce/report/3618450832,资料分析,,单选题,2025-11-04 10:28:48,C,C,正确,模考,,公务员,4,2025下半年省考第三十三季行测模考大赛（江苏A卷）,模考,行测,2026-08-08 23:53:16
13434487,https://www.fenbi.com/spa/tiku/#/xingce/report/3618450832,资料分析,,单选题,2025-11-04 10:28:48,0,0,正确,模考,,公务员,4,2025下半年省考第三十三季行测模考大赛（江苏A卷）,模考,行测,2026-08-08 23:53:16
13434488,https://www.fenbi.com/spa/tiku/#/xingce/report/3618450832,资料分析,,单选题,2025-11-04 10:28:48,0,A,错误,模考,,公务员,4,2025下半年省考第三十三季行测模考大赛（江苏A卷）,模考,行测,2026-08-08 23:53:16
13434489,https://www.fenbi.com/spa/tiku/#/xingce/report/3618450832,资料分析,,单选题,2025-11-04 10:28:48,0,0,正确,模考,,公务员,4,2025下半年省考第三十三季行测模考大赛（江苏A卷）,模考,行测,2026-08-08 23:53:16
13434490,https://www.fenbi.com/spa/tiku/#/xingce/report/3618450832,资料分析,,单选题,2025-11-04 10:28:48,C,B,错误,模考,,公务员,4,2025下半年省考第三十三季行测模考大赛（江苏A卷）,模考,行测,2026-08-08 23:53:16
13434491,https://www.fenbi.com/spa/tiku/#/xingce/report/3618450832,资料分析,,单选题,2025-11-04 10:28:48,B,C,错误,模考,,公务员,7,2025下半年省考第三十三季行测模考大赛（江苏A卷）,模考,行测,2026-08-08 23:53:16
13434492,https://www.fenbi.com/spa/tiku/#/xingce/report/3618450832,资料分析,,单选题,2025-11-04 10:28:48,A,A,正确,模考,,公务员,3,2025下半年省考第三十三季行测模考大赛（江苏A卷）,模考,行测,2026-08-08 23:53:16
13434493,https://www.fenbi.com/spa/tiku/#/xingce/report/3618450832,资料分析,,单选题,2025-11-04 10:28:48,0,0,正确,模考,,公务员,6,2025下半年省考第三十三季行测模考大赛（江苏A卷）,模考,行测,2026-08-08 23:53:16
13434494,https://www.fenbi.com/spa/tiku/#/xingce/report/3618450832,资料分析,,单选题,2025-11-04 10:28:48,0,B,错误,模考,,公务员,4,2025下半年省考第三十三季行测模考大赛（江苏A卷）,模考,行测,2026-08-08 23:53:16
13434495,https://www.fenbi.com/spa/tiku/#/xingce/report/3618450832,资料分析,,单选题,2025-11-04 10:28:48,A,C,错误,模考,,公务员,5,2025下半年省考第三十三季行测模考大赛（江苏A卷）,模考,行测,2026-08-08 23:53:16
13434496,https://www.fenbi.com/spa/tiku/#/xingce/report/3618450832,资料分析,,单选题,2025-11-04 10:28:48,A,C,错误,模考,,公务员,7,2025下半年省考第三十三季行测模考大赛（江苏A卷）,模考,行测,2026-08-08 23:53:16
15809660,https://www.fenbi.com/spa/tiku/#/xingce/report/3618450832,资料分析,,单选题,2025-11-04 10:28:48,A,A,正确,模考,,公务员,3,2025下半年省考第三十三季行测模考大赛（江苏A卷）,模考,行测,2026-08-08 23:53:16
15809661,https://www.fenbi.com/spa/tiku/#/xingce/report/3618450832,资料分析,,单选题,2025-11-04 10:28:48,B,B,正确,模考,,公务员,3,2025下半年省考第三十三季行测模考大赛（江苏A卷）,模考,行测,2026-08-08 23:53:16
15809662,https://www.fenbi.com/spa/tiku/#/xingce/report/3618450832,资料分析,,单选题,2025-11-04 10:28:48,C,C,正确,模考,,公务员,5,2025下半年省考第三十三季行测模考大赛（江苏A卷）,模考,行测,2026-08-08 23:53:16
15809663,https://www.fenbi.com/spa/tiku/#/xingce/report/3618450832,资料分析,,单选题,2025-11-04 10:28:48,0,0,正确,模考,,公务员,3,2025下半年省考第三十三季行测模考大赛（江苏A卷）,模考,行测,2026-08-08 23:53:16
15809664,https://www.fenbi.com/spa/tiku/#/xingce/report/3618450832,资料分析,,单选题,2025-11-04 10:28:48,C,C,正确,模考,,公务员,3,2025下半年省考第三十三季行测模考大赛（江苏A卷）,模考,行测,2026-08-08 23:53:16
11128184,https://www.fenbi.com/spa/tiku/#/xingce/report/3613393193,政治理论,,单选题,2025-11-02 19:53:51,B,A,错误,模考,,公务员,4,2025下半年省考第十七季行测模考大赛（江苏A卷）,模考,行测,2026-08-08 23:53:16
11128185,https://www.fenbi.com/spa/tiku/#/xingce/report/3613393193,政治理论,,单选题,2025-11-02 19:53:51,B,B,正确,模考,,公务员,4,2025下半年省考第十七季行测模考大赛（江苏A卷）,模考,行测,2026-08-08 23:53:16
11128187,https://www.fenbi.com/spa/tiku/#/xingce/report/3613393193,政治理论,,单选题,2025-11-02 19:53:51,B,0,错误,模考,,公务员,7,2025下半年省考第十七季行测模考大赛（江苏A卷）,模考,行测,2026-08-08 23:53:16
11128188,https://www.fenbi.com/spa/tiku/#/xingce/report/3613393193,政治理论,,单选题,2025-11-02 19:53:51,B,A,错误,模考,,公务员,7,2025下半年省考第十七季行测模考大赛（江苏A卷）,模考,行测,2026-08-08 23:53:16
11128189,https://www.fenbi.com/spa/tiku/#/xingce/report/3613393193,政治理论,,单选题,2025-11-02 19:53:51,B,A,错误,模考,,公务员,7,2025下半年省考第十七季行测模考大赛（江苏A卷）,模考,行测,2026-08-08 23:53:16
11128193,https://www.fenbi.com/spa/tiku/#/xingce/report/3613393193,政治理论,,单选题,2025-11-02 19:53:51,B,B,正确,模考,,公务员,6,2025下半年省考第十七季行测模考大赛（江苏A卷）,模考,行测,2026-08-08 23:53:16
11128194,https://www.fenbi.com/spa/tiku/#/xingce/report/3613393193,政治理论,,单选题,2025-11-02 19:53:51,B,A,错误,模考,,公务员,7,2025下半年省考第十七季行测模考大赛（江苏A卷）,模考,行测,2026-08-08 23:53:16
11128196,https://www.fenbi.com/spa/tiku/#/xingce/report/3613393193,政治理论,,单选题,2025-11-02 19:53:51,B,A,错误,模考,,公务员,7,2025下半年省考第十七季行测模考大赛（江苏A卷）,模考,行测,2026-08-08 23:53:16
11128198,https://www.fenbi.com/spa/tiku/#/xingce/report/3613393193,政治理论,,单选题,2025-11-02 19:53:51,B,B,正确,模考,,公务员,6,2025下半年省考第十七季行测模考大赛（江苏A卷）,模考,行测,2026-08-08 23:53:16
11128220,https://www.fenbi.com/spa/tiku/#/xingce/report/3613393193,政治理论,,单选题,2025-11-02 19:53:51,B,B,正确,模考,,公务员,7,2025下半年省考第十七季行测模考大赛（江苏A卷）,模考,行测,2026-08-08 23:53:16
11128222,https://www.fenbi.com/spa/tiku/#/xingce/report/3613393193,常识判断,,单选题,2025-11-02 19:53:51,B,C,错误,模考,,公务员,7,2025下半年省考第十七季行测模考大赛（江苏A卷）,模考,行测,2026-08-08 23:53:16
11128224,https://www.fenbi.com/spa/tiku/#/xingce/report/3613393193,常识判断,,单选题,2025-11-02 19:53:51,B,B,正确,模考,,公务员,7,2025下半年省考第十七季行测模考大赛（江苏A卷）,模考,行测,2026-08-08 23:53:16
11128226,https://www.fenbi.com/spa/tiku/#/xingce/report/3613393193,常识判断,,单选题,2025-11-02 19:53:51,B,A,错误,模考,,公务员,7,2025下半年省考第十七季行测模考大赛（江苏A卷）,模考,行测,2026-08-08 23:53:16
11128227,https://www.fenbi.com/spa/tiku/#/xingce/report/3613393193,常识判断,,单选题,2025-11-02 19:53:51,B,C,错误,模考,,公务员,7,2025下半年省考第十七季行测模考大赛（江苏A卷）,模考,行测,2026-08-08 23:53:16
11128250,https://www.fenbi.com/spa/tiku/#/xingce/report/3613393193,常识判断,,单选题,2025-11-02 19:53:51,B,0,错误,模考,,公务员,4,2025下半年省考第十七季行测模考大赛（江苏A卷）,模考,行测,2026-08-08 23:53:16
11128256,https://www.fenbi.com/spa/tiku/#/xingce/report/3613393193,常识判断,,单选题,2025-11-02 19:53:51,B,A,错误,模考,,公务员,6,2025下半年省考第十七季行测模考大赛（江苏A卷）,模考,行测,2026-08-08 23:53:16
11128258,https://www.fenbi.com/spa/tiku/#/xingce/report/3613393193,常识判断,,单选题,2025-11-02 19:53:51,B,B,正确,模考,,公务员,3,2025下半年省考第十七季行测模考大赛（江苏A卷）,模考,行测,2026-08-08 23:53:16
11128261,https://www.fenbi.com/spa/tiku/#/xingce/report/3613393193,常识判断,,单选题,2025-11-02 19:53:51,B,A,错误,模考,,公务员,7,2025下半年省考第十七季行测模考大赛（江苏A卷）,模考,行测,2026-08-08 23:53:16
11128262,https://www.fenbi.com/spa/tiku/#/xingce/report/3613393193,常识判断,,单选题,2025-11-02 19:53:51,B,A,错误,模考,,公务员,7,2025下半年省考第十七季行测模考大赛（江苏A卷）,模考,行测,2026-08-08 23:53:16
11128266,https://www.fenbi.com/spa/tiku/#/xingce/report/3613393193,常识判断,,单选题,2025-11-02 19:53:51,B,C,错误,模考,,公务员,7,2025下半年省考第十七季行测模考大赛（江苏A卷）,模考,行测,2026-08-08 23:53:16
18725841,https://www.fenbi.com/spa/tiku/#/xingce/report/3613393193,言语理解与表达,,单选题,2025-11-02 19:53:51,0,0,正确,模考,,公务员,4,2025下半年省考第十七季行测模考大赛（江苏A卷）,模考,行测,2026-08-08 23:53:16
17372283,https://www.fenbi.com/spa/tiku/#/xingce/report/3613393193,言语理解与表达,,单选题,2025-11-02 19:53:51,C,C,正确,模考,,公务员,4,2025下半年省考第十七季行测模考大赛（江苏A卷）,模考,行测,2026-08-08 23:53:16
18725842,https://www.fenbi.com/spa/tiku/#/xingce/report/3613393193,言语理解与表达,,单选题,2025-11-02 19:53:51,B,A,错误,模考,,公务员,4,2025下半年省考第十七季行测模考大赛（江苏A卷）,模考,行测,2026-08-08 23:53:16
18725843,https://www.fenbi.com/spa/tiku/#/xingce/report/3613393193,言语理解与表达,,单选题,2025-11-02 19:53:51,A,A,正确,模考,,公务员,4,2025下半年省考第十七季行测模考大赛（江苏A卷）,模考,行测,2026-08-08 23:53:16
18725844,https://www.fenbi.com/spa/tiku/#/xingce/report/3613393193,言语理解与表达,,单选题,2025-11-02 19:53:51,C,C,正确,模考,,公务员,4,2025下半年省考第十七季行测模考大赛（江苏A卷）,模考,行测,2026-08-08 23:53:16
18725845,https://www.fenbi.com/spa/tiku/#/xingce/report/3613393193,言语理解与表达,,单选题,2025-11-02 19:53:51,A,B,错误,模考,,公务员,7,2025下半年省考第十七季行测模考大赛（江苏A卷）,模考,行测,2026-08-08 23:53:16
18725846,https://www.fenbi.com/spa/tiku/#/xingce/report/3613393193,言语理解与表达,,单选题,2025-11-02 19:53:51,C,C,正确,模考,,公务员,3,2025下半年省考第十七季行测模考大赛（江苏A卷）,模考,行测,2026-08-08 23:53:16
18725847,https://www.fenbi.com/spa/tiku/#/xingce/report/3613393193,言语理解与表达,,单选题,2025-11-02 19:53:51,B,0,错误,模考,,公务员,4,2025下半年省考第十七季行测模考大赛（江苏A卷）,模考,行测,2026-08-08 23:53:16
18725848,https://www.fenbi.com/spa/tiku/#/xingce/report/3613393193,言语理解与表达,,单选题,2025-11-02 19:53:51,C,C,正确,模考,,公务员,4,2025下半年省考第十七季行测模考大赛（江苏A卷）,模考,行测,2026-08-08 23:53:16
18725850,https://www.fenbi.com/spa/tiku/#/xingce/report/3613393193,言语理解与表达,,单选题,2025-11-02 19:53:51,B,B,正确,模考,,公务员,5,2025下半年省考第十七季行测模考大赛（江苏A卷）,模考,行测,2026-08-08 23:53:16
18725851,https://www.fenbi.com/spa/tiku/#/xingce/report/3613393193,言语理解与表达,,单选题,2025-11-02 19:53:51,C,C,正确,模考,,公务员,4,2025下半年省考第十七季行测模考大赛（江苏A卷）,模考,行测,2026-08-08 23:53:16
18725854,https://www.fenbi.com/spa/tiku/#/xingce/report/3613393193,言语理解与表达,,单选题,2025-11-02 19:53:51,C,C,正确,模考,,公务员,3,2025下半年省考第十七季行测模考大赛（江苏A卷）,模考,行测,2026-08-08 23:53:16
18725855,https://www.fenbi.com/spa/tiku/#/xingce/report/3613393193,言语理解与表达,,单选题,2025-11-02 19:53:51,B,B,正确,模考,,公务员,3,2025下半年省考第十七季行测模考大赛（江苏A卷）,模考,行测,2026-08-08 23:53:16
17372291,https://www.fenbi.com/spa/tiku/#/xingce/report/3613393193,言语理解与表达,,单选题,2025-11-02 19:53:51,0,0,正确,模考,,公务员,4,2025下半年省考第十七季行测模考大赛（江苏A卷）,模考,行测,2026-08-08 23:53:16
17372281,https://www.fenbi.com/spa/tiku/#/xingce/report/3613393193,言语理解与表达,,单选题,2025-11-02 19:53:51,B,B,正确,模考,,公务员,7,2025下半年省考第十七季行测模考大赛（江苏A卷）,模考,行测,2026-08-08 23:53:16
18725829,https://www.fenbi.com/spa/tiku/#/xingce/report/3613393193,言语理解与表达,,单选题,2025-11-02 19:53:51,B,B,正确,模考,,公务员,4,2025下半年省考第十七季行测模考大赛（江苏A卷）,模考,行测,2026-08-08 23:53:16
18725831,https://www.fenbi.com/spa/tiku/#/xingce/report/3613393193,言语理解与表达,,单选题,2025-11-02 19:53:51,C,B,错误,模考,,公务员,4,2025下半年省考第十七季行测模考大赛（江苏A卷）,模考,行测,2026-08-08 23:53:16
18725832,https://www.fenbi.com/spa/tiku/#/xingce/report/3613393193,言语理解与表达,,单选题,2025-11-02 19:53:51,C,A,错误,模考,,公务员,7,2025下半年省考第十七季行测模考大赛（江苏A卷）,模考,行测,2026-08-08 23:53:16
18725833,https://www.fenbi.com/spa/tiku/#/xingce/report/3613393193,言语理解与表达,,单选题,2025-11-02 19:53:51,C,C,正确,模考,,公务员,3,2025下半年省考第十七季行测模考大赛（江苏A卷）,模考,行测,2026-08-08 23:53:16
18725834,https://www.fenbi.com/spa/tiku/#/xingce/report/3613393193,言语理解与表达,,单选题,2025-11-02 19:53:51,B,B,正确,模考,,公务员,6,2025下半年省考第十七季行测模考大赛（江苏A卷）,模考,行测,2026-08-08 23:53:16
18725835,https://www.fenbi.com/spa/tiku/#/xingce/report/3613393193,言语理解与表达,,单选题,2025-11-02 19:53:51,0,0,正确,模考,,公务员,4,2025下半年省考第十七季行测模考大赛（江苏A卷）,模考,行测,2026-08-08 23:53:16
18725837,https://www.fenbi.com/spa/tiku/#/xingce/report/3613393193,言语理解与表达,,单选题,2025-11-02 19:53:51,0,A,错误,模考,,公务员,4,2025下半年省考第十七季行测模考大赛（江苏A卷）,模考,行测,2026-08-08 23:53:16
18725838,https://www.fenbi.com/spa/tiku/#/xingce/report/3613393193,言语理解与表达,,单选题,2025-11-02 19:53:51,B,C,错误,模考,,公务员,5,2025下半年省考第十七季行测模考大赛（江苏A卷）,模考,行测,2026-08-08 23:53:16
18725839,https://www.fenbi.com/spa/tiku/#/xingce/report/3613393193,言语理解与表达,,单选题,2025-11-02 19:53:51,0,0,正确,模考,,公务员,4,2025下半年省考第十七季行测模考大赛（江苏A卷）,模考,行测,2026-08-08 23:53:16
18725840,https://www.fenbi.com/spa/tiku/#/xingce/report/3613393193,言语理解与表达,,单选题,2025-11-02 19:53:51,B,B,正确,模考,,公务员,6,2025下半年省考第十七季行测模考大赛（江苏A卷）,模考,行测,2026-08-08 23:53:16
17372517,https://www.fenbi.com/spa/tiku/#/xingce/report/3613393193,言语理解与表达,,单选题,2025-11-02 19:53:51,B,B,正确,模考,,公务员,3,2025下半年省考第十七季行测模考大赛（江苏A卷）,模考,行测,2026-08-08 23:53:16
17372518,https://www.fenbi.com/spa/tiku/#/xingce/report/3613393193,言语理解与表达,,单选题,2025-11-02 19:53:51,0,C,错误,模考,,公务员,6,2025下半年省考第十七季行测模考大赛（江苏A卷）,模考,行测,2026-08-08 23:53:16
17372519,https://www.fenbi.com/spa/tiku/#/xingce/report/3613393193,言语理解与表达,,单选题,2025-11-02 19:53:51,0,0,正确,模考,,公务员,3,2025下半年省考第十七季行测模考大赛（江苏A卷）,模考,行测,2026-08-08 23:53:16
17372520,https://www.fenbi.com/spa/tiku/#/xingce/report/3613393193,言语理解与表达,,单选题,2025-11-02 19:53:51,A,0,错误,模考,,公务员,6,2025下半年省考第十七季行测模考大赛（江苏A卷）,模考,行测,2026-08-08 23:53:16
17372522,https://www.fenbi.com/spa/tiku/#/xingce/report/3613393193,言语理解与表达,,单选题,2025-11-02 19:53:51,C,0,错误,模考,,公务员,7,2025下半年省考第十七季行测模考大赛（江苏A卷）,模考,行测,2026-08-08 23:53:16
16284636,https://www.fenbi.com/spa/tiku/#/xingce/report/3613393193,数量关系,,单选题,2025-11-02 19:53:51,C,C,正确,模考,,公务员,4,2025下半年省考第十七季行测模考大赛（江苏A卷）,模考,行测,2026-08-08 23:53:16
16284637,https://www.fenbi.com/spa/tiku/#/xingce/report/3613393193,数量关系,,单选题,2025-11-02 19:53:51,B,A,错误,模考,,公务员,4,2025下半年省考第十七季行测模考大赛（江苏A卷）,模考,行测,2026-08-08 23:53:16
16284638,https://www.fenbi.com/spa/tiku/#/xingce/report/3613393193,数量关系,,单选题,2025-11-02 19:53:51,B,A,错误,模考,,公务员,6,2025下半年省考第十七季行测模考大赛（江苏A卷）,模考,行测,2026-08-08 23:53:16
16284639,https://www.fenbi.com/spa/tiku/#/xingce/report/3613393193,数量关系,,单选题,2025-11-02 19:53:51,B,B,正确,模考,,公务员,4,2025下半年省考第十七季行测模考大赛（江苏A卷）,模考,行测,2026-08-08 23:53:16
16284640,https://www.fenbi.com/spa/tiku/#/xingce/report/3613393193,数量关系,,单选题,2025-11-02 19:53:51,C,C,正确,模考,,公务员,6,2025下半年省考第十七季行测模考大赛（江苏A卷）,模考,行测,2026-08-08 23:53:16
11127910,https://www.fenbi.com/spa/tiku/#/xingce/report/3613393193,数量关系,,单选题,2025-11-02 19:53:51,B,B,正确,模考,,公务员,4,2025下半年省考第十七季行测模考大赛（江苏A卷）,模考,行测,2026-08-08 23:53:16
11127911,https://www.fenbi.com/spa/tiku/#/xingce/report/3613393193,数量关系,,单选题,2025-11-02 19:53:51,A,A,正确,模考,,公务员,5,2025下半年省考第十七季行测模考大赛（江苏A卷）,模考,行测,2026-08-08 23:53:16
11127912,https://www.fenbi.com/spa/tiku/#/xingce/report/3613393193,数量关系,,单选题,2025-11-02 19:53:51,C,C,正确,模考,,公务员,7,2025下半年省考第十七季行测模考大赛（江苏A卷）,模考,行测,2026-08-08 23:53:16
11127913,https://www.fenbi.com/spa/tiku/#/xingce/report/3613393193,数量关系,,单选题,2025-11-02 19:53:51,A,A,正确,模考,,公务员,6,2025下半年省考第十七季行测模考大赛（江苏A卷）,模考,行测,2026-08-08 23:53:16
11127914,https://www.fenbi.com/spa/tiku/#/xingce/report/3613393193,数量关系,,单选题,2025-11-02 19:53:51,A,B,错误,模考,,公务员,6,2025下半年省考第十七季行测模考大赛（江苏A卷）,模考,行测,2026-08-08 23:53:16
11127915,https://www.fenbi.com/spa/tiku/#/xingce/report/3613393193,数量关系,,单选题,2025-11-02 19:53:51,0,0,正确,模考,,公务员,7,2025下半年省考第十七季行测模考大赛（江苏A卷）,模考,行测,2026-08-08 23:53:16
11127916,https://www.fenbi.com/spa/tiku/#/xingce/report/3613393193,数量关系,,单选题,2025-11-02 19:53:51,0,0,正确,模考,,公务员,6,2025下半年省考第十七季行测模考大赛（江苏A卷）,模考,行测,2026-08-08 23:53:16
11127917,https://www.fenbi.com/spa/tiku/#/xingce/report/3613393193,数量关系,,单选题,2025-11-02 19:53:51,B,B,正确,模考,,公务员,6,2025下半年省考第十七季行测模考大赛（江苏A卷）,模考,行测,2026-08-08 23:53:16
11127918,https://www.fenbi.com/spa/tiku/#/xingce/report/3613393193,数量关系,,单选题,2025-11-02 19:53:51,A,A,正确,模考,,公务员,6,2025下半年省考第十七季行测模考大赛（江苏A卷）,模考,行测,2026-08-08 23:53:16
11127919,https://www.fenbi.com/spa/tiku/#/xingce/report/3613393193,数量关系,,单选题,2025-11-02 19:53:51,C,C,正确,模考,,公务员,7,2025下半年省考第十七季行测模考大赛（江苏A卷）,模考,行测,2026-08-08 23:53:16
11127920,https://www.fenbi.com/spa/tiku/#/xingce/report/3613393193,数量关系,,单选题,2025-11-02 19:53:51,B,C,错误,模考,,公务员,7,2025下半年省考第十七季行测模考大赛（江苏A卷）,模考,行测,2026-08-08 23:53:16
11127922,https://www.fenbi.com/spa/tiku/#/xingce/report/3613393193,数量关系,,单选题,2025-11-02 19:53:51,C,C,正确,模考,,公务员,7,2025下半年省考第十七季行测模考大赛（江苏A卷）,模考,行测,2026-08-08 23:53:16
11127923,https://www.fenbi.com/spa/tiku/#/xingce/report/3613393193,数量关系,,单选题,2025-11-02 19:53:51,A,A,正确,模考,,公务员,6,2025下半年省考第十七季行测模考大赛（江苏A卷）,模考,行测,2026-08-08 23:53:16
11127929,https://www.fenbi.com/spa/tiku/#/xingce/report/3613393193,数量关系,,单选题,2025-11-02 19:53:51,0,0,正确,模考,,公务员,7,2025下半年省考第十七季行测模考大赛（江苏A卷）,模考,行测,2026-08-08 23:53:16
11127931,https://www.fenbi.com/spa/tiku/#/xingce/report/3613393193,数量关系,,单选题,2025-11-02 19:53:51,B,B,正确,模考,,公务员,6,2025下半年省考第十七季行测模考大赛（江苏A卷）,模考,行测,2026-08-08 23:53:16
17373030,https://www.fenbi.com/spa/tiku/#/xingce/report/3613393193,判断推理,,单选题,2025-11-02 19:53:51,C,C,正确,模考,,公务员,4,2025下半年省考第十七季行测模考大赛（江苏A卷）,模考,行测,2026-08-08 23:53:16
17373033,https://www.fenbi.com/spa/tiku/#/xingce/report/3613393193,判断推理,,单选题,2025-11-02 19:53:51,B,B,正确,模考,,公务员,4,2025下半年省考第十七季行测模考大赛（江苏A卷）,模考,行测,2026-08-08 23:53:16
14401758,https://www.fenbi.com/spa/tiku/#/xingce/report/3613393193,判断推理,,单选题,2025-11-02 19:53:51,0,0,正确,模考,,公务员,4,2025下半年省考第十七季行测模考大赛（江苏A卷）,模考,行测,2026-08-08 23:53:16
14401772,https://www.fenbi.com/spa/tiku/#/xingce/report/3613393193,判断推理,,单选题,2025-11-02 19:53:51,0,0,正确,模考,,公务员,3,2025下半年省考第十七季行测模考大赛（江苏A卷）,模考,行测,2026-08-08 23:53:16
17373036,https://www.fenbi.com/spa/tiku/#/xingce/report/3613393193,判断推理,,单选题,2025-11-02 19:53:51,A,A,正确,模考,,公务员,4,2025下半年省考第十七季行测模考大赛（江苏A卷）,模考,行测,2026-08-08 23:53:16
17373038,https://www.fenbi.com/spa/tiku/#/xingce/report/3613393193,判断推理,,单选题,2025-11-02 19:53:51,B,C,错误,模考,,公务员,4,2025下半年省考第十七季行测模考大赛（江苏A卷）,模考,行测,2026-08-08 23:53:16
14401759,https://www.fenbi.com/spa/tiku/#/xingce/report/3613393193,判断推理,,单选题,2025-11-02 19:53:51,C,C,正确,模考,,公务员,4,2025下半年省考第十七季行测模考大赛（江苏A卷）,模考,行测,2026-08-08 23:53:16
14401773,https://www.fenbi.com/spa/tiku/#/xingce/report/3613393193,判断推理,,单选题,2025-11-02 19:53:51,B,C,错误,模考,,公务员,7,2025下半年省考第十七季行测模考大赛（江苏A卷）,模考,行测,2026-08-08 23:53:16
17373039,https://www.fenbi.com/spa/tiku/#/xingce/report/3613393193,判断推理,,单选题,2025-11-02 19:53:51,C,C,正确,模考,,公务员,4,2025下半年省考第十七季行测模考大赛（江苏A卷）,模考,行测,2026-08-08 23:53:16
14401760,https://www.fenbi.com/spa/tiku/#/xingce/report/3613393193,判断推理,,单选题,2025-11-02 19:53:51,0,A,错误,模考,,公务员,6,2025下半年省考第十七季行测模考大赛（江苏A卷）,模考,行测,2026-08-08 23:53:16
17372981,https://www.fenbi.com/spa/tiku/#/xingce/report/3613393193,判断推理,,单选题,2025-11-02 19:53:51,0,0,正确,模考,,公务员,3,2025下半年省考第十七季行测模考大赛（江苏A卷）,模考,行测,2026-08-08 23:53:16
17372982,https://www.fenbi.com/spa/tiku/#/xingce/report/3613393193,判断推理,,单选题,2025-11-02 19:53:51,B,0,错误,模考,,公务员,7,2025下半年省考第十七季行测模考大赛（江苏A卷）,模考,行测,2026-08-08 23:53:16
17372989,https://www.fenbi.com/spa/tiku/#/xingce/report/3613393193,判断推理,,单选题,2025-11-02 19:53:51,C,C,正确,模考,,公务员,6,2025下半年省考第十七季行测模考大赛（江苏A卷）,模考,行测,2026-08-08 23:53:16
17372992,https://www.fenbi.com/spa/tiku/#/xingce/report/3613393193,判断推理,,单选题,2025-11-02 19:53:51,0,B,错误,模考,,公务员,7,2025下半年省考第十七季行测模考大赛（江苏A卷）,模考,行测,2026-08-08 23:53:16
17372447,https://www.fenbi.com/spa/tiku/#/xingce/report/3613393193,判断推理,,单选题,2025-11-02 19:53:51,C,C,正确,模考,,公务员,5,2025下半年省考第十七季行测模考大赛（江苏A卷）,模考,行测,2026-08-08 23:53:16
17372448,https://www.fenbi.com/spa/tiku/#/xingce/report/3613393193,判断推理,,单选题,2025-11-02 19:53:51,B,A,错误,模考,,公务员,6,2025下半年省考第十七季行测模考大赛（江苏A卷）,模考,行测,2026-08-08 23:53:16
17372449,https://www.fenbi.com/spa/tiku/#/xingce/report/3613393193,判断推理,,单选题,2025-11-02 19:53:51,B,B,正确,模考,,公务员,4,2025下半年省考第十七季行测模考大赛（江苏A卷）,模考,行测,2026-08-08 23:53:16
17372450,https://www.fenbi.com/spa/tiku/#/xingce/report/3613393193,判断推理,,单选题,2025-11-02 19:53:51,B,B,正确,模考,,公务员,5,2025下半年省考第十七季行测模考大赛（江苏A卷）,模考,行测,2026-08-08 23:53:16
17372451,https://www.fenbi.com/spa/tiku/#/xingce/report/3613393193,判断推理,,单选题,2025-11-02 19:53:51,0,0,正确,模考,,公务员,4,2025下半年省考第十七季行测模考大赛（江苏A卷）,模考,行测,2026-08-08 23:53:16
17372452,https://www.fenbi.com/spa/tiku/#/xingce/report/3613393193,判断推理,,单选题,2025-11-02 19:53:51,C,A,错误,模考,,公务员,6,2025下半年省考第十七季行测模考大赛（江苏A卷）,模考,行测,2026-08-08 23:53:16
17373043,https://www.fenbi.com/spa/tiku/#/xingce/report/3613393193,判断推理,,单选题,2025-11-02 19:53:51,B,C,错误,模考,,公务员,6,2025下半年省考第十七季行测模考大赛（江苏A卷）,模考,行测,2026-08-08 23:53:16
17373046,https://www.fenbi.com/spa/tiku/#/xingce/report/3613393193,判断推理,,单选题,2025-11-02 19:53:51,C,0,错误,模考,,公务员,7,2025下半年省考第十七季行测模考大赛（江苏A卷）,模考,行测,2026-08-08 23:53:16
17373047,https://www.fenbi.com/spa/tiku/#/xingce/report/3613393193,判断推理,,单选题,2025-11-02 19:53:51,A,A,正确,模考,,公务员,4,2025下半年省考第十七季行测模考大赛（江苏A卷）,模考,行测,2026-08-08 23:53:16
14401774,https://www.fenbi.com/spa/tiku/#/xingce/report/3613393193,判断推理,,单选题,2025-11-02 19:53:51,A,C,错误,模考,,公务员,4,2025下半年省考第十七季行测模考大赛（江苏A卷）,模考,行测,2026-08-08 23:53:16
14401775,https://www.fenbi.com/spa/tiku/#/xingce/report/3613393193,判断推理,,单选题,2025-11-02 19:53:51,0,0,正确,模考,,公务员,6,2025下半年省考第十七季行测模考大赛（江苏A卷）,模考,行测,2026-08-08 23:53:16
14401778,https://www.fenbi.com/spa/tiku/#/xingce/report/3613393193,判断推理,,单选题,2025-11-02 19:53:51,C,C,正确,模考,,公务员,6,2025下半年省考第十七季行测模考大赛（江苏A卷）,模考,行测,2026-08-08 23:53:16
14401784,https://www.fenbi.com/spa/tiku/#/xingce/report/3613393193,判断推理,,单选题,2025-11-02 19:53:51,A,A,正确,模考,,公务员,3,2025下半年省考第十七季行测模考大赛（江苏A卷）,模考,行测,2026-08-08 23:53:16
14401788,https://www.fenbi.com/spa/tiku/#/xingce/report/3613393193,判断推理,,单选题,2025-11-02 19:53:51,B,B,正确,模考,,公务员,5,2025下半年省考第十七季行测模考大赛（江苏A卷）,模考,行测,2026-08-08 23:53:16
17373051,https://www.fenbi.com/spa/tiku/#/xingce/report/3613393193,判断推理,,单选题,2025-11-02 19:53:51,C,C,正确,模考,,公务员,6,2025下半年省考第十七季行测模考大赛（江苏A卷）,模考,行测,2026-08-08 23:53:16
17373052,https://www.fenbi.com/spa/tiku/#/xingce/report/3613393193,判断推理,,单选题,2025-11-02 19:53:51,B,B,正确,模考,,公务员,4,2025下半年省考第十七季行测模考大赛（江苏A卷）,模考,行测,2026-08-08 23:53:16
17372562,https://www.fenbi.com/spa/tiku/#/xingce/report/3613393193,判断推理,,单选题,2025-11-02 19:53:51,A,A,正确,模考,,公务员,3,2025下半年省考第十七季行测模考大赛（江苏A卷）,模考,行测,2026-08-08 23:53:16
17372561,https://www.fenbi.com/spa/tiku/#/xingce/report/3613393193,判断推理,,单选题,2025-11-02 19:53:51,B,B,正确,模考,,公务员,3,2025下半年省考第十七季行测模考大赛（江苏A卷）,模考,行测,2026-08-08 23:53:16
17372463,https://www.fenbi.com/spa/tiku/#/xingce/report/3613393193,判断推理,,单选题,2025-11-02 19:53:51,B,B,正确,模考,,公务员,6,2025下半年省考第十七季行测模考大赛（江苏A卷）,模考,行测,2026-08-08 23:53:16
17372468,https://www.fenbi.com/spa/tiku/#/xingce/report/3613393193,判断推理,,单选题,2025-11-02 19:53:51,A,A,正确,模考,,公务员,6,2025下半年省考第十七季行测模考大赛（江苏A卷）,模考,行测,2026-08-08 23:53:16
17372469,https://www.fenbi.com/spa/tiku/#/xingce/report/3613393193,判断推理,,单选题,2025-11-02 19:53:51,B,B,正确,模考,,公务员,6,2025下半年省考第十七季行测模考大赛（江苏A卷）,模考,行测,2026-08-08 23:53:16
17373003,https://www.fenbi.com/spa/tiku/#/xingce/report/3613393193,判断推理,,单选题,2025-11-02 19:53:51,0,0,正确,模考,,公务员,5,2025下半年省考第十七季行测模考大赛（江苏A卷）,模考,行测,2026-08-08 23:53:16
17373004,https://www.fenbi.com/spa/tiku/#/xingce/report/3613393193,判断推理,,单选题,2025-11-02 19:53:51,C,C,正确,模考,,公务员,3,2025下半年省考第十七季行测模考大赛（江苏A卷）,模考,行测,2026-08-08 23:53:16
17373005,https://www.fenbi.com/spa/tiku/#/xingce/report/3613393193,判断推理,,单选题,2025-11-02 19:53:51,C,A,错误,模考,,公务员,7,2025下半年省考第十七季行测模考大赛（江苏A卷）,模考,行测,2026-08-08 23:53:16
17373016,https://www.fenbi.com/spa/tiku/#/xingce/report/3613393193,判断推理,,单选题,2025-11-02 19:53:51,0,0,正确,模考,,公务员,3,2025下半年省考第十七季行测模考大赛（江苏A卷）,模考,行测,2026-08-08 23:53:16
17373021,https://www.fenbi.com/spa/tiku/#/xingce/report/3613393193,判断推理,,单选题,2025-11-02 19:53:51,A,0,错误,模考,,公务员,4,2025下半年省考第十七季行测模考大赛（江苏A卷）,模考,行测,2026-08-08 23:53:16
17373023,https://www.fenbi.com/spa/tiku/#/xingce/report/3613393193,判断推理,,单选题,2025-11-02 19:53:51,A,A,正确,模考,,公务员,5,2025下半年省考第十七季行测模考大赛（江苏A卷）,模考,行测,2026-08-08 23:53:16
17373026,https://www.fenbi.com/spa/tiku/#/xingce/report/3613393193,判断推理,,单选题,2025-11-02 19:53:51,B,B,正确,模考,,公务员,4,2025下半年省考第十七季行测模考大赛（江苏A卷）,模考,行测,2026-08-08 23:53:16
14401866,https://www.fenbi.com/spa/tiku/#/xingce/report/3613393193,判断推理,,单选题,2025-11-02 19:53:51,B,B,正确,模考,,公务员,3,2025下半年省考第十七季行测模考大赛（江苏A卷）,模考,行测,2026-08-08 23:53:16
14401868,https://www.fenbi.com/spa/tiku/#/xingce/report/3613393193,判断推理,,单选题,2025-11-02 19:53:51,0,0,正确,模考,,公务员,4,2025下半年省考第十七季行测模考大赛（江苏A卷）,模考,行测,2026-08-08 23:53:16
14401870,https://www.fenbi.com/spa/tiku/#/xingce/report/3613393193,判断推理,,单选题,2025-11-02 19:53:51,0,0,正确,模考,,公务员,6,2025下半年省考第十七季行测模考大赛（江苏A卷）,模考,行测,2026-08-08 23:53:16
11127951,https://www.fenbi.com/spa/tiku/#/xingce/report/3613393193,资料分析,,单选题,2025-11-02 19:53:51,B,A,错误,模考,,公务员,4,2025下半年省考第十七季行测模考大赛（江苏A卷）,模考,行测,2026-08-08 23:53:16
11127952,https://www.fenbi.com/spa/tiku/#/xingce/report/3613393193,资料分析,,单选题,2025-11-02 19:53:51,0,0,正确,模考,,公务员,4,2025下半年省考第十七季行测模考大赛（江苏A卷）,模考,行测,2026-08-08 23:53:16
11127953,https://www.fenbi.com/spa/tiku/#/xingce/report/3613393193,资料分析,,单选题,2025-11-02 19:53:51,0,0,正确,模考,,公务员,5,2025下半年省考第十七季行测模考大赛（江苏A卷）,模考,行测,2026-08-08 23:53:16
11127954,https://www.fenbi.com/spa/tiku/#/xingce/report/3613393193,资料分析,,单选题,2025-11-02 19:53:51,C,B,错误,模考,,公务员,5,2025下半年省考第十七季行测模考大赛（江苏A卷）,模考,行测,2026-08-08 23:53:16
11127955,https://www.fenbi.com/spa/tiku/#/xingce/report/3613393193,资料分析,,单选题,2025-11-02 19:53:51,A,A,正确,模考,,公务员,7,2025下半年省考第十七季行测模考大赛（江苏A卷）,模考,行测,2026-08-08 23:53:16
11127971,https://www.fenbi.com/spa/tiku/#/xingce/report/3613393193,资料分析,,单选题,2025-11-02 19:53:51,0,0,正确,模考,,公务员,3,2025下半年省考第十七季行测模考大赛（江苏A卷）,模考,行测,2026-08-08 23:53:16
11127978,https://www.fenbi.com/spa/tiku/#/xingce/report/3613393193,资料分析,,单选题,2025-11-02 19:53:51,C,C,正确,模考,,公务员,4,2025下半年省考第十七季行测模考大赛（江苏A卷）,模考,行测,2026-08-08 23:53:16
11127979,https://www.fenbi.com/spa/tiku/#/xingce/report/3613393193,资料分析,,单选题,2025-11-02 19:53:51,A,A,正确,模考,,公务员,6,2025下半年省考第十七季行测模考大赛（江苏A卷）,模考,行测,2026-08-08 23:53:16
11127980,https://www.fenbi.com/spa/tiku/#/xingce/report/3613393193,资料分析,,单选题,2025-11-02 19:53:51,A,A,正确,模考,,公务员,4,2025下半年省考第十七季行测模考大赛（江苏A卷）,模考,行测,2026-08-08 23:53:16
11127981,https://www.fenbi.com/spa/tiku/#/xingce/report/3613393193,资料分析,,单选题,2025-11-02 19:53:51,0,0,正确,模考,,公务员,4,2025下半年省考第十七季行测模考大赛（江苏A卷）,模考,行测,2026-08-08 23:53:16
11127982,https://www.fenbi.com/spa/tiku/#/xingce/report/3613393193,资料分析,,单选题,2025-11-02 19:53:51,0,0,正确,模考,,公务员,4,2025下半年省考第十七季行测模考大赛（江苏A卷）,模考,行测,2026-08-08 23:53:16
11127984,https://www.fenbi.com/spa/tiku/#/xingce/report/3613393193,资料分析,,单选题,2025-11-02 19:53:51,A,0,错误,模考,,公务员,7,2025下半年省考第十七季行测模考大赛（江苏A卷）,模考,行测,2026-08-08 23:53:16
11127985,https://www.fenbi.com/spa/tiku/#/xingce/report/3613393193,资料分析,,单选题,2025-11-02 19:53:51,C,C,正确,模考,,公务员,4,2025下半年省考第十七季行测模考大赛（江苏A卷）,模考,行测,2026-08-08 23:53:16
11127986,https://www.fenbi.com/spa/tiku/#/xingce/report/3613393193,资料分析,,单选题,2025-11-02 19:53:51,0,C,错误,模考,,公务员,6,2025下半年省考第十七季行测模考大赛（江苏A卷）,模考,行测,2026-08-08 23:53:16
11127987,https://www.fenbi.com/spa/tiku/#/xingce/report/3613393193,资料分析,,单选题,2025-11-02 19:53:51,C,B,错误,模考,,公务员,6,2025下半年省考第十七季行测模考大赛（江苏A卷）,模考,行测,2026-08-08 23:53:16
16284645,https://www.fenbi.com/spa/tiku/#/xingce/report/3613393193,资料分析,,单选题,2025-11-02 19:53:51,A,A,正确,模考,,公务员,4,2025下半年省考第十七季行测模考大赛（江苏A卷）,模考,行测,2026-08-08 23:53:16
16284647,https://www.fenbi.com/spa/tiku/#/xingce/report/3613393193,资料分析,,单选题,2025-11-02 19:53:51,C,C,正确,模考,,公务员,6,2025下半年省考第十七季行测模考大赛（江苏A卷）,模考,行测,2026-08-08 23:53:16
16284648,https://www.fenbi.com/spa/tiku/#/xingce/report/3613393193,资料分析,,单选题,2025-11-02 19:53:51,B,B,正确,模考,,公务员,4,2025下半年省考第十七季行测模考大赛（江苏A卷）,模考,行测,2026-08-08 23:53:16
16284649,https://www.fenbi.com/spa/tiku/#/xingce/report/3613393193,资料分析,,单选题,2025-11-02 19:53:51,C,C,正确,模考,,公务员,5,2025下半年省考第十七季行测模考大赛（江苏A卷）,模考,行测,2026-08-08 23:53:16
16284652,https://www.fenbi.com/spa/tiku/#/xingce/report/3613393193,资料分析,,单选题,2025-11-02 19:53:51,0,0,正确,模考,,公务员,4,2025下半年省考第十七季行测模考大赛（江苏A卷）,模考,行测,2026-08-08 23:53:16
14016652,https://www.fenbi.com/spa/tiku/#/xingce/report/3606567510,政治理论,,单选题,2025-10-31 09:42:57,A,B,错误,模考,,公务员,7,2025下半年省考第三十二季行测模考大赛（江苏A卷）,模考,行测,2026-08-08 23:53:16
14016653,https://www.fenbi.com/spa/tiku/#/xingce/report/3606567510,政治理论,,单选题,2025-10-31 09:42:57,A,B,错误,模考,,公务员,4,2025下半年省考第三十二季行测模考大赛（江苏A卷）,模考,行测,2026-08-08 23:53:16
14016662,https://www.fenbi.com/spa/tiku/#/xingce/report/3606567510,政治理论,,单选题,2025-10-31 09:42:57,A,A,正确,模考,,公务员,6,2025下半年省考第三十二季行测模考大赛（江苏A卷）,模考,行测,2026-08-08 23:53:16
14016663,https://www.fenbi.com/spa/tiku/#/xingce/report/3606567510,政治理论,,单选题,2025-10-31 09:42:57,A,C,错误,模考,,公务员,6,2025下半年省考第三十二季行测模考大赛（江苏A卷）,模考,行测,2026-08-08 23:53:16
14016664,https://www.fenbi.com/spa/tiku/#/xingce/report/3606567510,政治理论,,单选题,2025-10-31 09:42:57,A,C,错误,模考,,公务员,6,2025下半年省考第三十二季行测模考大赛（江苏A卷）,模考,行测,2026-08-08 23:53:16
14016666,https://www.fenbi.com/spa/tiku/#/xingce/report/3606567510,政治理论,,单选题,2025-10-31 09:42:57,A,B,错误,模考,,公务员,3,2025下半年省考第三十二季行测模考大赛（江苏A卷）,模考,行测,2026-08-08 23:53:16
14016667,https://www.fenbi.com/spa/tiku/#/xingce/report/3606567510,政治理论,,单选题,2025-10-31 09:42:57,A,0,错误,模考,,公务员,7,2025下半年省考第三十二季行测模考大赛（江苏A卷）,模考,行测,2026-08-08 23:53:16
14016668,https://www.fenbi.com/spa/tiku/#/xingce/report/3606567510,政治理论,,单选题,2025-10-31 09:42:57,A,C,错误,模考,,公务员,7,2025下半年省考第三十二季行测模考大赛（江苏A卷）,模考,行测,2026-08-08 23:53:16
14016670,https://www.fenbi.com/spa/tiku/#/xingce/report/3606567510,政治理论,,单选题,2025-10-31 09:42:57,A,A,正确,模考,,公务员,5,2025下半年省考第三十二季行测模考大赛（江苏A卷）,模考,行测,2026-08-08 23:53:16
14016689,https://www.fenbi.com/spa/tiku/#/xingce/report/3606567510,政治理论,,单选题,2025-10-31 09:42:57,A,0,错误,模考,,公务员,7,2025下半年省考第三十二季行测模考大赛（江苏A卷）,模考,行测,2026-08-08 23:53:16
14016691,https://www.fenbi.com/spa/tiku/#/xingce/report/3606567510,常识判断,,单选题,2025-10-31 09:42:57,A,B,错误,模考,,公务员,4,2025下半年省考第三十二季行测模考大赛（江苏A卷）,模考,行测,2026-08-08 23:53:16
14016693,https://www.fenbi.com/spa/tiku/#/xingce/report/3606567510,常识判断,,单选题,2025-10-31 09:42:57,A,C,错误,模考,,公务员,4,2025下半年省考第三十二季行测模考大赛（江苏A卷）,模考,行测,2026-08-08 23:53:16
14016696,https://www.fenbi.com/spa/tiku/#/xingce/report/3606567510,常识判断,,单选题,2025-10-31 09:42:57,A,B,错误,模考,,公务员,4,2025下半年省考第三十二季行测模考大赛（江苏A卷）,模考,行测,2026-08-08 23:53:16
14016698,https://www.fenbi.com/spa/tiku/#/xingce/report/3606567510,常识判断,,单选题,2025-10-31 09:42:57,A,C,错误,模考,,公务员,6,2025下半年省考第三十二季行测模考大赛（江苏A卷）,模考,行测,2026-08-08 23:53:16
14016729,https://www.fenbi.com/spa/tiku/#/xingce/report/3606567510,常识判断,,单选题,2025-10-31 09:42:57,A,B,错误,模考,,公务员,3,2025下半年省考第三十二季行测模考大赛（江苏A卷）,模考,行测,2026-08-08 23:53:16
14016736,https://www.fenbi.com/spa/tiku/#/xingce/report/3606567510,常识判断,,单选题,2025-10-31 09:42:57,A,A,正确,模考,,公务员,3,2025下半年省考第三十二季行测模考大赛（江苏A卷）,模考,行测,2026-08-08 23:53:16
14016737,https://www.fenbi.com/spa/tiku/#/xingce/report/3606567510,常识判断,,单选题,2025-10-31 09:42:57,A,A,正确,模考,,公务员,4,2025下半年省考第三十二季行测模考大赛（江苏A卷）,模考,行测,2026-08-08 23:53:16
14016739,https://www.fenbi.com/spa/tiku/#/xingce/report/3606567510,常识判断,,单选题,2025-10-31 09:42:57,A,A,正确,模考,,公务员,7,2025下半年省考第三十二季行测模考大赛（江苏A卷）,模考,行测,2026-08-08 23:53:16
14016741,https://www.fenbi.com/spa/tiku/#/xingce/report/3606567510,常识判断,,单选题,2025-10-31 09:42:57,A,0,错误,模考,,公务员,7,2025下半年省考第三十二季行测模考大赛（江苏A卷）,模考,行测,2026-08-08 23:53:16
14016744,https://www.fenbi.com/spa/tiku/#/xingce/report/3606567510,常识判断,,单选题,2025-10-31 09:42:57,A,A,正确,模考,,公务员,7,2025下半年省考第三十二季行测模考大赛（江苏A卷）,模考,行测,2026-08-08 23:53:16
19033607,https://www.fenbi.com/spa/tiku/#/xingce/report/3606567510,言语理解与表达,,单选题,2025-10-31 09:42:57,0,C,错误,模考,,公务员,6,2025下半年省考第三十二季行测模考大赛（江苏A卷）,模考,行测,2026-08-08 23:53:16
12887661,https://www.fenbi.com/spa/tiku/#/xingce/report/3606567510,言语理解与表达,,单选题,2025-10-31 09:42:57,0,C,错误,模考,,公务员,6,2025下半年省考第三十二季行测模考大赛（江苏A卷）,模考,行测,2026-08-08 23:53:16
19033608,https://www.fenbi.com/spa/tiku/#/xingce/report/3606567510,言语理解与表达,,单选题,2025-10-31 09:42:57,B,A,错误,模考,,公务员,4,2025下半年省考第三十二季行测模考大赛（江苏A卷）,模考,行测,2026-08-08 23:53:16
19033611,https://www.fenbi.com/spa/tiku/#/xingce/report/3606567510,言语理解与表达,,单选题,2025-10-31 09:42:57,B,B,正确,模考,,公务员,4,2025下半年省考第三十二季行测模考大赛（江苏A卷）,模考,行测,2026-08-08 23:53:16
19033612,https://www.fenbi.com/spa/tiku/#/xingce/report/3606567510,言语理解与表达,,单选题,2025-10-31 09:42:57,0,C,错误,模考,,公务员,4,2025下半年省考第三十二季行测模考大赛（江苏A卷）,模考,行测,2026-08-08 23:53:16
19033613,https://www.fenbi.com/spa/tiku/#/xingce/report/3606567510,言语理解与表达,,单选题,2025-10-31 09:42:57,0,0,正确,模考,,公务员,4,2025下半年省考第三十二季行测模考大赛（江苏A卷）,模考,行测,2026-08-08 23:53:16
19033614,https://www.fenbi.com/spa/tiku/#/xingce/report/3606567510,言语理解与表达,,单选题,2025-10-31 09:42:57,A,A,正确,模考,,公务员,5,2025下半年省考第三十二季行测模考大赛（江苏A卷）,模考,行测,2026-08-08 23:53:16
19033615,https://www.fenbi.com/spa/tiku/#/xingce/report/3606567510,言语理解与表达,,单选题,2025-10-31 09:42:57,A,B,错误,模考,,公务员,4,2025下半年省考第三十二季行测模考大赛（江苏A卷）,模考,行测,2026-08-08 23:53:16
19033616,https://www.fenbi.com/spa/tiku/#/xingce/report/3606567510,言语理解与表达,,单选题,2025-10-31 09:42:57,C,C,正确,模考,,公务员,4,2025下半年省考第三十二季行测模考大赛（江苏A卷）,模考,行测,2026-08-08 23:53:16
19033618,https://www.fenbi.com/spa/tiku/#/xingce/report/3606567510,言语理解与表达,,单选题,2025-10-31 09:42:57,A,A,正确,模考,,公务员,3,2025下半年省考第三十二季行测模考大赛（江苏A卷）,模考,行测,2026-08-08 23:53:16
19033621,https://www.fenbi.com/spa/tiku/#/xingce/report/3606567510,言语理解与表达,,单选题,2025-10-31 09:42:57,0,0,正确,模考,,公务员,3,2025下半年省考第三十二季行测模考大赛（江苏A卷）,模考,行测,2026-08-08 23:53:16
19033630,https://www.fenbi.com/spa/tiku/#/xingce/report/3606567510,言语理解与表达,,单选题,2025-10-31 09:42:57,B,B,正确,模考,,公务员,3,2025下半年省考第三十二季行测模考大赛（江苏A卷）,模考,行测,2026-08-08 23:53:16
19033631,https://www.fenbi.com/spa/tiku/#/xingce/report/3606567510,言语理解与表达,,单选题,2025-10-31 09:42:57,C,C,正确,模考,,公务员,3,2025下半年省考第三十二季行测模考大赛（江苏A卷）,模考,行测,2026-08-08 23:53:16
12887667,https://www.fenbi.com/spa/tiku/#/xingce/report/3606567510,言语理解与表达,,单选题,2025-10-31 09:42:57,B,B,正确,模考,,公务员,3,2025下半年省考第三十二季行测模考大赛（江苏A卷）,模考,行测,2026-08-08 23:53:16
12887659,https://www.fenbi.com/spa/tiku/#/xingce/report/3606567510,言语理解与表达,,单选题,2025-10-31 09:42:57,C,C,正确,模考,,公务员,4,2025下半年省考第三十二季行测模考大赛（江苏A卷）,模考,行测,2026-08-08 23:53:16
19033591,https://www.fenbi.com/spa/tiku/#/xingce/report/3606567510,言语理解与表达,,单选题,2025-10-31 09:42:57,B,C,错误,模考,,公务员,4,2025下半年省考第三十二季行测模考大赛（江苏A卷）,模考,行测,2026-08-08 23:53:16
19033594,https://www.fenbi.com/spa/tiku/#/xingce/report/3606567510,言语理解与表达,,单选题,2025-10-31 09:42:57,A,A,正确,模考,,公务员,5,2025下半年省考第三十二季行测模考大赛（江苏A卷）,模考,行测,2026-08-08 23:53:16
19033595,https://www.fenbi.com/spa/tiku/#/xingce/report/3606567510,言语理解与表达,,单选题,2025-10-31 09:42:57,C,0,错误,模考,,公务员,6,2025下半年省考第三十二季行测模考大赛（江苏A卷）,模考,行测,2026-08-08 23:53:16
19033597,https://www.fenbi.com/spa/tiku/#/xingce/report/3606567510,言语理解与表达,,单选题,2025-10-31 09:42:57,0,0,正确,模考,,公务员,4,2025下半年省考第三十二季行测模考大赛（江苏A卷）,模考,行测,2026-08-08 23:53:16
19033598,https://www.fenbi.com/spa/tiku/#/xingce/report/3606567510,言语理解与表达,,单选题,2025-10-31 09:42:57,0,0,正确,模考,,公务员,7,2025下半年省考第三十二季行测模考大赛（江苏A卷）,模考,行测,2026-08-08 23:53:16
19033599,https://www.fenbi.com/spa/tiku/#/xingce/report/3606567510,言语理解与表达,,单选题,2025-10-31 09:42:57,B,B,正确,模考,,公务员,6,2025下半年省考第三十二季行测模考大赛（江苏A卷）,模考,行测,2026-08-08 23:53:16
19033603,https://www.fenbi.com/spa/tiku/#/xingce/report/3606567510,言语理解与表达,,单选题,2025-10-31 09:42:57,B,A,错误,模考,,公务员,6,2025下半年省考第三十二季行测模考大赛（江苏A卷）,模考,行测,2026-08-08 23:53:16
19033604,https://www.fenbi.com/spa/tiku/#/xingce/report/3606567510,言语理解与表达,,单选题,2025-10-31 09:42:57,A,A,正确,模考,,公务员,6,2025下半年省考第三十二季行测模考大赛（江苏A卷）,模考,行测,2026-08-08 23:53:16
19033605,https://www.fenbi.com/spa/tiku/#/xingce/report/3606567510,言语理解与表达,,单选题,2025-10-31 09:42:57,0,0,正确,模考,,公务员,3,2025下半年省考第三十二季行测模考大赛（江苏A卷）,模考,行测,2026-08-08 23:53:16
19033606,https://www.fenbi.com/spa/tiku/#/xingce/report/3606567510,言语理解与表达,,单选题,2025-10-31 09:42:57,B,B,正确,模考,,公务员,3,2025下半年省考第三十二季行测模考大赛（江苏A卷）,模考,行测,2026-08-08 23:53:16
14016199,https://www.fenbi.com/spa/tiku/#/xingce/report/3606567510,言语理解与表达,,单选题,2025-10-31 09:42:57,C,B,错误,模考,,公务员,7,2025下半年省考第三十二季行测模考大赛（江苏A卷）,模考,行测,2026-08-08 23:53:16
14016200,https://www.fenbi.com/spa/tiku/#/xingce/report/3606567510,言语理解与表达,,单选题,2025-10-31 09:42:57,B,B,正确,模考,,公务员,3,2025下半年省考第三十二季行测模考大赛（江苏A卷）,模考,行测,2026-08-08 23:53:16
14016201,https://www.fenbi.com/spa/tiku/#/xingce/report/3606567510,言语理解与表达,,单选题,2025-10-31 09:42:57,B,B,正确,模考,,公务员,3,2025下半年省考第三十二季行测模考大赛（江苏A卷）,模考,行测,2026-08-08 23:53:16
14016202,https://www.fenbi.com/spa/tiku/#/xingce/report/3606567510,言语理解与表达,,单选题,2025-10-31 09:42:57,0,0,正确,模考,,公务员,6,2025下半年省考第三十二季行测模考大赛（江苏A卷）,模考,行测,2026-08-08 23:53:16
14016203,https://www.fenbi.com/spa/tiku/#/xingce/report/3606567510,言语理解与表达,,单选题,2025-10-31 09:42:57,C,C,正确,模考,,公务员,6,2025下半年省考第三十二季行测模考大赛（江苏A卷）,模考,行测,2026-08-08 23:53:16
12888203,https://www.fenbi.com/spa/tiku/#/xingce/report/3606567510,数量关系,,单选题,2025-10-31 09:42:57,C,C,正确,模考,,公务员,3,2025下半年省考第三十二季行测模考大赛（江苏A卷）,模考,行测,2026-08-08 23:53:16
12888204,https://www.fenbi.com/spa/tiku/#/xingce/report/3606567510,数量关系,,单选题,2025-10-31 09:42:57,B,0,错误,模考,,公务员,4,2025下半年省考第三十二季行测模考大赛（江苏A卷）,模考,行测,2026-08-08 23:53:16
12888205,https://www.fenbi.com/spa/tiku/#/xingce/report/3606567510,数量关系,,单选题,2025-10-31 09:42:57,B,A,错误,模考,,公务员,7,2025下半年省考第三十二季行测模考大赛（江苏A卷）,模考,行测,2026-08-08 23:53:16
12888208,https://www.fenbi.com/spa/tiku/#/xingce/report/3606567510,数量关系,,单选题,2025-10-31 09:42:57,C,C,正确,模考,,公务员,4,2025下半年省考第三十二季行测模考大赛（江苏A卷）,模考,行测,2026-08-08 23:53:16
12888209,https://www.fenbi.com/spa/tiku/#/xingce/report/3606567510,数量关系,,单选题,2025-10-31 09:42:57,B,B,正确,模考,,公务员,6,2025下半年省考第三十二季行测模考大赛（江苏A卷）,模考,行测,2026-08-08 23:53:16
12887905,https://www.fenbi.com/spa/tiku/#/xingce/report/3606567510,数量关系,,单选题,2025-10-31 09:42:57,B,B,正确,模考,,公务员,6,2025下半年省考第三十二季行测模考大赛（江苏A卷）,模考,行测,2026-08-08 23:53:16
12887906,https://www.fenbi.com/spa/tiku/#/xingce/report/3606567510,数量关系,,单选题,2025-10-31 09:42:57,C,C,正确,模考,,公务员,7,2025下半年省考第三十二季行测模考大赛（江苏A卷）,模考,行测,2026-08-08 23:53:16
12887907,https://www.fenbi.com/spa/tiku/#/xingce/report/3606567510,数量关系,,单选题,2025-10-31 09:42:57,C,C,正确,模考,,公务员,7,2025下半年省考第三十二季行测模考大赛（江苏A卷）,模考,行测,2026-08-08 23:53:16
12887908,https://www.fenbi.com/spa/tiku/#/xingce/report/3606567510,数量关系,,单选题,2025-10-31 09:42:57,C,0,错误,模考,,公务员,7,2025下半年省考第三十二季行测模考大赛（江苏A卷）,模考,行测,2026-08-08 23:53:16
12887909,https://www.fenbi.com/spa/tiku/#/xingce/report/3606567510,数量关系,,单选题,2025-10-31 09:42:57,A,A,正确,模考,,公务员,5,2025下半年省考第三十二季行测模考大赛（江苏A卷）,模考,行测,2026-08-08 23:53:16
12887910,https://www.fenbi.com/spa/tiku/#/xingce/report/3606567510,数量关系,,单选题,2025-10-31 09:42:57,A,A,正确,模考,,公务员,6,2025下半年省考第三十二季行测模考大赛（江苏A卷）,模考,行测,2026-08-08 23:53:16
12887911,https://www.fenbi.com/spa/tiku/#/xingce/report/3606567510,数量关系,,单选题,2025-10-31 09:42:57,B,C,错误,模考,,公务员,7,2025下半年省考第三十二季行测模考大赛（江苏A卷）,模考,行测,2026-08-08 23:53:16
12887912,https://www.fenbi.com/spa/tiku/#/xingce/report/3606567510,数量关系,,单选题,2025-10-31 09:42:57,C,B,错误,模考,,公务员,6,2025下半年省考第三十二季行测模考大赛（江苏A卷）,模考,行测,2026-08-08 23:53:16
12887913,https://www.fenbi.com/spa/tiku/#/xingce/report/3606567510,数量关系,,单选题,2025-10-31 09:42:57,B,B,正确,模考,,公务员,6,2025下半年省考第三十二季行测模考大赛（江苏A卷）,模考,行测,2026-08-08 23:53:16
12887914,https://www.fenbi.com/spa/tiku/#/xingce/report/3606567510,数量关系,,单选题,2025-10-31 09:42:57,C,C,正确,模考,,公务员,7,2025下半年省考第三十二季行测模考大赛（江苏A卷）,模考,行测,2026-08-08 23:53:16
12887915,https://www.fenbi.com/spa/tiku/#/xingce/report/3606567510,数量关系,,单选题,2025-10-31 09:42:57,0,0,正确,模考,,公务员,7,2025下半年省考第三十二季行测模考大赛（江苏A卷）,模考,行测,2026-08-08 23:53:16
12887916,https://www.fenbi.com/spa/tiku/#/xingce/report/3606567510,数量关系,,单选题,2025-10-31 09:42:57,A,A,正确,模考,,公务员,6,2025下半年省考第三十二季行测模考大赛（江苏A卷）,模考,行测,2026-08-08 23:53:16
12887917,https://www.fenbi.com/spa/tiku/#/xingce/report/3606567510,数量关系,,单选题,2025-10-31 09:42:57,A,A,正确,模考,,公务员,6,2025下半年省考第三十二季行测模考大赛（江苏A卷）,模考,行测,2026-08-08 23:53:16
12887918,https://www.fenbi.com/spa/tiku/#/xingce/report/3606567510,数量关系,,单选题,2025-10-31 09:42:57,0,0,正确,模考,,公务员,7,2025下半年省考第三十二季行测模考大赛（江苏A卷）,模考,行测,2026-08-08 23:53:16
12887919,https://www.fenbi.com/spa/tiku/#/xingce/report/3606567510,数量关系,,单选题,2025-10-31 09:42:57,B,B,正确,模考,,公务员,6,2025下半年省考第三十二季行测模考大赛（江苏A卷）,模考,行测,2026-08-08 23:53:16
15785596,https://www.fenbi.com/spa/tiku/#/xingce/report/3606567510,判断推理,,单选题,2025-10-31 09:42:57,C,C,正确,模考,,公务员,5,2025下半年省考第三十二季行测模考大赛（江苏A卷）,模考,行测,2026-08-08 23:53:16
15785597,https://www.fenbi.com/spa/tiku/#/xingce/report/3606567510,判断推理,,单选题,2025-10-31 09:42:57,A,A,正确,模考,,公务员,4,2025下半年省考第三十二季行测模考大赛（江苏A卷）,模考,行测,2026-08-08 23:53:16
18785693,https://www.fenbi.com/spa/tiku/#/xingce/report/3606567510,判断推理,,单选题,2025-10-31 09:42:57,B,B,正确,模考,,公务员,6,2025下半年省考第三十二季行测模考大赛（江苏A卷）,模考,行测,2026-08-08 23:53:16
18785701,https://www.fenbi.com/spa/tiku/#/xingce/report/3606567510,判断推理,,单选题,2025-10-31 09:42:57,0,B,错误,模考,,公务员,7,2025下半年省考第三十二季行测模考大赛（江苏A卷）,模考,行测,2026-08-08 23:53:16
15785598,https://www.fenbi.com/spa/tiku/#/xingce/report/3606567510,判断推理,,单选题,2025-10-31 09:42:57,A,B,错误,模考,,公务员,4,2025下半年省考第三十二季行测模考大赛（江苏A卷）,模考,行测,2026-08-08 23:53:16
15785599,https://www.fenbi.com/spa/tiku/#/xingce/report/3606567510,判断推理,,单选题,2025-10-31 09:42:57,B,B,正确,模考,,公务员,3,2025下半年省考第三十二季行测模考大赛（江苏A卷）,模考,行测,2026-08-08 23:53:16
18785694,https://www.fenbi.com/spa/tiku/#/xingce/report/3606567510,判断推理,,单选题,2025-10-31 09:42:57,C,C,正确,模考,,公务员,3,2025下半年省考第三十二季行测模考大赛（江苏A卷）,模考,行测,2026-08-08 23:53:16
18785702,https://www.fenbi.com/spa/tiku/#/xingce/report/3606567510,判断推理,,单选题,2025-10-31 09:42:57,B,A,错误,模考,,公务员,7,2025下半年省考第三十二季行测模考大赛（江苏A卷）,模考,行测,2026-08-08 23:53:16
15785600,https://www.fenbi.com/spa/tiku/#/xingce/report/3606567510,判断推理,,单选题,2025-10-31 09:42:57,C,A,错误,模考,,公务员,7,2025下半年省考第三十二季行测模考大赛（江苏A卷）,模考,行测,2026-08-08 23:53:16
18785695,https://www.fenbi.com/spa/tiku/#/xingce/report/3606567510,判断推理,,单选题,2025-10-31 09:42:57,A,A,正确,模考,,公务员,5,2025下半年省考第三十二季行测模考大赛（江苏A卷）,模考,行测,2026-08-08 23:53:16
15785536,https://www.fenbi.com/spa/tiku/#/xingce/report/3606567510,判断推理,,单选题,2025-10-31 09:42:57,0,0,正确,模考,,公务员,6,2025下半年省考第三十二季行测模考大赛（江苏A卷）,模考,行测,2026-08-08 23:53:16
15785537,https://www.fenbi.com/spa/tiku/#/xingce/report/3606567510,判断推理,,单选题,2025-10-31 09:42:57,B,B,正确,模考,,公务员,4,2025下半年省考第三十二季行测模考大赛（江苏A卷）,模考,行测,2026-08-08 23:53:16
15785539,https://www.fenbi.com/spa/tiku/#/xingce/report/3606567510,判断推理,,单选题,2025-10-31 09:42:57,C,C,正确,模考,,公务员,5,2025下半年省考第三十二季行测模考大赛（江苏A卷）,模考,行测,2026-08-08 23:53:16
15785541,https://www.fenbi.com/spa/tiku/#/xingce/report/3606567510,判断推理,,单选题,2025-10-31 09:42:57,0,0,正确,模考,,公务员,4,2025下半年省考第三十二季行测模考大赛（江苏A卷）,模考,行测,2026-08-08 23:53:16
14016296,https://www.fenbi.com/spa/tiku/#/xingce/report/3606567510,判断推理,,单选题,2025-10-31 09:42:57,A,A,正确,模考,,公务员,3,2025下半年省考第三十二季行测模考大赛（江苏A卷）,模考,行测,2026-08-08 23:53:16
14016299,https://www.fenbi.com/spa/tiku/#/xingce/report/3606567510,判断推理,,单选题,2025-10-31 09:42:57,C,C,正确,模考,,公务员,3,2025下半年省考第三十二季行测模考大赛（江苏A卷）,模考,行测,2026-08-08 23:53:16
14016300,https://www.fenbi.com/spa/tiku/#/xingce/report/3606567510,判断推理,,单选题,2025-10-31 09:42:57,0,0,正确,模考,,公务员,3,2025下半年省考第三十二季行测模考大赛（江苏A卷）,模考,行测,2026-08-08 23:53:16
14016301,https://www.fenbi.com/spa/tiku/#/xingce/report/3606567510,判断推理,,单选题,2025-10-31 09:42:57,A,A,正确,模考,,公务员,3,2025下半年省考第三十二季行测模考大赛（江苏A卷）,模考,行测,2026-08-08 23:53:16
14016303,https://www.fenbi.com/spa/tiku/#/xingce/report/3606567510,判断推理,,单选题,2025-10-31 09:42:57,B,B,正确,模考,,公务员,3,2025下半年省考第三十二季行测模考大赛（江苏A卷）,模考,行测,2026-08-08 23:53:16
14016305,https://www.fenbi.com/spa/tiku/#/xingce/report/3606567510,判断推理,,单选题,2025-10-31 09:42:57,A,A,正确,模考,,公务员,3,2025下半年省考第三十二季行测模考大赛（江苏A卷）,模考,行测,2026-08-08 23:53:16
15785603,https://www.fenbi.com/spa/tiku/#/xingce/report/3606567510,判断推理,,单选题,2025-10-31 09:42:57,A,A,正确,模考,,公务员,3,2025下半年省考第三十二季行测模考大赛（江苏A卷）,模考,行测,2026-08-08 23:53:16
15785604,https://www.fenbi.com/spa/tiku/#/xingce/report/3606567510,判断推理,,单选题,2025-10-31 09:42:57,C,C,正确,模考,,公务员,3,2025下半年省考第三十二季行测模考大赛（江苏A卷）,模考,行测,2026-08-08 23:53:16
15785606,https://www.fenbi.com/spa/tiku/#/xingce/report/3606567510,判断推理,,单选题,2025-10-31 09:42:57,B,B,正确,模考,,公务员,3,2025下半年省考第三十二季行测模考大赛（江苏A卷）,模考,行测,2026-08-08 23:53:16
18785703,https://www.fenbi.com/spa/tiku/#/xingce/report/3606567510,判断推理,,单选题,2025-10-31 09:42:57,A,A,正确,模考,,公务员,3,2025下半年省考第三十二季行测模考大赛（江苏A卷）,模考,行测,2026-08-08 23:53:16
18785706,https://www.fenbi.com/spa/tiku/#/xingce/report/3606567510,判断推理,,单选题,2025-10-31 09:42:57,B,B,正确,模考,,公务员,4,2025下半年省考第三十二季行测模考大赛（江苏A卷）,模考,行测,2026-08-08 23:53:16
18785710,https://www.fenbi.com/spa/tiku/#/xingce/report/3606567510,判断推理,,单选题,2025-10-31 09:42:57,C,C,正确,模考,,公务员,7,2025下半年省考第三十二季行测模考大赛（江苏A卷）,模考,行测,2026-08-08 23:53:16
18785711,https://www.fenbi.com/spa/tiku/#/xingce/report/3606567510,判断推理,,单选题,2025-10-31 09:42:57,B,B,正确,模考,,公务员,7,2025下半年省考第三十二季行测模考大赛（江苏A卷）,模考,行测,2026-08-08 23:53:16
18785712,https://www.fenbi.com/spa/tiku/#/xingce/report/3606567510,判断推理,,单选题,2025-10-31 09:42:57,0,0,正确,模考,,公务员,7,2025下半年省考第三十二季行测模考大赛（江苏A卷）,模考,行测,2026-08-08 23:53:16
15785611,https://www.fenbi.com/spa/tiku/#/xingce/report/3606567510,判断推理,,单选题,2025-10-31 09:42:57,C,C,正确,模考,,公务员,6,2025下半年省考第三十二季行测模考大赛（江苏A卷）,模考,行测,2026-08-08 23:53:16
15785612,https://www.fenbi.com/spa/tiku/#/xingce/report/3606567510,判断推理,,单选题,2025-10-31 09:42:57,B,0,错误,模考,,公务员,7,2025下半年省考第三十二季行测模考大赛（江苏A卷）,模考,行测,2026-08-08 23:53:16
14016555,https://www.fenbi.com/spa/tiku/#/xingce/report/3606567510,判断推理,,单选题,2025-10-31 09:42:57,0,0,正确,模考,,公务员,3,2025下半年省考第三十二季行测模考大赛（江苏A卷）,模考,行测,2026-08-08 23:53:16
14016557,https://www.fenbi.com/spa/tiku/#/xingce/report/3606567510,判断推理,,单选题,2025-10-31 09:42:57,A,A,正确,模考,,公务员,7,2025下半年省考第三十二季行测模考大赛（江苏A卷）,模考,行测,2026-08-08 23:53:16
14016306,https://www.fenbi.com/spa/tiku/#/xingce/report/3606567510,判断推理,,单选题,2025-10-31 09:42:57,0,0,正确,模考,,公务员,6,2025下半年省考第三十二季行测模考大赛（江苏A卷）,模考,行测,2026-08-08 23:53:16
14016307,https://www.fenbi.com/spa/tiku/#/xingce/report/3606567510,判断推理,,单选题,2025-10-31 09:42:57,A,A,正确,模考,,公务员,6,2025下半年省考第三十二季行测模考大赛（江苏A卷）,模考,行测,2026-08-08 23:53:16
14016309,https://www.fenbi.com/spa/tiku/#/xingce/report/3606567510,判断推理,,单选题,2025-10-31 09:42:57,B,B,正确,模考,,公务员,3,2025下半年省考第三十二季行测模考大赛（江苏A卷）,模考,行测,2026-08-08 23:53:16
15785568,https://www.fenbi.com/spa/tiku/#/xingce/report/3606567510,判断推理,,单选题,2025-10-31 09:42:57,B,0,错误,模考,,公务员,7,2025下半年省考第三十二季行测模考大赛（江苏A卷）,模考,行测,2026-08-08 23:53:16
15785580,https://www.fenbi.com/spa/tiku/#/xingce/report/3606567510,判断推理,,单选题,2025-10-31 09:42:57,C,0,错误,模考,,公务员,5,2025下半年省考第三十二季行测模考大赛（江苏A卷）,模考,行测,2026-08-08 23:53:16
15785584,https://www.fenbi.com/spa/tiku/#/xingce/report/3606567510,判断推理,,单选题,2025-10-31 09:42:57,C,C,正确,模考,,公务员,4,2025下半年省考第三十二季行测模考大赛（江苏A卷）,模考,行测,2026-08-08 23:53:16
15785590,https://www.fenbi.com/spa/tiku/#/xingce/report/3606567510,判断推理,,单选题,2025-10-31 09:42:57,A,A,正确,模考,,公务员,3,2025下半年省考第三十二季行测模考大赛（江苏A卷）,模考,行测,2026-08-08 23:53:16
15785592,https://www.fenbi.com/spa/tiku/#/xingce/report/3606567510,判断推理,,单选题,2025-10-31 09:42:57,A,A,正确,模考,,公务员,3,2025下半年省考第三十二季行测模考大赛（江苏A卷）,模考,行测,2026-08-08 23:53:16
15785593,https://www.fenbi.com/spa/tiku/#/xingce/report/3606567510,判断推理,,单选题,2025-10-31 09:42:57,B,B,正确,模考,,公务员,3,2025下半年省考第三十二季行测模考大赛（江苏A卷）,模考,行测,2026-08-08 23:53:16
15785594,https://www.fenbi.com/spa/tiku/#/xingce/report/3606567510,判断推理,,单选题,2025-10-31 09:42:57,C,C,正确,模考,,公务员,3,2025下半年省考第三十二季行测模考大赛（江苏A卷）,模考,行测,2026-08-08 23:53:16
12887745,https://www.fenbi.com/spa/tiku/#/xingce/report/3606567510,判断推理,,单选题,2025-10-31 09:42:57,C,C,正确,模考,,公务员,4,2025下半年省考第三十二季行测模考大赛（江苏A卷）,模考,行测,2026-08-08 23:53:16
12887747,https://www.fenbi.com/spa/tiku/#/xingce/report/3606567510,判断推理,,单选题,2025-10-31 09:42:57,A,B,错误,模考,,公务员,6,2025下半年省考第三十二季行测模考大赛（江苏A卷）,模考,行测,2026-08-08 23:53:16
12887750,https://www.fenbi.com/spa/tiku/#/xingce/report/3606567510,判断推理,,单选题,2025-10-31 09:42:57,A,A,正确,模考,,公务员,3,2025下半年省考第三十二季行测模考大赛（江苏A卷）,模考,行测,2026-08-08 23:53:16
12887920,https://www.fenbi.com/spa/tiku/#/xingce/report/3606567510,资料分析,,单选题,2025-10-31 09:42:57,B,B,正确,模考,,公务员,3,2025下半年省考第三十二季行测模考大赛（江苏A卷）,模考,行测,2026-08-08 23:53:16
12887921,https://www.fenbi.com/spa/tiku/#/xingce/report/3606567510,资料分析,,单选题,2025-10-31 09:42:57,B,C,错误,模考,,公务员,4,2025下半年省考第三十二季行测模考大赛（江苏A卷）,模考,行测,2026-08-08 23:53:16
12887922,https://www.fenbi.com/spa/tiku/#/xingce/report/3606567510,资料分析,,单选题,2025-10-31 09:42:57,A,A,正确,模考,,公务员,3,2025下半年省考第三十二季行测模考大赛（江苏A卷）,模考,行测,2026-08-08 23:53:16
12887923,https://www.fenbi.com/spa/tiku/#/xingce/report/3606567510,资料分析,,单选题,2025-10-31 09:42:57,B,B,正确,模考,,公务员,4,2025下半年省考第三十二季行测模考大赛（江苏A卷）,模考,行测,2026-08-08 23:53:16
12887924,https://www.fenbi.com/spa/tiku/#/xingce/report/3606567510,资料分析,,单选题,2025-10-31 09:42:57,0,0,正确,模考,,公务员,6,2025下半年省考第三十二季行测模考大赛（江苏A卷）,模考,行测,2026-08-08 23:53:16
12887925,https://www.fenbi.com/spa/tiku/#/xingce/report/3606567510,资料分析,,单选题,2025-10-31 09:42:57,0,0,正确,模考,,公务员,4,2025下半年省考第三十二季行测模考大赛（江苏A卷）,模考,行测,2026-08-08 23:53:16
12887926,https://www.fenbi.com/spa/tiku/#/xingce/report/3606567510,资料分析,,单选题,2025-10-31 09:42:57,0,B,错误,模考,,公务员,6,2025下半年省考第三十二季行测模考大赛（江苏A卷）,模考,行测,2026-08-08 23:53:16
12887927,https://www.fenbi.com/spa/tiku/#/xingce/report/3606567510,资料分析,,单选题,2025-10-31 09:42:57,0,A,错误,模考,,公务员,4,2025下半年省考第三十二季行测模考大赛（江苏A卷）,模考,行测,2026-08-08 23:53:16
12887928,https://www.fenbi.com/spa/tiku/#/xingce/report/3606567510,资料分析,,单选题,2025-10-31 09:42:57,C,A,错误,模考,,公务员,7,2025下半年省考第三十二季行测模考大赛（江苏A卷）,模考,行测,2026-08-08 23:53:16
12887929,https://www.fenbi.com/spa/tiku/#/xingce/report/3606567510,资料分析,,单选题,2025-10-31 09:42:57,B,B,正确,模考,,公务员,4,2025下半年省考第三十二季行测模考大赛（江苏A卷）,模考,行测,2026-08-08 23:53:16
12887930,https://www.fenbi.com/spa/tiku/#/xingce/report/3606567510,资料分析,,单选题,2025-10-31 09:42:57,A,A,正确,模考,,公务员,3,2025下半年省考第三十二季行测模考大赛（江苏A卷）,模考,行测,2026-08-08 23:53:16
12887931,https://www.fenbi.com/spa/tiku/#/xingce/report/3606567510,资料分析,,单选题,2025-10-31 09:42:57,A,C,错误,模考,,公务员,4,2025下半年省考第三十二季行测模考大赛（江苏A卷）,模考,行测,2026-08-08 23:53:16
12887932,https://www.fenbi.com/spa/tiku/#/xingce/report/3606567510,资料分析,,单选题,2025-10-31 09:42:57,C,C,正确,模考,,公务员,7,2025下半年省考第三十二季行测模考大赛（江苏A卷）,模考,行测,2026-08-08 23:53:16
12887933,https://www.fenbi.com/spa/tiku/#/xingce/report/3606567510,资料分析,,单选题,2025-10-31 09:42:57,0,B,错误,模考,,公务员,5,2025下半年省考第三十二季行测模考大赛（江苏A卷）,模考,行测,2026-08-08 23:53:16
12887934,https://www.fenbi.com/spa/tiku/#/xingce/report/3606567510,资料分析,,单选题,2025-10-31 09:42:57,B,0,错误,模考,,公务员,7,2025下半年省考第三十二季行测模考大赛（江苏A卷）,模考,行测,2026-08-08 23:53:16
12888215,https://www.fenbi.com/spa/tiku/#/xingce/report/3606567510,资料分析,,单选题,2025-10-31 09:42:57,C,C,正确,模考,,公务员,5,2025下半年省考第三十二季行测模考大赛（江苏A卷）,模考,行测,2026-08-08 23:53:16
12888216,https://www.fenbi.com/spa/tiku/#/xingce/report/3606567510,资料分析,,单选题,2025-10-31 09:42:57,B,B,正确,模考,,公务员,3,2025下半年省考第三十二季行测模考大赛（江苏A卷）,模考,行测,2026-08-08 23:53:16
12888217,https://www.fenbi.com/spa/tiku/#/xingce/report/3606567510,资料分析,,单选题,2025-10-31 09:42:57,A,A,正确,模考,,公务员,3,2025下半年省考第三十二季行测模考大赛（江苏A卷）,模考,行测,2026-08-08 23:53:16
12888218,https://www.fenbi.com/spa/tiku/#/xingce/report/3606567510,资料分析,,单选题,2025-10-31 09:42:57,A,A,正确,模考,,公务员,4,2025下半年省考第三十二季行测模考大赛（江苏A卷）,模考,行测,2026-08-08 23:53:16
12888219,https://www.fenbi.com/spa/tiku/#/xingce/report/3606567510,资料分析,,单选题,2025-10-31 09:42:57,0,0,正确,模考,,公务员,4,2025下半年省考第三十二季行测模考大赛（江苏A卷）,模考,行测,2026-08-08 23:53:16
2452626,https://www.fenbi.com/spa/tiku/#/xingce/report/3604445514,常识判断,,单选题,2025-10-30 15:50:11,B,A,错误,江苏省考,2020,公务员,5,2020年江苏省公务员录用考试《行测》题（A类）（网友回忆版）,江苏省考,行测,2026-08-08 23:53:16
2452627,https://www.fenbi.com/spa/tiku/#/xingce/report/3604445514,常识判断,,单选题,2025-10-30 15:50:11,B,0,错误,江苏省考,2020,公务员,5,2020年江苏省公务员录用考试《行测》题（A类）（网友回忆版）,江苏省考,行测,2026-08-08 23:53:16
2452630,https://www.fenbi.com/spa/tiku/#/xingce/report/3604445514,常识判断,,单选题,2025-10-30 15:50:11,B,C,错误,江苏省考,2020,公务员,5,2020年江苏省公务员录用考试《行测》题（A类）（网友回忆版）,江苏省考,行测,2026-08-08 23:53:16
2452631,https://www.fenbi.com/spa/tiku/#/xingce/report/3604445514,常识判断,,单选题,2025-10-30 15:50:11,B,A,错误,江苏省考,2020,公务员,5,2020年江苏省公务员录用考试《行测》题（A类）（网友回忆版）,江苏省考,行测,2026-08-08 23:53:16
2452634,https://www.fenbi.com/spa/tiku/#/xingce/report/3604445514,常识判断,,单选题,2025-10-30 15:50:11,B,C,错误,江苏省考,2020,公务员,5,2020年江苏省公务员录用考试《行测》题（A类）（网友回忆版）,江苏省考,行测,2026-08-08 23:53:16
2452635,https://www.fenbi.com/spa/tiku/#/xingce/report/3604445514,常识判断,,单选题,2025-10-30 15:50:11,B,B,正确,江苏省考,2020,公务员,5,2020年江苏省公务员录用考试《行测》题（A类）（网友回忆版）,江苏省考,行测,2026-08-08 23:53:16
2452636,https://www.fenbi.com/spa/tiku/#/xingce/report/3604445514,常识判断,,单选题,2025-10-30 15:50:11,B,B,正确,江苏省考,2020,公务员,5,2020年江苏省公务员录用考试《行测》题（A类）（网友回忆版）,江苏省考,行测,2026-08-08 23:53:16
2452637,https://www.fenbi.com/spa/tiku/#/xingce/report/3604445514,常识判断,,单选题,2025-10-30 15:50:11,C,A,错误,江苏省考,2020,公务员,5,2020年江苏省公务员录用考试《行测》题（A类）（网友回忆版）,江苏省考,行测,2026-08-08 23:53:16
2452652,https://www.fenbi.com/spa/tiku/#/xingce/report/3604445514,常识判断,,单选题,2025-10-30 15:50:11,B,C,错误,江苏省考,2020,公务员,5,2020年江苏省公务员录用考试《行测》题（A类）（网友回忆版）,江苏省考,行测,2026-08-08 23:53:16
2452653,https://www.fenbi.com/spa/tiku/#/xingce/report/3604445514,常识判断,,单选题,2025-10-30 15:50:11,B,0,错误,江苏省考,2020,公务员,5,2020年江苏省公务员录用考试《行测》题（A类）（网友回忆版）,江苏省考,行测,2026-08-08 23:53:16
2452654,https://www.fenbi.com/spa/tiku/#/xingce/report/3604445514,常识判断,,单选题,2025-10-30 15:50:11,C,0,错误,江苏省考,2020,公务员,5,2020年江苏省公务员录用考试《行测》题（A类）（网友回忆版）,江苏省考,行测,2026-08-08 23:53:16
2452655,https://www.fenbi.com/spa/tiku/#/xingce/report/3604445514,常识判断,,单选题,2025-10-30 15:50:11,B,0,错误,江苏省考,2020,公务员,5,2020年江苏省公务员录用考试《行测》题（A类）（网友回忆版）,江苏省考,行测,2026-08-08 23:53:16
2452656,https://www.fenbi.com/spa/tiku/#/xingce/report/3604445514,常识判断,,单选题,2025-10-30 15:50:11,B,B,正确,江苏省考,2020,公务员,5,2020年江苏省公务员录用考试《行测》题（A类）（网友回忆版）,江苏省考,行测,2026-08-08 23:53:16
2452657,https://www.fenbi.com/spa/tiku/#/xingce/report/3604445514,常识判断,,单选题,2025-10-30 15:50:11,C,A,错误,江苏省考,2020,公务员,5,2020年江苏省公务员录用考试《行测》题（A类）（网友回忆版）,江苏省考,行测,2026-08-08 23:53:16
2452658,https://www.fenbi.com/spa/tiku/#/xingce/report/3604445514,常识判断,,单选题,2025-10-30 15:50:11,C,B,错误,江苏省考,2020,公务员,5,2020年江苏省公务员录用考试《行测》题（A类）（网友回忆版）,江苏省考,行测,2026-08-08 23:53:16
2452618,https://www.fenbi.com/spa/tiku/#/xingce/report/3604445514,言语理解与表达,,单选题,2025-10-30 15:50:11,0,0,正确,江苏省考,2020,公务员,5,2020年江苏省公务员录用考试《行测》题（A类）（网友回忆版）,江苏省考,行测,2026-08-08 23:53:16
2452622,https://www.fenbi.com/spa/tiku/#/xingce/report/3604445514,言语理解与表达,,单选题,2025-10-30 15:50:11,A,A,正确,江苏省考,2020,公务员,5,2020年江苏省公务员录用考试《行测》题（A类）（网友回忆版）,江苏省考,行测,2026-08-08 23:53:16
2452624,https://www.fenbi.com/spa/tiku/#/xingce/report/3604445514,言语理解与表达,,单选题,2025-10-30 15:50:11,C,C,正确,江苏省考,2020,公务员,5,2020年江苏省公务员录用考试《行测》题（A类）（网友回忆版）,江苏省考,行测,2026-08-08 23:53:16
2452629,https://www.fenbi.com/spa/tiku/#/xingce/report/3604445514,言语理解与表达,,单选题,2025-10-30 15:50:11,C,B,错误,江苏省考,2020,公务员,5,2020年江苏省公务员录用考试《行测》题（A类）（网友回忆版）,江苏省考,行测,2026-08-08 23:53:16
2452633,https://www.fenbi.com/spa/tiku/#/xingce/report/3604445514,言语理解与表达,,单选题,2025-10-30 15:50:11,C,C,正确,江苏省考,2020,公务员,3,2020年江苏省公务员录用考试《行测》题（A类）（网友回忆版）,江苏省考,行测,2026-08-08 23:53:16
2452638,https://www.fenbi.com/spa/tiku/#/xingce/report/3604445514,言语理解与表达,,单选题,2025-10-30 15:50:11,0,0,正确,江苏省考,2020,公务员,5,2020年江苏省公务员录用考试《行测》题（A类）（网友回忆版）,江苏省考,行测,2026-08-08 23:53:16
2452641,https://www.fenbi.com/spa/tiku/#/xingce/report/3604445514,言语理解与表达,,单选题,2025-10-30 15:50:11,A,A,正确,江苏省考,2020,公务员,5,2020年江苏省公务员录用考试《行测》题（A类）（网友回忆版）,江苏省考,行测,2026-08-08 23:53:16
2452643,https://www.fenbi.com/spa/tiku/#/xingce/report/3604445514,言语理解与表达,,单选题,2025-10-30 15:50:11,B,B,正确,江苏省考,2020,公务员,6,2020年江苏省公务员录用考试《行测》题（A类）（网友回忆版）,江苏省考,行测,2026-08-08 23:53:16
2452539,https://www.fenbi.com/spa/tiku/#/xingce/report/3604445514,言语理解与表达,,单选题,2025-10-30 15:50:11,B,B,正确,江苏省考,2020,公务员,3,2020年江苏省公务员录用考试《行测》题（A类）（网友回忆版）,江苏省考,行测,2026-08-08 23:53:16
2452544,https://www.fenbi.com/spa/tiku/#/xingce/report/3604445514,言语理解与表达,,单选题,2025-10-30 15:50:11,A,A,正确,江苏省考,2020,公务员,4,2020年江苏省公务员录用考试《行测》题（A类）（网友回忆版）,江苏省考,行测,2026-08-08 23:53:16
2452536,https://www.fenbi.com/spa/tiku/#/xingce/report/3604445514,言语理解与表达,,单选题,2025-10-30 15:50:11,A,A,正确,江苏省考,2020,公务员,5,2020年江苏省公务员录用考试《行测》题（A类）（网友回忆版）,江苏省考,行测,2026-08-08 23:53:16
2452540,https://www.fenbi.com/spa/tiku/#/xingce/report/3604445514,言语理解与表达,,单选题,2025-10-30 15:50:11,0,B,错误,江苏省考,2020,公务员,5,2020年江苏省公务员录用考试《行测》题（A类）（网友回忆版）,江苏省考,行测,2026-08-08 23:53:16
2452543,https://www.fenbi.com/spa/tiku/#/xingce/report/3604445514,言语理解与表达,,单选题,2025-10-30 15:50:11,C,0,错误,江苏省考,2020,公务员,5,2020年江苏省公务员录用考试《行测》题（A类）（网友回忆版）,江苏省考,行测,2026-08-08 23:53:16
2452553,https://www.fenbi.com/spa/tiku/#/xingce/report/3604445514,言语理解与表达,,单选题,2025-10-30 15:50:11,C,C,正确,江苏省考,2020,公务员,5,2020年江苏省公务员录用考试《行测》题（A类）（网友回忆版）,江苏省考,行测,2026-08-08 23:53:16
2452556,https://www.fenbi.com/spa/tiku/#/xingce/report/3604445514,言语理解与表达,,单选题,2025-10-30 15:50:11,0,0,正确,江苏省考,2020,公务员,5,2020年江苏省公务员录用考试《行测》题（A类）（网友回忆版）,江苏省考,行测,2026-08-08 23:53:16
2452591,https://www.fenbi.com/spa/tiku/#/xingce/report/3604445514,言语理解与表达,,单选题,2025-10-30 15:50:11,C,C,正确,江苏省考,2020,公务员,5,2020年江苏省公务员录用考试《行测》题（A类）（网友回忆版）,江苏省考,行测,2026-08-08 23:53:16
2452600,https://www.fenbi.com/spa/tiku/#/xingce/report/3604445514,言语理解与表达,,单选题,2025-10-30 15:50:11,B,B,正确,江苏省考,2020,公务员,5,2020年江苏省公务员录用考试《行测》题（A类）（网友回忆版）,江苏省考,行测,2026-08-08 23:53:16
2452603,https://www.fenbi.com/spa/tiku/#/xingce/report/3604445514,言语理解与表达,,单选题,2025-10-30 15:50:11,B,0,错误,江苏省考,2020,公务员,5,2020年江苏省公务员录用考试《行测》题（A类）（网友回忆版）,江苏省考,行测,2026-08-08 23:53:16
2452521,https://www.fenbi.com/spa/tiku/#/xingce/report/3604445514,言语理解与表达,,单选题,2025-10-30 15:50:11,A,A,正确,江苏省考,2020,公务员,5,2020年江苏省公务员录用考试《行测》题（A类）（网友回忆版）,江苏省考,行测,2026-08-08 23:53:16
2452523,https://www.fenbi.com/spa/tiku/#/xingce/report/3604445514,言语理解与表达,,单选题,2025-10-30 15:50:11,C,C,正确,江苏省考,2020,公务员,5,2020年江苏省公务员录用考试《行测》题（A类）（网友回忆版）,江苏省考,行测,2026-08-08 23:53:16
2452519,https://www.fenbi.com/spa/tiku/#/xingce/report/3604445514,言语理解与表达,,单选题,2025-10-30 15:50:11,C,C,正确,江苏省考,2020,公务员,4,2020年江苏省公务员录用考试《行测》题（A类）（网友回忆版）,江苏省考,行测,2026-08-08 23:53:16
2452520,https://www.fenbi.com/spa/tiku/#/xingce/report/3604445514,言语理解与表达,,单选题,2025-10-30 15:50:11,0,0,正确,江苏省考,2020,公务员,5,2020年江苏省公务员录用考试《行测》题（A类）（网友回忆版）,江苏省考,行测,2026-08-08 23:53:16
2452522,https://www.fenbi.com/spa/tiku/#/xingce/report/3604445514,言语理解与表达,,单选题,2025-10-30 15:50:11,A,0,错误,江苏省考,2020,公务员,6,2020年江苏省公务员录用考试《行测》题（A类）（网友回忆版）,江苏省考,行测,2026-08-08 23:53:16
2452526,https://www.fenbi.com/spa/tiku/#/xingce/report/3604445514,言语理解与表达,,单选题,2025-10-30 15:50:11,0,0,正确,江苏省考,2020,公务员,5,2020年江苏省公务员录用考试《行测》题（A类）（网友回忆版）,江苏省考,行测,2026-08-08 23:53:16
2452530,https://www.fenbi.com/spa/tiku/#/xingce/report/3604445514,言语理解与表达,,单选题,2025-10-30 15:50:11,C,C,正确,江苏省考,2020,公务员,5,2020年江苏省公务员录用考试《行测》题（A类）（网友回忆版）,江苏省考,行测,2026-08-08 23:53:16
2452579,https://www.fenbi.com/spa/tiku/#/xingce/report/3604445514,言语理解与表达,,单选题,2025-10-30 15:50:11,0,A,错误,江苏省考,2020,公务员,4,2020年江苏省公务员录用考试《行测》题（A类）（网友回忆版）,江苏省考,行测,2026-08-08 23:53:16
2452586,https://www.fenbi.com/spa/tiku/#/xingce/report/3604445514,言语理解与表达,,单选题,2025-10-30 15:50:11,C,C,正确,江苏省考,2020,公务员,3,2020年江苏省公务员录用考试《行测》题（A类）（网友回忆版）,江苏省考,行测,2026-08-08 23:53:16
2452593,https://www.fenbi.com/spa/tiku/#/xingce/report/3604445514,言语理解与表达,,单选题,2025-10-30 15:50:11,C,0,错误,江苏省考,2020,公务员,4,2020年江苏省公务员录用考试《行测》题（A类）（网友回忆版）,江苏省考,行测,2026-08-08 23:53:16
2452606,https://www.fenbi.com/spa/tiku/#/xingce/report/3604445514,言语理解与表达,,单选题,2025-10-30 15:50:11,B,B,正确,江苏省考,2020,公务员,3,2020年江苏省公务员录用考试《行测》题（A类）（网友回忆版）,江苏省考,行测,2026-08-08 23:53:16
2452611,https://www.fenbi.com/spa/tiku/#/xingce/report/3604445514,言语理解与表达,,单选题,2025-10-30 15:50:11,A,0,错误,江苏省考,2020,公务员,4,2020年江苏省公务员录用考试《行测》题（A类）（网友回忆版）,江苏省考,行测,2026-08-08 23:53:16
2452558,https://www.fenbi.com/spa/tiku/#/xingce/report/3604445514,数量关系,,单选题,2025-10-30 15:50:11,B,B,正确,江苏省考,2020,公务员,4,2020年江苏省公务员录用考试《行测》题（A类）（网友回忆版）,江苏省考,行测,2026-08-08 23:53:16
2452563,https://www.fenbi.com/spa/tiku/#/xingce/report/3604445514,数量关系,,单选题,2025-10-30 15:50:11,B,B,正确,江苏省考,2020,公务员,5,2020年江苏省公务员录用考试《行测》题（A类）（网友回忆版）,江苏省考,行测,2026-08-08 23:53:16
2452565,https://www.fenbi.com/spa/tiku/#/xingce/report/3604445514,数量关系,,单选题,2025-10-30 15:50:11,0,0,正确,江苏省考,2020,公务员,4,2020年江苏省公务员录用考试《行测》题（A类）（网友回忆版）,江苏省考,行测,2026-08-08 23:53:16
2452577,https://www.fenbi.com/spa/tiku/#/xingce/report/3604445514,数量关系,,单选题,2025-10-30 15:50:11,0,0,正确,江苏省考,2020,公务员,4,2020年江苏省公务员录用考试《行测》题（A类）（网友回忆版）,江苏省考,行测,2026-08-08 23:53:16
2452584,https://www.fenbi.com/spa/tiku/#/xingce/report/3604445514,数量关系,,单选题,2025-10-30 15:50:11,C,C,正确,江苏省考,2020,公务员,5,2020年江苏省公务员录用考试《行测》题（A类）（网友回忆版）,江苏省考,行测,2026-08-08 23:53:16
2452552,https://www.fenbi.com/spa/tiku/#/xingce/report/3604445514,数量关系,,单选题,2025-10-30 15:50:11,A,C,错误,江苏省考,2020,公务员,5,2020年江苏省公务员录用考试《行测》题（A类）（网友回忆版）,江苏省考,行测,2026-08-08 23:53:16
2452561,https://www.fenbi.com/spa/tiku/#/xingce/report/3604445514,数量关系,,单选题,2025-10-30 15:50:11,A,A,正确,江苏省考,2020,公务员,5,2020年江苏省公务员录用考试《行测》题（A类）（网友回忆版）,江苏省考,行测,2026-08-08 23:53:16
2452569,https://www.fenbi.com/spa/tiku/#/xingce/report/3604445514,数量关系,,单选题,2025-10-30 15:50:11,C,C,正确,江苏省考,2020,公务员,5,2020年江苏省公务员录用考试《行测》题（A类）（网友回忆版）,江苏省考,行测,2026-08-08 23:53:16
2452573,https://www.fenbi.com/spa/tiku/#/xingce/report/3604445514,数量关系,,单选题,2025-10-30 15:50:11,C,C,正确,江苏省考,2020,公务员,5,2020年江苏省公务员录用考试《行测》题（A类）（网友回忆版）,江苏省考,行测,2026-08-08 23:53:16
2452580,https://www.fenbi.com/spa/tiku/#/xingce/report/3604445514,数量关系,,单选题,2025-10-30 15:50:11,B,B,正确,江苏省考,2020,公务员,5,2020年江苏省公务员录用考试《行测》题（A类）（网友回忆版）,江苏省考,行测,2026-08-08 23:53:16
2452587,https://www.fenbi.com/spa/tiku/#/xingce/report/3604445514,数量关系,,单选题,2025-10-30 15:50:11,A,A,正确,江苏省考,2020,公务员,5,2020年江苏省公务员录用考试《行测》题（A类）（网友回忆版）,江苏省考,行测,2026-08-08 23:53:16
2452592,https://www.fenbi.com/spa/tiku/#/xingce/report/3604445514,数量关系,,单选题,2025-10-30 15:50:11,B,B,正确,江苏省考,2020,公务员,5,2020年江苏省公务员录用考试《行测》题（A类）（网友回忆版）,江苏省考,行测,2026-08-08 23:53:16
2452594,https://www.fenbi.com/spa/tiku/#/xingce/report/3604445514,数量关系,,单选题,2025-10-30 15:50:11,B,B,正确,江苏省考,2020,公务员,5,2020年江苏省公务员录用考试《行测》题（A类）（网友回忆版）,江苏省考,行测,2026-08-08 23:53:16
2452596,https://www.fenbi.com/spa/tiku/#/xingce/report/3604445514,数量关系,,单选题,2025-10-30 15:50:11,A,A,正确,江苏省考,2020,公务员,5,2020年江苏省公务员录用考试《行测》题（A类）（网友回忆版）,江苏省考,行测,2026-08-08 23:53:16
2452598,https://www.fenbi.com/spa/tiku/#/xingce/report/3604445514,数量关系,,单选题,2025-10-30 15:50:11,B,B,正确,江苏省考,2020,公务员,5,2020年江苏省公务员录用考试《行测》题（A类）（网友回忆版）,江苏省考,行测,2026-08-08 23:53:16
2452542,https://www.fenbi.com/spa/tiku/#/xingce/report/3604445514,判断推理,,单选题,2025-10-30 15:50:11,A,A,正确,江苏省考,2020,公务员,5,2020年江苏省公务员录用考试《行测》题（A类）（网友回忆版）,江苏省考,行测,2026-08-08 23:53:16
2452546,https://www.fenbi.com/spa/tiku/#/xingce/report/3604445514,判断推理,,单选题,2025-10-30 15:50:11,A,A,正确,江苏省考,2020,公务员,5,2020年江苏省公务员录用考试《行测》题（A类）（网友回忆版）,江苏省考,行测,2026-08-08 23:53:16
2452548,https://www.fenbi.com/spa/tiku/#/xingce/report/3604445514,判断推理,,单选题,2025-10-30 15:50:11,B,B,正确,江苏省考,2020,公务员,5,2020年江苏省公务员录用考试《行测》题（A类）（网友回忆版）,江苏省考,行测,2026-08-08 23:53:16
2452554,https://www.fenbi.com/spa/tiku/#/xingce/report/3604445514,判断推理,,单选题,2025-10-30 15:50:11,0,0,正确,江苏省考,2020,公务员,5,2020年江苏省公务员录用考试《行测》题（A类）（网友回忆版）,江苏省考,行测,2026-08-08 23:53:16
2452639,https://www.fenbi.com/spa/tiku/#/xingce/report/3604445514,判断推理,,单选题,2025-10-30 15:50:11,C,C,正确,江苏省考,2020,公务员,5,2020年江苏省公务员录用考试《行测》题（A类）（网友回忆版）,江苏省考,行测,2026-08-08 23:53:16
2452640,https://www.fenbi.com/spa/tiku/#/xingce/report/3604445514,判断推理,,单选题,2025-10-30 15:50:11,0,0,正确,江苏省考,2020,公务员,5,2020年江苏省公务员录用考试《行测》题（A类）（网友回忆版）,江苏省考,行测,2026-08-08 23:53:16
2452642,https://www.fenbi.com/spa/tiku/#/xingce/report/3604445514,判断推理,,单选题,2025-10-30 15:50:11,A,C,错误,江苏省考,2020,公务员,5,2020年江苏省公务员录用考试《行测》题（A类）（网友回忆版）,江苏省考,行测,2026-08-08 23:53:16
2452644,https://www.fenbi.com/spa/tiku/#/xingce/report/3604445514,判断推理,,单选题,2025-10-30 15:50:11,0,B,错误,江苏省考,2020,公务员,5,2020年江苏省公务员录用考试《行测》题（A类）（网友回忆版）,江苏省考,行测,2026-08-08 23:53:16
2452645,https://www.fenbi.com/spa/tiku/#/xingce/report/3604445514,判断推理,,单选题,2025-10-30 15:50:11,C,C,正确,江苏省考,2020,公务员,5,2020年江苏省公务员录用考试《行测》题（A类）（网友回忆版）,江苏省考,行测,2026-08-08 23:53:16
2452650,https://www.fenbi.com/spa/tiku/#/xingce/report/3604445514,判断推理,,单选题,2025-10-30 15:50:11,A,A,正确,江苏省考,2020,公务员,5,2020年江苏省公务员录用考试《行测》题（A类）（网友回忆版）,江苏省考,行测,2026-08-08 23:53:16
2452533,https://www.fenbi.com/spa/tiku/#/xingce/report/3604445514,判断推理,,单选题,2025-10-30 15:50:11,A,A,正确,江苏省考,2020,公务员,5,2020年江苏省公务员录用考试《行测》题（A类）（网友回忆版）,江苏省考,行测,2026-08-08 23:53:16
2452534,https://www.fenbi.com/spa/tiku/#/xingce/report/3604445514,判断推理,,单选题,2025-10-30 15:50:11,0,0,正确,江苏省考,2020,公务员,5,2020年江苏省公务员录用考试《行测》题（A类）（网友回忆版）,江苏省考,行测,2026-08-08 23:53:16
2452535,https://www.fenbi.com/spa/tiku/#/xingce/report/3604445514,判断推理,,单选题,2025-10-30 15:50:11,B,B,正确,江苏省考,2020,公务员,5,2020年江苏省公务员录用考试《行测》题（A类）（网友回忆版）,江苏省考,行测,2026-08-08 23:53:16
2452537,https://www.fenbi.com/spa/tiku/#/xingce/report/3604445514,判断推理,,单选题,2025-10-30 15:50:11,A,A,正确,江苏省考,2020,公务员,5,2020年江苏省公务员录用考试《行测》题（A类）（网友回忆版）,江苏省考,行测,2026-08-08 23:53:16
2452538,https://www.fenbi.com/spa/tiku/#/xingce/report/3604445514,判断推理,,单选题,2025-10-30 15:50:11,B,B,正确,江苏省考,2020,公务员,5,2020年江苏省公务员录用考试《行测》题（A类）（网友回忆版）,江苏省考,行测,2026-08-08 23:53:16
2452545,https://www.fenbi.com/spa/tiku/#/xingce/report/3604445514,判断推理,,单选题,2025-10-30 15:50:11,C,C,正确,江苏省考,2020,公务员,5,2020年江苏省公务员录用考试《行测》题（A类）（网友回忆版）,江苏省考,行测,2026-08-08 23:53:16
2452549,https://www.fenbi.com/spa/tiku/#/xingce/report/3604445514,判断推理,,单选题,2025-10-30 15:50:11,C,C,正确,江苏省考,2020,公务员,5,2020年江苏省公务员录用考试《行测》题（A类）（网友回忆版）,江苏省考,行测,2026-08-08 23:53:16
2452557,https://www.fenbi.com/spa/tiku/#/xingce/report/3604445514,判断推理,,单选题,2025-10-30 15:50:11,B,B,正确,江苏省考,2020,公务员,5,2020年江苏省公务员录用考试《行测》题（A类）（网友回忆版）,江苏省考,行测,2026-08-08 23:53:16
2452607,https://www.fenbi.com/spa/tiku/#/xingce/report/3604445514,判断推理,,单选题,2025-10-30 15:50:11,B,B,正确,江苏省考,2020,公务员,5,2020年江苏省公务员录用考试《行测》题（A类）（网友回忆版）,江苏省考,行测,2026-08-08 23:53:16
2452615,https://www.fenbi.com/spa/tiku/#/xingce/report/3604445514,判断推理,,单选题,2025-10-30 15:50:11,A,A,正确,江苏省考,2020,公务员,5,2020年江苏省公务员录用考试《行测》题（A类）（网友回忆版）,江苏省考,行测,2026-08-08 23:53:16
2452620,https://www.fenbi.com/spa/tiku/#/xingce/report/3604445514,判断推理,,单选题,2025-10-30 15:50:11,B,B,正确,江苏省考,2020,公务员,5,2020年江苏省公务员录用考试《行测》题（A类）（网友回忆版）,江苏省考,行测,2026-08-08 23:53:16
2452623,https://www.fenbi.com/spa/tiku/#/xingce/report/3604445514,判断推理,,单选题,2025-10-30 15:50:11,C,C,正确,江苏省考,2020,公务员,5,2020年江苏省公务员录用考试《行测》题（A类）（网友回忆版）,江苏省考,行测,2026-08-08 23:53:16
2452625,https://www.fenbi.com/spa/tiku/#/xingce/report/3604445514,判断推理,,单选题,2025-10-30 15:50:11,C,C,正确,江苏省考,2020,公务员,5,2020年江苏省公务员录用考试《行测》题（A类）（网友回忆版）,江苏省考,行测,2026-08-08 23:53:16
2452628,https://www.fenbi.com/spa/tiku/#/xingce/report/3604445514,判断推理,,单选题,2025-10-30 15:50:11,0,0,正确,江苏省考,2020,公务员,5,2020年江苏省公务员录用考试《行测》题（A类）（网友回忆版）,江苏省考,行测,2026-08-08 23:53:16
2452532,https://www.fenbi.com/spa/tiku/#/xingce/report/3604445514,判断推理,,单选题,2025-10-30 15:50:11,B,0,错误,江苏省考,2020,公务员,5,2020年江苏省公务员录用考试《行测》题（A类）（网友回忆版）,江苏省考,行测,2026-08-08 23:53:16
2452541,https://www.fenbi.com/spa/tiku/#/xingce/report/3604445514,判断推理,,单选题,2025-10-30 15:50:11,0,0,正确,江苏省考,2020,公务员,5,2020年江苏省公务员录用考试《行测》题（A类）（网友回忆版）,江苏省考,行测,2026-08-08 23:53:16
2452547,https://www.fenbi.com/spa/tiku/#/xingce/report/3604445514,判断推理,,单选题,2025-10-30 15:50:11,A,A,正确,江苏省考,2020,公务员,5,2020年江苏省公务员录用考试《行测》题（A类）（网友回忆版）,江苏省考,行测,2026-08-08 23:53:16
2452550,https://www.fenbi.com/spa/tiku/#/xingce/report/3604445514,判断推理,,单选题,2025-10-30 15:50:11,C,C,正确,江苏省考,2020,公务员,5,2020年江苏省公务员录用考试《行测》题（A类）（网友回忆版）,江苏省考,行测,2026-08-08 23:53:16
2452555,https://www.fenbi.com/spa/tiku/#/xingce/report/3604445514,判断推理,,单选题,2025-10-30 15:50:11,A,A,正确,江苏省考,2020,公务员,5,2020年江苏省公务员录用考试《行测》题（A类）（网友回忆版）,江苏省考,行测,2026-08-08 23:53:16
2452560,https://www.fenbi.com/spa/tiku/#/xingce/report/3604445514,判断推理,,单选题,2025-10-30 15:50:11,C,C,正确,江苏省考,2020,公务员,5,2020年江苏省公务员录用考试《行测》题（A类）（网友回忆版）,江苏省考,行测,2026-08-08 23:53:16
2452568,https://www.fenbi.com/spa/tiku/#/xingce/report/3604445514,判断推理,,单选题,2025-10-30 15:50:11,B,B,正确,江苏省考,2020,公务员,5,2020年江苏省公务员录用考试《行测》题（A类）（网友回忆版）,江苏省考,行测,2026-08-08 23:53:16
2452572,https://www.fenbi.com/spa/tiku/#/xingce/report/3604445514,判断推理,,单选题,2025-10-30 15:50:11,C,C,正确,江苏省考,2020,公务员,5,2020年江苏省公务员录用考试《行测》题（A类）（网友回忆版）,江苏省考,行测,2026-08-08 23:53:16
2452527,https://www.fenbi.com/spa/tiku/#/xingce/report/3604445514,判断推理,,单选题,2025-10-30 15:50:11,A,B,错误,江苏省考,2020,公务员,5,2020年江苏省公务员录用考试《行测》题（A类）（网友回忆版）,江苏省考,行测,2026-08-08 23:53:16
2452551,https://www.fenbi.com/spa/tiku/#/xingce/report/3604445514,判断推理,,单选题,2025-10-30 15:50:11,0,0,正确,江苏省考,2020,公务员,5,2020年江苏省公务员录用考试《行测》题（A类）（网友回忆版）,江苏省考,行测,2026-08-08 23:53:16
2452559,https://www.fenbi.com/spa/tiku/#/xingce/report/3604445514,判断推理,,单选题,2025-10-30 15:50:11,B,B,正确,江苏省考,2020,公务员,5,2020年江苏省公务员录用考试《行测》题（A类）（网友回忆版）,江苏省考,行测,2026-08-08 23:53:16
2452597,https://www.fenbi.com/spa/tiku/#/xingce/report/3604445514,判断推理,,单选题,2025-10-30 15:50:11,B,0,错误,江苏省考,2020,公务员,5,2020年江苏省公务员录用考试《行测》题（A类）（网友回忆版）,江苏省考,行测,2026-08-08 23:53:16
2452602,https://www.fenbi.com/spa/tiku/#/xingce/report/3604445514,判断推理,,单选题,2025-10-30 15:50:11,0,0,正确,江苏省考,2020,公务员,5,2020年江苏省公务员录用考试《行测》题（A类）（网友回忆版）,江苏省考,行测,2026-08-08 23:53:16
2452605,https://www.fenbi.com/spa/tiku/#/xingce/report/3604445514,判断推理,,单选题,2025-10-30 15:50:11,A,A,正确,江苏省考,2020,公务员,5,2020年江苏省公务员录用考试《行测》题（A类）（网友回忆版）,江苏省考,行测,2026-08-08 23:53:16
2452617,https://www.fenbi.com/spa/tiku/#/xingce/report/3604445514,判断推理,,单选题,2025-10-30 15:50:11,C,A,错误,江苏省考,2020,公务员,5,2020年江苏省公务员录用考试《行测》题（A类）（网友回忆版）,江苏省考,行测,2026-08-08 23:53:16
2452619,https://www.fenbi.com/spa/tiku/#/xingce/report/3604445514,判断推理,,单选题,2025-10-30 15:50:11,C,C,正确,江苏省考,2020,公务员,5,2020年江苏省公务员录用考试《行测》题（A类）（网友回忆版）,江苏省考,行测,2026-08-08 23:53:16
2452621,https://www.fenbi.com/spa/tiku/#/xingce/report/3604445514,判断推理,,单选题,2025-10-30 15:50:11,C,C,正确,江苏省考,2020,公务员,5,2020年江苏省公务员录用考试《行测》题（A类）（网友回忆版）,江苏省考,行测,2026-08-08 23:53:16
2452564,https://www.fenbi.com/spa/tiku/#/xingce/report/3604445514,判断推理,,单选题,2025-10-30 15:50:11,B,0,错误,江苏省考,2020,公务员,5,2020年江苏省公务员录用考试《行测》题（A类）（网友回忆版）,江苏省考,行测,2026-08-08 23:53:16
2452567,https://www.fenbi.com/spa/tiku/#/xingce/report/3604445514,判断推理,,单选题,2025-10-30 15:50:11,B,B,正确,江苏省考,2020,公务员,5,2020年江苏省公务员录用考试《行测》题（A类）（网友回忆版）,江苏省考,行测,2026-08-08 23:53:16
2452570,https://www.fenbi.com/spa/tiku/#/xingce/report/3604445514,判断推理,,单选题,2025-10-30 15:50:11,C,C,正确,江苏省考,2020,公务员,5,2020年江苏省公务员录用考试《行测》题（A类）（网友回忆版）,江苏省考,行测,2026-08-08 23:53:16
2452574,https://www.fenbi.com/spa/tiku/#/xingce/report/3604445514,判断推理,,单选题,2025-10-30 15:50:11,B,B,正确,江苏省考,2020,公务员,5,2020年江苏省公务员录用考试《行测》题（A类）（网友回忆版）,江苏省考,行测,2026-08-08 23:53:16
2452524,https://www.fenbi.com/spa/tiku/#/xingce/report/3604445514,判断推理,,单选题,2025-10-30 15:50:11,C,A,错误,江苏省考,2020,公务员,5,2020年江苏省公务员录用考试《行测》题（A类）（网友回忆版）,江苏省考,行测,2026-08-08 23:53:16
2452525,https://www.fenbi.com/spa/tiku/#/xingce/report/3604445514,判断推理,,单选题,2025-10-30 15:50:11,0,0,正确,江苏省考,2020,公务员,5,2020年江苏省公务员录用考试《行测》题（A类）（网友回忆版）,江苏省考,行测,2026-08-08 23:53:16
2452528,https://www.fenbi.com/spa/tiku/#/xingce/report/3604445514,判断推理,,单选题,2025-10-30 15:50:11,0,0,正确,江苏省考,2020,公务员,5,2020年江苏省公务员录用考试《行测》题（A类）（网友回忆版）,江苏省考,行测,2026-08-08 23:53:16
2452529,https://www.fenbi.com/spa/tiku/#/xingce/report/3604445514,判断推理,,单选题,2025-10-30 15:50:11,C,C,正确,江苏省考,2020,公务员,5,2020年江苏省公务员录用考试《行测》题（A类）（网友回忆版）,江苏省考,行测,2026-08-08 23:53:16
2452531,https://www.fenbi.com/spa/tiku/#/xingce/report/3604445514,判断推理,,单选题,2025-10-30 15:50:11,C,C,正确,江苏省考,2020,公务员,5,2020年江苏省公务员录用考试《行测》题（A类）（网友回忆版）,江苏省考,行测,2026-08-08 23:53:16
2452562,https://www.fenbi.com/spa/tiku/#/xingce/report/3604445514,资料分析,,单选题,2025-10-30 15:50:11,0,A,错误,江苏省考,2020,公务员,5,2020年江苏省公务员录用考试《行测》题（A类）（网友回忆版）,江苏省考,行测,2026-08-08 23:53:16
2452609,https://www.fenbi.com/spa/tiku/#/xingce/report/3604445514,资料分析,,单选题,2025-10-30 15:50:11,0,0,正确,江苏省考,2020,公务员,5,2020年江苏省公务员录用考试《行测》题（A类）（网友回忆版）,江苏省考,行测,2026-08-08 23:53:16
2452612,https://www.fenbi.com/spa/tiku/#/xingce/report/3604445514,资料分析,,单选题,2025-10-30 15:50:11,B,B,正确,江苏省考,2020,公务员,5,2020年江苏省公务员录用考试《行测》题（A类）（网友回忆版）,江苏省考,行测,2026-08-08 23:53:16
2452613,https://www.fenbi.com/spa/tiku/#/xingce/report/3604445514,资料分析,,单选题,2025-10-30 15:50:11,0,B,错误,江苏省考,2020,公务员,5,2020年江苏省公务员录用考试《行测》题（A类）（网友回忆版）,江苏省考,行测,2026-08-08 23:53:16
2452616,https://www.fenbi.com/spa/tiku/#/xingce/report/3604445514,资料分析,,单选题,2025-10-30 15:50:11,C,0,错误,江苏省考,2020,公务员,5,2020年江苏省公务员录用考试《行测》题（A类）（网友回忆版）,江苏省考,行测,2026-08-08 23:53:16
2452566,https://www.fenbi.com/spa/tiku/#/xingce/report/3604445514,资料分析,,单选题,2025-10-30 15:50:11,B,B,正确,江苏省考,2020,公务员,4,2020年江苏省公务员录用考试《行测》题（A类）（网友回忆版）,江苏省考,行测,2026-08-08 23:53:16
2452571,https://www.fenbi.com/spa/tiku/#/xingce/report/3604445514,资料分析,,单选题,2025-10-30 15:50:11,A,A,正确,江苏省考,2020,公务员,3,2020年江苏省公务员录用考试《行测》题（A类）（网友回忆版）,江苏省考,行测,2026-08-08 23:53:16
2452576,https://www.fenbi.com/spa/tiku/#/xingce/report/3604445514,资料分析,,单选题,2025-10-30 15:50:11,0,0,正确,江苏省考,2020,公务员,3,2020年江苏省公务员录用考试《行测》题（A类）（网友回忆版）,江苏省考,行测,2026-08-08 23:53:16
2452582,https://www.fenbi.com/spa/tiku/#/xingce/report/3604445514,资料分析,,单选题,2025-10-30 15:50:11,B,B,正确,江苏省考,2020,公务员,4,2020年江苏省公务员录用考试《行测》题（A类）（网友回忆版）,江苏省考,行测,2026-08-08 23:53:16
2452588,https://www.fenbi.com/spa/tiku/#/xingce/report/3604445514,资料分析,,单选题,2025-10-30 15:50:11,A,A,正确,江苏省考,2020,公务员,5,2020年江苏省公务员录用考试《行测》题（A类）（网友回忆版）,江苏省考,行测,2026-08-08 23:53:16
2452646,https://www.fenbi.com/spa/tiku/#/xingce/report/3604445514,资料分析,,单选题,2025-10-30 15:50:11,A,A,正确,江苏省考,2020,公务员,5,2020年江苏省公务员录用考试《行测》题（A类）（网友回忆版）,江苏省考,行测,2026-08-08 23:53:16
2452647,https://www.fenbi.com/spa/tiku/#/xingce/report/3604445514,资料分析,,单选题,2025-10-30 15:50:11,0,0,正确,江苏省考,2020,公务员,5,2020年江苏省公务员录用考试《行测》题（A类）（网友回忆版）,江苏省考,行测,2026-08-08 23:53:16
2452648,https://www.fenbi.com/spa/tiku/#/xingce/report/3604445514,资料分析,,单选题,2025-10-30 15:50:11,C,C,正确,江苏省考,2020,公务员,5,2020年江苏省公务员录用考试《行测》题（A类）（网友回忆版）,江苏省考,行测,2026-08-08 23:53:16
2452649,https://www.fenbi.com/spa/tiku/#/xingce/report/3604445514,资料分析,,单选题,2025-10-30 15:50:11,B,A,错误,江苏省考,2020,公务员,5,2020年江苏省公务员录用考试《行测》题（A类）（网友回忆版）,江苏省考,行测,2026-08-08 23:53:16
2452651,https://www.fenbi.com/spa/tiku/#/xingce/report/3604445514,资料分析,,单选题,2025-10-30 15:50:11,B,B,正确,江苏省考,2020,公务员,5,2020年江苏省公务员录用考试《行测》题（A类）（网友回忆版）,江苏省考,行测,2026-08-08 23:53:16
2452581,https://www.fenbi.com/spa/tiku/#/xingce/report/3604445514,资料分析,,单选题,2025-10-30 15:50:11,B,B,正确,江苏省考,2020,公务员,4,2020年江苏省公务员录用考试《行测》题（A类）（网友回忆版）,江苏省考,行测,2026-08-08 23:53:16
2452590,https://www.fenbi.com/spa/tiku/#/xingce/report/3604445514,资料分析,,单选题,2025-10-30 15:50:11,A,A,正确,江苏省考,2020,公务员,5,2020年江苏省公务员录用考试《行测》题（A类）（网友回忆版）,江苏省考,行测,2026-08-08 23:53:16
2452595,https://www.fenbi.com/spa/tiku/#/xingce/report/3604445514,资料分析,,单选题,2025-10-30 15:50:11,B,B,正确,江苏省考,2020,公务员,4,2020年江苏省公务员录用考试《行测》题（A类）（网友回忆版）,江苏省考,行测,2026-08-08 23:53:16
2452599,https://www.fenbi.com/spa/tiku/#/xingce/report/3604445514,资料分析,,单选题,2025-10-30 15:50:11,C,C,正确,江苏省考,2020,公务员,4,2020年江苏省公务员录用考试《行测》题（A类）（网友回忆版）,江苏省考,行测,2026-08-08 23:53:16
2452601,https://www.fenbi.com/spa/tiku/#/xingce/report/3604445514,资料分析,,单选题,2025-10-30 15:50:11,0,0,正确,江苏省考,2020,公务员,5,2020年江苏省公务员录用考试《行测》题（A类）（网友回忆版）,江苏省考,行测,2026-08-08 23:53:16
2741944,https://www.fenbi.com/spa/tiku/#/xingce/report/3550666709,常识判断,,单选题,2025-10-12 14:24:52,B,C,错误,江苏省考,2021,公务员,5,2021年江苏省公务员录用考试《行测》题（A类）（网友回忆版）,江苏省考,行测,2026-08-08 23:53:16
2741945,https://www.fenbi.com/spa/tiku/#/xingce/report/3550666709,常识判断,,单选题,2025-10-12 14:24:52,B,C,错误,江苏省考,2021,公务员,5,2021年江苏省公务员录用考试《行测》题（A类）（网友回忆版）,江苏省考,行测,2026-08-08 23:53:16
2741948,https://www.fenbi.com/spa/tiku/#/xingce/report/3550666709,常识判断,,单选题,2025-10-12 14:24:52,B,0,错误,江苏省考,2021,公务员,5,2021年江苏省公务员录用考试《行测》题（A类）（网友回忆版）,江苏省考,行测,2026-08-08 23:53:16
2741951,https://www.fenbi.com/spa/tiku/#/xingce/report/3550666709,常识判断,,单选题,2025-10-12 14:24:52,B,B,正确,江苏省考,2021,公务员,5,2021年江苏省公务员录用考试《行测》题（A类）（网友回忆版）,江苏省考,行测,2026-08-08 23:53:16
2741953,https://www.fenbi.com/spa/tiku/#/xingce/report/3550666709,常识判断,,单选题,2025-10-12 14:24:52,B,0,错误,江苏省考,2021,公务员,5,2021年江苏省公务员录用考试《行测》题（A类）（网友回忆版）,江苏省考,行测,2026-08-08 23:53:16
2741947,https://www.fenbi.com/spa/tiku/#/xingce/report/3550666709,常识判断,,单选题,2025-10-12 14:24:52,B,A,错误,江苏省考,2021,公务员,5,2021年江苏省公务员录用考试《行测》题（A类）（网友回忆版）,江苏省考,行测,2026-08-08 23:53:16
2741950,https://www.fenbi.com/spa/tiku/#/xingce/report/3550666709,常识判断,,单选题,2025-10-12 14:24:52,B,0,错误,江苏省考,2021,公务员,5,2021年江苏省公务员录用考试《行测》题（A类）（网友回忆版）,江苏省考,行测,2026-08-08 23:53:16
2741952,https://www.fenbi.com/spa/tiku/#/xingce/report/3550666709,常识判断,,单选题,2025-10-12 14:24:52,B,B,正确,江苏省考,2021,公务员,5,2021年江苏省公务员录用考试《行测》题（A类）（网友回忆版）,江苏省考,行测,2026-08-08 23:53:16
2741954,https://www.fenbi.com/spa/tiku/#/xingce/report/3550666709,常识判断,,单选题,2025-10-12 14:24:52,B,A,错误,江苏省考,2021,公务员,5,2021年江苏省公务员录用考试《行测》题（A类）（网友回忆版）,江苏省考,行测,2026-08-08 23:53:16
2741955,https://www.fenbi.com/spa/tiku/#/xingce/report/3550666709,常识判断,,单选题,2025-10-12 14:24:52,B,B,正确,江苏省考,2021,公务员,5,2021年江苏省公务员录用考试《行测》题（A类）（网友回忆版）,江苏省考,行测,2026-08-08 23:53:16
2741943,https://www.fenbi.com/spa/tiku/#/xingce/report/3550666709,常识判断,,单选题,2025-10-12 14:24:52,B,C,错误,江苏省考,2021,公务员,5,2021年江苏省公务员录用考试《行测》题（A类）（网友回忆版）,江苏省考,行测,2026-08-08 23:53:16
2741946,https://www.fenbi.com/spa/tiku/#/xingce/report/3550666709,常识判断,,单选题,2025-10-12 14:24:52,B,C,错误,江苏省考,2021,公务员,5,2021年江苏省公务员录用考试《行测》题（A类）（网友回忆版）,江苏省考,行测,2026-08-08 23:53:16
2741949,https://www.fenbi.com/spa/tiku/#/xingce/report/3550666709,常识判断,,单选题,2025-10-12 14:24:52,B,A,错误,江苏省考,2021,公务员,5,2021年江苏省公务员录用考试《行测》题（A类）（网友回忆版）,江苏省考,行测,2026-08-08 23:53:16
2741957,https://www.fenbi.com/spa/tiku/#/xingce/report/3550666709,常识判断,,单选题,2025-10-12 14:24:52,B,0,错误,江苏省考,2021,公务员,5,2021年江苏省公务员录用考试《行测》题（A类）（网友回忆版）,江苏省考,行测,2026-08-08 23:53:16
2741960,https://www.fenbi.com/spa/tiku/#/xingce/report/3550666709,常识判断,,单选题,2025-10-12 14:24:52,B,A,错误,江苏省考,2021,公务员,5,2021年江苏省公务员录用考试《行测》题（A类）（网友回忆版）,江苏省考,行测,2026-08-08 23:53:16
2742072,https://www.fenbi.com/spa/tiku/#/xingce/report/3550666709,言语理解与表达,,单选题,2025-10-12 14:24:52,C,0,错误,江苏省考,2021,公务员,5,2021年江苏省公务员录用考试《行测》题（A类）（网友回忆版）,江苏省考,行测,2026-08-08 23:53:16
2742073,https://www.fenbi.com/spa/tiku/#/xingce/report/3550666709,言语理解与表达,,单选题,2025-10-12 14:24:52,A,0,错误,江苏省考,2021,公务员,5,2021年江苏省公务员录用考试《行测》题（A类）（网友回忆版）,江苏省考,行测,2026-08-08 23:53:16
2742074,https://www.fenbi.com/spa/tiku/#/xingce/report/3550666709,言语理解与表达,,单选题,2025-10-12 14:24:52,B,B,正确,江苏省考,2021,公务员,5,2021年江苏省公务员录用考试《行测》题（A类）（网友回忆版）,江苏省考,行测,2026-08-08 23:53:16
2742075,https://www.fenbi.com/spa/tiku/#/xingce/report/3550666709,言语理解与表达,,单选题,2025-10-12 14:24:52,A,C,错误,江苏省考,2021,公务员,5,2021年江苏省公务员录用考试《行测》题（A类）（网友回忆版）,江苏省考,行测,2026-08-08 23:53:16
2742076,https://www.fenbi.com/spa/tiku/#/xingce/report/3550666709,言语理解与表达,,单选题,2025-10-12 14:24:52,A,A,正确,江苏省考,2021,公务员,5,2021年江苏省公务员录用考试《行测》题（A类）（网友回忆版）,江苏省考,行测,2026-08-08 23:53:16
2742077,https://www.fenbi.com/spa/tiku/#/xingce/report/3550666709,言语理解与表达,,单选题,2025-10-12 14:24:52,B,0,错误,江苏省考,2021,公务员,5,2021年江苏省公务员录用考试《行测》题（A类）（网友回忆版）,江苏省考,行测,2026-08-08 23:53:16
2742078,https://www.fenbi.com/spa/tiku/#/xingce/report/3550666709,言语理解与表达,,单选题,2025-10-12 14:24:52,0,0,正确,江苏省考,2021,公务员,6,2021年江苏省公务员录用考试《行测》题（A类）（网友回忆版）,江苏省考,行测,2026-08-08 23:53:16
2742079,https://www.fenbi.com/spa/tiku/#/xingce/report/3550666709,言语理解与表达,,单选题,2025-10-12 14:24:52,A,A,正确,江苏省考,2021,公务员,5,2021年江苏省公务员录用考试《行测》题（A类）（网友回忆版）,江苏省考,行测,2026-08-08 23:53:16
2742080,https://www.fenbi.com/spa/tiku/#/xingce/report/3550666709,言语理解与表达,,单选题,2025-10-12 14:24:52,B,B,正确,江苏省考,2021,公务员,6,2021年江苏省公务员录用考试《行测》题（A类）（网友回忆版）,江苏省考,行测,2026-08-08 23:53:16
2742081,https://www.fenbi.com/spa/tiku/#/xingce/report/3550666709,言语理解与表达,,单选题,2025-10-12 14:24:52,A,C,错误,江苏省考,2021,公务员,4,2021年江苏省公务员录用考试《行测》题（A类）（网友回忆版）,江苏省考,行测,2026-08-08 23:53:16
2742082,https://www.fenbi.com/spa/tiku/#/xingce/report/3550666709,言语理解与表达,,单选题,2025-10-12 14:24:52,C,C,正确,江苏省考,2021,公务员,4,2021年江苏省公务员录用考试《行测》题（A类）（网友回忆版）,江苏省考,行测,2026-08-08 23:53:16
2742032,https://www.fenbi.com/spa/tiku/#/xingce/report/3550666709,言语理解与表达,,单选题,2025-10-12 14:24:52,B,B,正确,江苏省考,2021,公务员,4,2021年江苏省公务员录用考试《行测》题（A类）（网友回忆版）,江苏省考,行测,2026-08-08 23:53:16
2742036,https://www.fenbi.com/spa/tiku/#/xingce/report/3550666709,言语理解与表达,,单选题,2025-10-12 14:24:52,A,B,错误,江苏省考,2021,公务员,6,2021年江苏省公务员录用考试《行测》题（A类）（网友回忆版）,江苏省考,行测,2026-08-08 23:53:16
2742041,https://www.fenbi.com/spa/tiku/#/xingce/report/3550666709,言语理解与表达,,单选题,2025-10-12 14:24:52,B,B,正确,江苏省考,2021,公务员,4,2021年江苏省公务员录用考试《行测》题（A类）（网友回忆版）,江苏省考,行测,2026-08-08 23:53:16
2742045,https://www.fenbi.com/spa/tiku/#/xingce/report/3550666709,言语理解与表达,,单选题,2025-10-12 14:24:52,B,0,错误,江苏省考,2021,公务员,5,2021年江苏省公务员录用考试《行测》题（A类）（网友回忆版）,江苏省考,行测,2026-08-08 23:53:16
2742050,https://www.fenbi.com/spa/tiku/#/xingce/report/3550666709,言语理解与表达,,单选题,2025-10-12 14:24:52,B,A,错误,江苏省考,2021,公务员,5,2021年江苏省公务员录用考试《行测》题（A类）（网友回忆版）,江苏省考,行测,2026-08-08 23:53:16
2742052,https://www.fenbi.com/spa/tiku/#/xingce/report/3550666709,言语理解与表达,,单选题,2025-10-12 14:24:52,B,B,正确,江苏省考,2021,公务员,5,2021年江苏省公务员录用考试《行测》题（A类）（网友回忆版）,江苏省考,行测,2026-08-08 23:53:16
2742023,https://www.fenbi.com/spa/tiku/#/xingce/report/3550666709,言语理解与表达,,单选题,2025-10-12 14:24:52,B,C,错误,江苏省考,2021,公务员,5,2021年江苏省公务员录用考试《行测》题（A类）（网友回忆版）,江苏省考,行测,2026-08-08 23:53:16
2742030,https://www.fenbi.com/spa/tiku/#/xingce/report/3550666709,言语理解与表达,,单选题,2025-10-12 14:24:52,B,B,正确,江苏省考,2021,公务员,5,2021年江苏省公务员录用考试《行测》题（A类）（网友回忆版）,江苏省考,行测,2026-08-08 23:53:16
2742034,https://www.fenbi.com/spa/tiku/#/xingce/report/3550666709,言语理解与表达,,单选题,2025-10-12 14:24:52,B,C,错误,江苏省考,2021,公务员,4,2021年江苏省公务员录用考试《行测》题（A类）（网友回忆版）,江苏省考,行测,2026-08-08 23:53:16
2742039,https://www.fenbi.com/spa/tiku/#/xingce/report/3550666709,言语理解与表达,,单选题,2025-10-12 14:24:52,B,A,错误,江苏省考,2021,公务员,5,2021年江苏省公务员录用考试《行测》题（A类）（网友回忆版）,江苏省考,行测,2026-08-08 23:53:16
2742044,https://www.fenbi.com/spa/tiku/#/xingce/report/3550666709,言语理解与表达,,单选题,2025-10-12 14:24:52,B,0,错误,江苏省考,2021,公务员,4,2021年江苏省公务员录用考试《行测》题（A类）（网友回忆版）,江苏省考,行测,2026-08-08 23:53:16
2742048,https://www.fenbi.com/spa/tiku/#/xingce/report/3550666709,言语理解与表达,,单选题,2025-10-12 14:24:52,B,B,正确,江苏省考,2021,公务员,5,2021年江苏省公务员录用考试《行测》题（A类）（网友回忆版）,江苏省考,行测,2026-08-08 23:53:16
2742029,https://www.fenbi.com/spa/tiku/#/xingce/report/3550666709,言语理解与表达,,单选题,2025-10-12 14:24:52,B,C,错误,江苏省考,2021,公务员,5,2021年江苏省公务员录用考试《行测》题（A类）（网友回忆版）,江苏省考,行测,2026-08-08 23:53:16
2742038,https://www.fenbi.com/spa/tiku/#/xingce/report/3550666709,言语理解与表达,,单选题,2025-10-12 14:24:52,B,0,错误,江苏省考,2021,公务员,4,2021年江苏省公务员录用考试《行测》题（A类）（网友回忆版）,江苏省考,行测,2026-08-08 23:53:16
2742043,https://www.fenbi.com/spa/tiku/#/xingce/report/3550666709,言语理解与表达,,单选题,2025-10-12 14:24:52,B,C,错误,江苏省考,2021,公务员,4,2021年江苏省公务员录用考试《行测》题（A类）（网友回忆版）,江苏省考,行测,2026-08-08 23:53:16
2742046,https://www.fenbi.com/spa/tiku/#/xingce/report/3550666709,言语理解与表达,,单选题,2025-10-12 14:24:52,B,A,错误,江苏省考,2021,公务员,5,2021年江苏省公务员录用考试《行测》题（A类）（网友回忆版）,江苏省考,行测,2026-08-08 23:53:16
2742049,https://www.fenbi.com/spa/tiku/#/xingce/report/3550666709,言语理解与表达,,单选题,2025-10-12 14:24:52,B,0,错误,江苏省考,2021,公务员,4,2021年江苏省公务员录用考试《行测》题（A类）（网友回忆版）,江苏省考,行测,2026-08-08 23:53:16
2742053,https://www.fenbi.com/spa/tiku/#/xingce/report/3550666709,言语理解与表达,,单选题,2025-10-12 14:24:52,B,B,正确,江苏省考,2021,公务员,6,2021年江苏省公务员录用考试《行测》题（A类）（网友回忆版）,江苏省考,行测,2026-08-08 23:53:16
2741990,https://www.fenbi.com/spa/tiku/#/xingce/report/3550666709,数量关系,,单选题,2025-10-12 14:24:52,B,0,错误,江苏省考,2021,公务员,5,2021年江苏省公务员录用考试《行测》题（A类）（网友回忆版）,江苏省考,行测,2026-08-08 23:53:16
2741998,https://www.fenbi.com/spa/tiku/#/xingce/report/3550666709,数量关系,,单选题,2025-10-12 14:24:52,B,A,错误,江苏省考,2021,公务员,3,2021年江苏省公务员录用考试《行测》题（A类）（网友回忆版）,江苏省考,行测,2026-08-08 23:53:16
2742004,https://www.fenbi.com/spa/tiku/#/xingce/report/3550666709,数量关系,,单选题,2025-10-12 14:24:52,B,0,错误,江苏省考,2021,公务员,4,2021年江苏省公务员录用考试《行测》题（A类）（网友回忆版）,江苏省考,行测,2026-08-08 23:53:16
2742011,https://www.fenbi.com/spa/tiku/#/xingce/report/3550666709,数量关系,,单选题,2025-10-12 14:24:52,B,C,错误,江苏省考,2021,公务员,3,2021年江苏省公务员录用考试《行测》题（A类）（网友回忆版）,江苏省考,行测,2026-08-08 23:53:16
2742017,https://www.fenbi.com/spa/tiku/#/xingce/report/3550666709,数量关系,,单选题,2025-10-12 14:24:52,B,B,正确,江苏省考,2021,公务员,4,2021年江苏省公务员录用考试《行测》题（A类）（网友回忆版）,江苏省考,行测,2026-08-08 23:53:16
2742003,https://www.fenbi.com/spa/tiku/#/xingce/report/3550666709,数量关系,,单选题,2025-10-12 14:24:52,B,C,错误,江苏省考,2021,公务员,5,2021年江苏省公务员录用考试《行测》题（A类）（网友回忆版）,江苏省考,行测,2026-08-08 23:53:16
2742006,https://www.fenbi.com/spa/tiku/#/xingce/report/3550666709,数量关系,,单选题,2025-10-12 14:24:52,B,B,正确,江苏省考,2021,公务员,4,2021年江苏省公务员录用考试《行测》题（A类）（网友回忆版）,江苏省考,行测,2026-08-08 23:53:16
2742016,https://www.fenbi.com/spa/tiku/#/xingce/report/3550666709,数量关系,,单选题,2025-10-12 14:24:52,B,A,错误,江苏省考,2021,公务员,5,2021年江苏省公务员录用考试《行测》题（A类）（网友回忆版）,江苏省考,行测,2026-08-08 23:53:16
2742021,https://www.fenbi.com/spa/tiku/#/xingce/report/3550666709,数量关系,,单选题,2025-10-12 14:24:52,B,C,错误,江苏省考,2021,公务员,4,2021年江苏省公务员录用考试《行测》题（A类）（网友回忆版）,江苏省考,行测,2026-08-08 23:53:16
2742025,https://www.fenbi.com/spa/tiku/#/xingce/report/3550666709,数量关系,,单选题,2025-10-12 14:24:52,B,B,正确,江苏省考,2021,公务员,5,2021年江苏省公务员录用考试《行测》题（A类）（网友回忆版）,江苏省考,行测,2026-08-08 23:53:16
2741964,https://www.fenbi.com/spa/tiku/#/xingce/report/3550666709,数量关系,,单选题,2025-10-12 14:24:52,B,0,错误,江苏省考,2021,公务员,4,2021年江苏省公务员录用考试《行测》题（A类）（网友回忆版）,江苏省考,行测,2026-08-08 23:53:16
2741966,https://www.fenbi.com/spa/tiku/#/xingce/report/3550666709,数量关系,,单选题,2025-10-12 14:24:52,B,A,错误,江苏省考,2021,公务员,4,2021年江苏省公务员录用考试《行测》题（A类）（网友回忆版）,江苏省考,行测,2026-08-08 23:53:16
2741970,https://www.fenbi.com/spa/tiku/#/xingce/report/3550666709,数量关系,,单选题,2025-10-12 14:24:52,B,C,错误,江苏省考,2021,公务员,4,2021年江苏省公务员录用考试《行测》题（A类）（网友回忆版）,江苏省考,行测,2026-08-08 23:53:16
2741972,https://www.fenbi.com/spa/tiku/#/xingce/report/3550666709,数量关系,,单选题,2025-10-12 14:24:52,B,A,错误,江苏省考,2021,公务员,5,2021年江苏省公务员录用考试《行测》题（A类）（网友回忆版）,江苏省考,行测,2026-08-08 23:53:16
2741989,https://www.fenbi.com/spa/tiku/#/xingce/report/3550666709,数量关系,,单选题,2025-10-12 14:24:52,B,B,正确,江苏省考,2021,公务员,4,2021年江苏省公务员录用考试《行测》题（A类）（网友回忆版）,江苏省考,行测,2026-08-08 23:53:16
2741967,https://www.fenbi.com/spa/tiku/#/xingce/report/3550666709,判断推理,,单选题,2025-10-12 14:24:52,B,0,错误,江苏省考,2021,公务员,5,2021年江苏省公务员录用考试《行测》题（A类）（网友回忆版）,江苏省考,行测,2026-08-08 23:53:16
2741968,https://www.fenbi.com/spa/tiku/#/xingce/report/3550666709,判断推理,,单选题,2025-10-12 14:24:52,B,C,错误,江苏省考,2021,公务员,5,2021年江苏省公务员录用考试《行测》题（A类）（网友回忆版）,江苏省考,行测,2026-08-08 23:53:16
2741971,https://www.fenbi.com/spa/tiku/#/xingce/report/3550666709,判断推理,,单选题,2025-10-12 14:24:52,B,A,错误,江苏省考,2021,公务员,5,2021年江苏省公务员录用考试《行测》题（A类）（网友回忆版）,江苏省考,行测,2026-08-08 23:53:16
2741975,https://www.fenbi.com/spa/tiku/#/xingce/report/3550666709,判断推理,,单选题,2025-10-12 14:24:52,B,0,错误,江苏省考,2021,公务员,5,2021年江苏省公务员录用考试《行测》题（A类）（网友回忆版）,江苏省考,行测,2026-08-08 23:53:16
2741977,https://www.fenbi.com/spa/tiku/#/xingce/report/3550666709,判断推理,,单选题,2025-10-12 14:24:52,B,C,错误,江苏省考,2021,公务员,5,2021年江苏省公务员录用考试《行测》题（A类）（网友回忆版）,江苏省考,行测,2026-08-08 23:53:16
2741980,https://www.fenbi.com/spa/tiku/#/xingce/report/3550666709,判断推理,,单选题,2025-10-12 14:24:52,B,C,错误,江苏省考,2021,公务员,5,2021年江苏省公务员录用考试《行测》题（A类）（网友回忆版）,江苏省考,行测,2026-08-08 23:53:16
2741987,https://www.fenbi.com/spa/tiku/#/xingce/report/3550666709,判断推理,,单选题,2025-10-12 14:24:52,B,A,错误,江苏省考,2021,公务员,5,2021年江苏省公务员录用考试《行测》题（A类）（网友回忆版）,江苏省考,行测,2026-08-08 23:53:16
2741979,https://www.fenbi.com/spa/tiku/#/xingce/report/3550666709,判断推理,,单选题,2025-10-12 14:24:52,B,B,正确,江苏省考,2021,公务员,5,2021年江苏省公务员录用考试《行测》题（A类）（网友回忆版）,江苏省考,行测,2026-08-08 23:53:16
2741985,https://www.fenbi.com/spa/tiku/#/xingce/report/3550666709,判断推理,,单选题,2025-10-12 14:24:52,B,B,正确,江苏省考,2021,公务员,5,2021年江苏省公务员录用考试《行测》题（A类）（网友回忆版）,江苏省考,行测,2026-08-08 23:53:16
2741993,https://www.fenbi.com/spa/tiku/#/xingce/report/3550666709,判断推理,,单选题,2025-10-12 14:24:52,B,C,错误,江苏省考,2021,公务员,5,2021年江苏省公务员录用考试《行测》题（A类）（网友回忆版）,江苏省考,行测,2026-08-08 23:53:16
2742008,https://www.fenbi.com/spa/tiku/#/xingce/report/3550666709,判断推理,,单选题,2025-10-12 14:24:52,0,0,正确,江苏省考,2021,公务员,5,2021年江苏省公务员录用考试《行测》题（A类）（网友回忆版）,江苏省考,行测,2026-08-08 23:53:16
2742014,https://www.fenbi.com/spa/tiku/#/xingce/report/3550666709,判断推理,,单选题,2025-10-12 14:24:52,B,0,错误,江苏省考,2021,公务员,5,2021年江苏省公务员录用考试《行测》题（A类）（网友回忆版）,江苏省考,行测,2026-08-08 23:53:16
2742022,https://www.fenbi.com/spa/tiku/#/xingce/report/3550666709,判断推理,,单选题,2025-10-12 14:24:52,A,A,正确,江苏省考,2021,公务员,5,2021年江苏省公务员录用考试《行测》题（A类）（网友回忆版）,江苏省考,行测,2026-08-08 23:53:16
2742027,https://www.fenbi.com/spa/tiku/#/xingce/report/3550666709,判断推理,,单选题,2025-10-12 14:24:52,A,A,正确,江苏省考,2021,公务员,5,2021年江苏省公务员录用考试《行测》题（A类）（网友回忆版）,江苏省考,行测,2026-08-08 23:53:16
2742057,https://www.fenbi.com/spa/tiku/#/xingce/report/3550666709,判断推理,,单选题,2025-10-12 14:24:52,B,B,正确,江苏省考,2021,公务员,5,2021年江苏省公务员录用考试《行测》题（A类）（网友回忆版）,江苏省考,行测,2026-08-08 23:53:16
2742058,https://www.fenbi.com/spa/tiku/#/xingce/report/3550666709,判断推理,,单选题,2025-10-12 14:24:52,A,A,正确,江苏省考,2021,公务员,5,2021年江苏省公务员录用考试《行测》题（A类）（网友回忆版）,江苏省考,行测,2026-08-08 23:53:16
2742059,https://www.fenbi.com/spa/tiku/#/xingce/report/3550666709,判断推理,,单选题,2025-10-12 14:24:52,C,C,正确,江苏省考,2021,公务员,5,2021年江苏省公务员录用考试《行测》题（A类）（网友回忆版）,江苏省考,行测,2026-08-08 23:53:16
2742060,https://www.fenbi.com/spa/tiku/#/xingce/report/3550666709,判断推理,,单选题,2025-10-12 14:24:52,0,0,正确,江苏省考,2021,公务员,5,2021年江苏省公务员录用考试《行测》题（A类）（网友回忆版）,江苏省考,行测,2026-08-08 23:53:16
2742061,https://www.fenbi.com/spa/tiku/#/xingce/report/3550666709,判断推理,,单选题,2025-10-12 14:24:52,B,B,正确,江苏省考,2021,公务员,5,2021年江苏省公务员录用考试《行测》题（A类）（网友回忆版）,江苏省考,行测,2026-08-08 23:53:16
2742062,https://www.fenbi.com/spa/tiku/#/xingce/report/3550666709,判断推理,,单选题,2025-10-12 14:24:52,0,0,正确,江苏省考,2021,公务员,5,2021年江苏省公务员录用考试《行测》题（A类）（网友回忆版）,江苏省考,行测,2026-08-08 23:53:16
2742063,https://www.fenbi.com/spa/tiku/#/xingce/report/3550666709,判断推理,,单选题,2025-10-12 14:24:52,C,C,正确,江苏省考,2021,公务员,5,2021年江苏省公务员录用考试《行测》题（A类）（网友回忆版）,江苏省考,行测,2026-08-08 23:53:16
2742064,https://www.fenbi.com/spa/tiku/#/xingce/report/3550666709,判断推理,,单选题,2025-10-12 14:24:52,A,A,正确,江苏省考,2021,公务员,5,2021年江苏省公务员录用考试《行测》题（A类）（网友回忆版）,江苏省考,行测,2026-08-08 23:53:16
2742065,https://www.fenbi.com/spa/tiku/#/xingce/report/3550666709,判断推理,,单选题,2025-10-12 14:24:52,A,A,正确,江苏省考,2021,公务员,5,2021年江苏省公务员录用考试《行测》题（A类）（网友回忆版）,江苏省考,行测,2026-08-08 23:53:16
2742066,https://www.fenbi.com/spa/tiku/#/xingce/report/3550666709,判断推理,,单选题,2025-10-12 14:24:52,B,C,错误,江苏省考,2021,公务员,5,2021年江苏省公务员录用考试《行测》题（A类）（网友回忆版）,江苏省考,行测,2026-08-08 23:53:16
2742067,https://www.fenbi.com/spa/tiku/#/xingce/report/3550666709,判断推理,,单选题,2025-10-12 14:24:52,0,B,错误,江苏省考,2021,公务员,5,2021年江苏省公务员录用考试《行测》题（A类）（网友回忆版）,江苏省考,行测,2026-08-08 23:53:16
2742068,https://www.fenbi.com/spa/tiku/#/xingce/report/3550666709,判断推理,,单选题,2025-10-12 14:24:52,B,B,正确,江苏省考,2021,公务员,5,2021年江苏省公务员录用考试《行测》题（A类）（网友回忆版）,江苏省考,行测,2026-08-08 23:53:16
2742069,https://www.fenbi.com/spa/tiku/#/xingce/report/3550666709,判断推理,,单选题,2025-10-12 14:24:52,B,A,错误,江苏省考,2021,公务员,5,2021年江苏省公务员录用考试《行测》题（A类）（网友回忆版）,江苏省考,行测,2026-08-08 23:53:16
2742070,https://www.fenbi.com/spa/tiku/#/xingce/report/3550666709,判断推理,,单选题,2025-10-12 14:24:52,B,0,错误,江苏省考,2021,公务员,5,2021年江苏省公务员录用考试《行测》题（A类）（网友回忆版）,江苏省考,行测,2026-08-08 23:53:16
2741973,https://www.fenbi.com/spa/tiku/#/xingce/report/3550666709,判断推理,,单选题,2025-10-12 14:24:52,B,C,错误,江苏省考,2021,公务员,5,2021年江苏省公务员录用考试《行测》题（A类）（网友回忆版）,江苏省考,行测,2026-08-08 23:53:16
2741976,https://www.fenbi.com/spa/tiku/#/xingce/report/3550666709,判断推理,,单选题,2025-10-12 14:24:52,B,C,错误,江苏省考,2021,公务员,5,2021年江苏省公务员录用考试《行测》题（A类）（网友回忆版）,江苏省考,行测,2026-08-08 23:53:16
2741978,https://www.fenbi.com/spa/tiku/#/xingce/report/3550666709,判断推理,,单选题,2025-10-12 14:24:52,B,B,正确,江苏省考,2021,公务员,5,2021年江苏省公务员录用考试《行测》题（A类）（网友回忆版）,江苏省考,行测,2026-08-08 23:53:16
2741981,https://www.fenbi.com/spa/tiku/#/xingce/report/3550666709,判断推理,,单选题,2025-10-12 14:24:52,B,C,错误,江苏省考,2021,公务员,5,2021年江苏省公务员录用考试《行测》题（A类）（网友回忆版）,江苏省考,行测,2026-08-08 23:53:16
2741984,https://www.fenbi.com/spa/tiku/#/xingce/report/3550666709,判断推理,,单选题,2025-10-12 14:24:52,A,C,错误,江苏省考,2021,公务员,5,2021年江苏省公务员录用考试《行测》题（A类）（网友回忆版）,江苏省考,行测,2026-08-08 23:53:16
2741994,https://www.fenbi.com/spa/tiku/#/xingce/report/3550666709,判断推理,,单选题,2025-10-12 14:24:52,B,0,错误,江苏省考,2021,公务员,5,2021年江苏省公务员录用考试《行测》题（A类）（网友回忆版）,江苏省考,行测,2026-08-08 23:53:16
2741999,https://www.fenbi.com/spa/tiku/#/xingce/report/3550666709,判断推理,,单选题,2025-10-12 14:24:52,B,A,错误,江苏省考,2021,公务员,5,2021年江苏省公务员录用考试《行测》题（A类）（网友回忆版）,江苏省考,行测,2026-08-08 23:53:16
2741983,https://www.fenbi.com/spa/tiku/#/xingce/report/3550666709,判断推理,,单选题,2025-10-12 14:24:52,B,C,错误,江苏省考,2021,公务员,5,2021年江苏省公务员录用考试《行测》题（A类）（网友回忆版）,江苏省考,行测,2026-08-08 23:53:16
2741988,https://www.fenbi.com/spa/tiku/#/xingce/report/3550666709,判断推理,,单选题,2025-10-12 14:24:52,B,A,错误,江苏省考,2021,公务员,5,2021年江苏省公务员录用考试《行测》题（A类）（网友回忆版）,江苏省考,行测,2026-08-08 23:53:16
2741992,https://www.fenbi.com/spa/tiku/#/xingce/report/3550666709,判断推理,,单选题,2025-10-12 14:24:52,B,C,错误,江苏省考,2021,公务员,5,2021年江苏省公务员录用考试《行测》题（A类）（网友回忆版）,江苏省考,行测,2026-08-08 23:53:16
2741995,https://www.fenbi.com/spa/tiku/#/xingce/report/3550666709,判断推理,,单选题,2025-10-12 14:24:52,B,A,错误,江苏省考,2021,公务员,5,2021年江苏省公务员录用考试《行测》题（A类）（网友回忆版）,江苏省考,行测,2026-08-08 23:53:16
2742001,https://www.fenbi.com/spa/tiku/#/xingce/report/3550666709,判断推理,,单选题,2025-10-12 14:24:52,B,0,错误,江苏省考,2021,公务员,5,2021年江苏省公务员录用考试《行测》题（A类）（网友回忆版）,江苏省考,行测,2026-08-08 23:53:16
2742020,https://www.fenbi.com/spa/tiku/#/xingce/report/3550666709,判断推理,,单选题,2025-10-12 14:24:52,B,B,正确,江苏省考,2021,公务员,5,2021年江苏省公务员录用考试《行测》题（A类）（网友回忆版）,江苏省考,行测,2026-08-08 23:53:16
2742024,https://www.fenbi.com/spa/tiku/#/xingce/report/3550666709,判断推理,,单选题,2025-10-12 14:24:52,B,B,正确,江苏省考,2021,公务员,5,2021年江苏省公务员录用考试《行测》题（A类）（网友回忆版）,江苏省考,行测,2026-08-08 23:53:16
2741982,https://www.fenbi.com/spa/tiku/#/xingce/report/3550666709,判断推理,,单选题,2025-10-12 14:24:52,B,0,错误,江苏省考,2021,公务员,5,2021年江苏省公务员录用考试《行测》题（A类）（网友回忆版）,江苏省考,行测,2026-08-08 23:53:16
2741986,https://www.fenbi.com/spa/tiku/#/xingce/report/3550666709,判断推理,,单选题,2025-10-12 14:24:52,B,C,错误,江苏省考,2021,公务员,5,2021年江苏省公务员录用考试《行测》题（A类）（网友回忆版）,江苏省考,行测,2026-08-08 23:53:16
2741991,https://www.fenbi.com/spa/tiku/#/xingce/report/3550666709,判断推理,,单选题,2025-10-12 14:24:52,B,0,错误,江苏省考,2021,公务员,5,2021年江苏省公务员录用考试《行测》题（A类）（网友回忆版）,江苏省考,行测,2026-08-08 23:53:16
2741996,https://www.fenbi.com/spa/tiku/#/xingce/report/3550666709,判断推理,,单选题,2025-10-12 14:24:52,B,C,错误,江苏省考,2021,公务员,5,2021年江苏省公务员录用考试《行测》题（A类）（网友回忆版）,江苏省考,行测,2026-08-08 23:53:16
2742002,https://www.fenbi.com/spa/tiku/#/xingce/report/3550666709,判断推理,,单选题,2025-10-12 14:24:52,B,A,错误,江苏省考,2021,公务员,5,2021年江苏省公务员录用考试《行测》题（A类）（网友回忆版）,江苏省考,行测,2026-08-08 23:53:16
2742005,https://www.fenbi.com/spa/tiku/#/xingce/report/3550666709,判断推理,,单选题,2025-10-12 14:24:52,B,B,正确,江苏省考,2021,公务员,5,2021年江苏省公务员录用考试《行测》题（A类）（网友回忆版）,江苏省考,行测,2026-08-08 23:53:16
2742009,https://www.fenbi.com/spa/tiku/#/xingce/report/3550666709,判断推理,,单选题,2025-10-12 14:24:52,B,A,错误,江苏省考,2021,公务员,5,2021年江苏省公务员录用考试《行测》题（A类）（网友回忆版）,江苏省考,行测,2026-08-08 23:53:16
2742013,https://www.fenbi.com/spa/tiku/#/xingce/report/3550666709,判断推理,,单选题,2025-10-12 14:24:52,B,A,错误,江苏省考,2021,公务员,5,2021年江苏省公务员录用考试《行测》题（A类）（网友回忆版）,江苏省考,行测,2026-08-08 23:53:16
2742010,https://www.fenbi.com/spa/tiku/#/xingce/report/3550666709,资料分析,,单选题,2025-10-12 14:24:52,A,A,正确,江苏省考,2021,公务员,3,2021年江苏省公务员录用考试《行测》题（A类）（网友回忆版）,江苏省考,行测,2026-08-08 23:53:16
2742015,https://www.fenbi.com/spa/tiku/#/xingce/report/3550666709,资料分析,,单选题,2025-10-12 14:24:52,C,0,错误,江苏省考,2021,公务员,3,2021年江苏省公务员录用考试《行测》题（A类）（网友回忆版）,江苏省考,行测,2026-08-08 23:53:16
2742019,https://www.fenbi.com/spa/tiku/#/xingce/report/3550666709,资料分析,,单选题,2025-10-12 14:24:52,B,B,正确,江苏省考,2021,公务员,4,2021年江苏省公务员录用考试《行测》题（A类）（网友回忆版）,江苏省考,行测,2026-08-08 23:53:16
2742026,https://www.fenbi.com/spa/tiku/#/xingce/report/3550666709,资料分析,,单选题,2025-10-12 14:24:52,C,C,正确,江苏省考,2021,公务员,5,2021年江苏省公务员录用考试《行测》题（A类）（网友回忆版）,江苏省考,行测,2026-08-08 23:53:16
2742031,https://www.fenbi.com/spa/tiku/#/xingce/report/3550666709,资料分析,,单选题,2025-10-12 14:24:52,B,B,正确,江苏省考,2021,公务员,4,2021年江苏省公务员录用考试《行测》题（A类）（网友回忆版）,江苏省考,行测,2026-08-08 23:53:16
2742047,https://www.fenbi.com/spa/tiku/#/xingce/report/3550666709,资料分析,,单选题,2025-10-12 14:24:52,B,B,正确,江苏省考,2021,公务员,3,2021年江苏省公务员录用考试《行测》题（A类）（网友回忆版）,江苏省考,行测,2026-08-08 23:53:16
2742051,https://www.fenbi.com/spa/tiku/#/xingce/report/3550666709,资料分析,,单选题,2025-10-12 14:24:52,A,A,正确,江苏省考,2021,公务员,3,2021年江苏省公务员录用考试《行测》题（A类）（网友回忆版）,江苏省考,行测,2026-08-08 23:53:16
2742054,https://www.fenbi.com/spa/tiku/#/xingce/report/3550666709,资料分析,,单选题,2025-10-12 14:24:52,C,C,正确,江苏省考,2021,公务员,5,2021年江苏省公务员录用考试《行测》题（A类）（网友回忆版）,江苏省考,行测,2026-08-08 23:53:16
2742055,https://www.fenbi.com/spa/tiku/#/xingce/report/3550666709,资料分析,,单选题,2025-10-12 14:24:52,0,0,正确,江苏省考,2021,公务员,5,2021年江苏省公务员录用考试《行测》题（A类）（网友回忆版）,江苏省考,行测,2026-08-08 23:53:16
2742056,https://www.fenbi.com/spa/tiku/#/xingce/report/3550666709,资料分析,,单选题,2025-10-12 14:24:52,C,C,正确,江苏省考,2021,公务员,5,2021年江苏省公务员录用考试《行测》题（A类）（网友回忆版）,江苏省考,行测,2026-08-08 23:53:16
2741956,https://www.fenbi.com/spa/tiku/#/xingce/report/3550666709,资料分析,,单选题,2025-10-12 14:24:52,C,C,正确,江苏省考,2021,公务员,4,2021年江苏省公务员录用考试《行测》题（A类）（网友回忆版）,江苏省考,行测,2026-08-08 23:53:16
2741959,https://www.fenbi.com/spa/tiku/#/xingce/report/3550666709,资料分析,,单选题,2025-10-12 14:24:52,B,B,正确,江苏省考,2021,公务员,3,2021年江苏省公务员录用考试《行测》题（A类）（网友回忆版）,江苏省考,行测,2026-08-08 23:53:16
2741961,https://www.fenbi.com/spa/tiku/#/xingce/report/3550666709,资料分析,,单选题,2025-10-12 14:24:52,0,A,错误,江苏省考,2021,公务员,5,2021年江苏省公务员录用考试《行测》题（A类）（网友回忆版）,江苏省考,行测,2026-08-08 23:53:16
2741963,https://www.fenbi.com/spa/tiku/#/xingce/report/3550666709,资料分析,,单选题,2025-10-12 14:24:52,0,0,正确,江苏省考,2021,公务员,5,2021年江苏省公务员录用考试《行测》题（A类）（网友回忆版）,江苏省考,行测,2026-08-08 23:53:16
2741965,https://www.fenbi.com/spa/tiku/#/xingce/report/3550666709,资料分析,,单选题,2025-10-12 14:24:52,B,B,正确,江苏省考,2021,公务员,5,2021年江苏省公务员录用考试《行测》题（A类）（网友回忆版）,江苏省考,行测,2026-08-08 23:53:16
2742018,https://www.fenbi.com/spa/tiku/#/xingce/report/3550666709,资料分析,,单选题,2025-10-12 14:24:52,C,C,正确,江苏省考,2021,公务员,3,2021年江苏省公务员录用考试《行测》题（A类）（网友回忆版）,江苏省考,行测,2026-08-08 23:53:16
2742028,https://www.fenbi.com/spa/tiku/#/xingce/report/3550666709,资料分析,,单选题,2025-10-12 14:24:52,0,0,正确,江苏省考,2021,公务员,4,2021年江苏省公务员录用考试《行测》题（A类）（网友回忆版）,江苏省考,行测,2026-08-08 23:53:16
2742033,https://www.fenbi.com/spa/tiku/#/xingce/report/3550666709,资料分析,,单选题,2025-10-12 14:24:52,A,A,正确,江苏省考,2021,公务员,5,2021年江苏省公务员录用考试《行测》题（A类）（网友回忆版）,江苏省考,行测,2026-08-08 23:53:16
2742037,https://www.fenbi.com/spa/tiku/#/xingce/report/3550666709,资料分析,,单选题,2025-10-12 14:24:52,B,B,正确,江苏省考,2021,公务员,5,2021年江苏省公务员录用考试《行测》题（A类）（网友回忆版）,江苏省考,行测,2026-08-08 23:53:16
2742042,https://www.fenbi.com/spa/tiku/#/xingce/report/3550666709,资料分析,,单选题,2025-10-12 14:24:52,0,0,正确,江苏省考,2021,公务员,5,2021年江苏省公务员录用考试《行测》题（A类）（网友回忆版）,江苏省考,行测,2026-08-08 23:53:16
2742250,https://www.fenbi.com/spa/tiku/#/shenlun/report/3721053158,作答要求,,题型21,2025-12-06 10:49:05,,None,错误,江苏省考,2021,公务员,4,2021年江苏省公考《申论》题（A、普通选调卷）,江苏省考,申论,2026-08-08 23:53:16
2742251,https://www.fenbi.com/spa/tiku/#/shenlun/report/3721053158,作答要求,,题型22,2025-12-06 10:49:05,,None,错误,江苏省考,2021,公务员,4,2021年江苏省公考《申论》题（A、普通选调卷）,江苏省考,申论,2026-08-08 23:53:16
2742252,https://www.fenbi.com/spa/tiku/#/shenlun/report/3721053158,作答要求,,题型21,2025-12-06 10:49:05,,None,错误,江苏省考,2021,公务员,4,2021年江苏省公考《申论》题（A、普通选调卷）,江苏省考,申论,2026-08-08 23:53:16
2742253,https://www.fenbi.com/spa/tiku/#/shenlun/report/3721053158,作答要求,,题型25,2025-12-06 10:49:05,,None,错误,江苏省考,2021,公务员,4,2021年江苏省公考《申论》题（A、普通选调卷）,江苏省考,申论,2026-08-08 23:53:16
5687116,https://www.fenbi.com/spa/tiku/#/shenlun/report/3720255413,作答要求,,题型21,2025-12-05 21:26:35,,None,错误,江苏省考,2023,公务员,4,2023年江苏省公考《申论》题（A、乡镇选调卷）,江苏省考,申论,2026-08-08 23:53:16
12334192,https://www.fenbi.com/spa/tiku/#/shenlun/report/3719632993,作答要求,,题型21,2025-12-05 17:03:23,,None,错误,江苏省考,2024,公务员,5,2024年江苏省公考《申论》题（A、乡镇选调卷）,江苏省考,申论,2026-08-08 23:53:16
12334201,https://www.fenbi.com/spa/tiku/#/shenlun/report/3719632993,作答要求,,题型22,2025-12-05 17:03:23,,None,错误,江苏省考,2024,公务员,6,2024年江苏省公考《申论》题（A、乡镇选调卷）,江苏省考,申论,2026-08-08 23:53:16
12334204,https://www.fenbi.com/spa/tiku/#/shenlun/report/3719632993,作答要求,,题型24,2025-12-05 17:03:23,,None,错误,江苏省考,2024,公务员,5,2024年江苏省公考《申论》题（A、乡镇选调卷）,江苏省考,申论,2026-08-08 23:53:16
12334210,https://www.fenbi.com/spa/tiku/#/shenlun/report/3719632993,作答要求,,题型25,2025-12-05 17:03:23,,None,错误,江苏省考,2024,公务员,6,2024年江苏省公考《申论》题（A、乡镇选调卷）,江苏省考,申论,2026-08-08 23:53:16
18751005,https://www.fenbi.com/spa/tiku/#/shenlun/report/3665284565,作答要求,,题型21,2025-11-18 09:30:56,,None,错误,江苏省考,2025,公务员,4,2025年江苏省公考《申论》题（A、乡镇选调卷）,江苏省考,申论,2026-08-08 23:53:16
18751012,https://www.fenbi.com/spa/tiku/#/shenlun/report/3665284565,作答要求,,题型22,2025-11-18 09:30:56,,None,错误,江苏省考,2025,公务员,5,2025年江苏省公考《申论》题（A、乡镇选调卷）,江苏省考,申论,2026-08-08 23:53:16
18751022,https://www.fenbi.com/spa/tiku/#/shenlun/report/3665284565,作答要求,,题型24,2025-11-18 09:30:56,,None,错误,江苏省考,2025,公务员,4,2025年江苏省公考《申论》题（A、乡镇选调卷）,江苏省考,申论,2026-08-08 23:53:16
18751028,https://www.fenbi.com/spa/tiku/#/shenlun/report/3665284565,作答要求,,题型25,2025-11-18 09:30:56,,None,错误,江苏省考,2025,公务员,6,2025年江苏省公考《申论》题（A、乡镇选调卷）,江苏省考,申论,2026-08-08 23:53:16
